,origin,bar_name,cocoa_%,ingredients,review,rating
0,Tanzania,"Kokoa Kamili, batch 1",76.0,"3- B,S,C","rich cocoa, fatty, bready",3.25
1,Madagascar,"Bejofo Estate, batch 1",76.0,"3- B,S,C","cocoa, blackberry, full body",3.75
2,Dominican Republic,"Zorzal, batch 1",76.0,"3- B,S,C","cocoa, vegetal, savory",3.5
3,Fiji,"Matasawalevu, batch 1",68.0,"3- B,S,C","chewy, off, rubbery",3.0
4,India,"Anamalai, batch 1",68.0,"3- B,S,C","milk brownie, macadamia,chewy",3.5
5,Venezuela,"Sur del Lago, batch 1",72.0,"3- B,S,C","fatty, earthy, moss, nutty,chalky",3.0
6,Uganda,"Semuliki Forest, batch 1",80.0,"3- B,S,C","mildly bitter, basic cocoa, fatty",3.25
7,Bolivia,Bolivia,70.0,"4- B,S,C,L","vegetal, nutty",3.5
8,Peru,Peru,63.0,"4- B,S,C,L","fruity, melon, roasty",3.75
9,Panama,Panama,70.0,"4- B,S,C,L","brief fruit note, earthy, nutty",2.75
10,Madagascar,"Madagascar, Criollo",70.0,"4- B,S,C,L","sticky, red fruit, sour",3.0
11,Brazil,Brazil,70.0,"4- B,S,C,L",mild tobacco,3.25
12,Ecuador,Equateur,70.0,"4- B,S,C,L","sandy, nutty, cocoa, fig",3.75
13,Colombia,Colombie,70.0,"4- B,S,C,L","burnt rubber,alkalyzed notes",2.75
14,Burma,Birmanie,70.0,"4- B,S,C,L","sticky, smokey, grass",3.0
15,Papua New Guinea,Papua New Guinea,70.0,"4- B,S,C,L","mild fruit, strong smoke",3.25
16,Venezuela,Chuao,70.0,"4- B,S,C,L","oily, nut, caramel, raspberry",4.0
17,Peru,Piura,70.0,"4- B,S,C,L","green, nutty, cocoa",3.25
18,Peru,Chanchamayo Province,70.0,"4- B,S,C,L","cocoa,sour,intense tangerine",3.5
19,Peru,Chanchamayo Province,63.0,"3- B,S,C","sweet, cocoa, tangerine",4.0
20,Venezuela,"Carenero, Criollo",70.0,"4- B,S,C,L","harsh, leather, earthy",2.75
21,Cuba,Cuba,70.0,"4- B,S,C,L","sliglty dry, papaya",3.5
22,Venezuela,"Sur del Lago, Criollo",70.0,"4- B,S,C,L","nutty, mild choco, roasty",3.5
23,Venezuela,"Puerto Cabello, Criollo",70.0,"4- B,S,C,L","astringent, nutty, chocolatey",3.75
24,Peru,Pablino,70.0,"4- B,S,C,L","delicate, hazelnut, brownie",4.0
25,Togo,Kpime,70.0,"4- B,S,C,L","burnt wood, earthy, choco",2.75
26,Togo,Atsane,70.0,"4- B,S,C,L","roasty, acidic, nutty",3.0
27,Togo,Akata,70.0,"4- B,S,C,L","mild profile, chocolaty, spice",3.5
28,Peru,Quilla,70.0,"4- B,S,C,L","grainy texture, cocoa, sweet",3.5
29,Sao Tome,Agua Grande,63.0,"4- B,S,C,L","sweet, chocolatey, vegetal",3.75
30,Venezuela,Porcelana,70.0,"4- B,S,C,L","alluring aroma, powdery,nutty",3.5
31,Peru,Absolu,63.0,"4- B,S,C,L","sweet, dairy, spice, cocoa",3.75
32,Mexico,La Joya,70.0,"4- B,S,C,L","light color, fruit, yogurt",4.0
33,Indonesia,"Java, Arjuna",70.0,"3- B,S,C","smoke dominates, hint of fruit",3.75
34,Peru,Cusco,70.0,"3- B,S,C","green banana, roasty, cocoa",3.5
35,Bolivia,Ekeko,70.0,"4- B,S,C,L","woody, honey, leathery",2.75
36,Peru,"Chulucanas, El Platanal, batch 001",70.0,"2- B,S",yellow fruit,3.75
37,Peru,"Tumbes, Norandino",70.0,"2- B,S","intense, nutty, cherry, cocoa",3.75
38,Mexico,"Teapa, Tabasco, batch 2",74.0,"2- B,S","herbal, molasses, hammy",3.25
39,Peru,"Barataria, El Plantal and Norandino Tumbes blend",70.0,"2- B,S","hot cocoa, rich, molasses",3.5
40,Fiji,Vanua Levu,60.0,"3- B,S,C","sweet, sublte strawberry",2.75
41,Fiji,"Vanua Levu, Toto-A",80.0,"3- B,S,C",spicy and candy-like,3.25
42,Fiji,Vanua Levu,88.0,"3- B,S,C","orange, floral, lemon",3.5
43,Fiji,"Vanua Levu, Ami-Ami-CA",72.0,"3- B,S,C",cocoa and powerful tang,3.5
44,Vanuatu,"Malekula Island, batch M10/19",70.0,"2- B,S","unrefined, sweet, metallic",2.5
45,Vanuatu,"Malo Island, batch Ma20/19",70.0,"2- B,S","basic, sweet, cocoa, woody",2.75
46,Vanuatu,"EPI Island, batch E 11/19",70.0,"2- B,S","sandy, woody, spicy, sweet",3.0
47,Vanuatu,"Santo Island, batch S15/19",70.0,"2- B,S","sweet, cocoa, rubbery",2.75
48,Ecuador,"Los Rios, Quevedo, Arriba",55.0,"4- B,S,C,V","sandy, sweet, banana cream",2.75
49,Ecuador,"Los Rios, Quevedo, Arriba",70.0,"4- B,S,C,V","roasty, nutty, coffee",3.0
50,Mexico,Tabasco,70.0,"3- B,S,C","gritty, spice, cocoa",3.0
51,Madagascar,"Madagascar, Ambolikapiky P.",75.0,"4- B,S,C,L","strong pepper, musty",2.75
52,Brazil,"Monte Alegre, D. Badero",75.0,"4- B,S,C,L","fatty, intense, woody",2.75
53,Indonesia,"Bali (west), Sukrama Family, Melaya area",75.0,"4- B,S,C,L","hay, nut, berry",3.75
54,Venezuela,Chuao,75.0,"5- B,S,C,V,L","sandy, dirt, ashey",2.5
55,Peru,"Piura, Perou",75.0,"5- B,S,C,V,L","cardboard, dirt, roasty",2.5
56,Trinidad,Trinite,65.0,"6- B,S,C,V,L,Sa","roasty, sweet, savory",2.75
57,Vietnam,Vietnam,75.0,"5- B,S,C,V,Sa","nutty, roasty, odd dairy",2.75
58,Madagascar,Madagascar,75.0,"5- B,S,C,V,Sa","citrus, fatty, dairy",3.0
59,Mexico,"Porcelana, Mexique",75.0,"6- B,S,C,V,L,Sa","strawberry, cream, gateway",3.5
60,Ecuador,"Winak Coop, Napo",70.0,"3- B,S,C","sandy, green, floral",3.5
61,Nicaragua,"La Dalia, Matagalpa",70.0,"3- B,S,C","sandy, sweet, nibby",3.5
62,Tanzania,"Makwale Village, Kyela",70.0,"3- B,S,C","sandy, melon, banana",3.5
63,Vietnam,Tien Giang,70.0,"3- B,S,C","sandy, sweet, roasty",3.5
64,Venezuela,Sur del Lago,60.0,"4- B,S,C,L","sweet, moldy, off",2.5
65,Dominican Republic,"Conacado, batch 130",60.0,"4- B,S,C,L","sandy, sweet, dairy, spice",3.0
66,Bolivia,"Bolivia, batch 101",80.0,"4- B,S,C,L","gritty, berry, mild bitter",3.25
67,Bolivia,"Bolivia, batch 154",60.0,"4- B,S,C,L","grit, sweet, caramel, fruit",3.0
68,Peru,"Peru, batch 148",60.0,"4- B,S,C,L","gritty, too sweet, fruit",3.25
69,Nicaragua,Momotombo,60.0,"3- B,S,C","powdery, sweet, molasses",2.75
70,Peru,Acopagro,60.0,"3- B,S,C","dry, sweet, caramel",3.0
71,Bolivia,CIAAB Coop,60.0,"3- B,S,C","sandy, sweet, pungent",2.5
72,Peru,Villa Andina,60.0,"3- B,S,C","sandy, sweet, sour, off",2.5
73,Ecuador,Gruppo Salinas,60.0,"3- B,S,C","sandy, nutty, earthy, roasty",2.75
74,Dominican Republic,Oko Caribe,70.0,"3- B,S,C","sweet, coarse, nutty",3.0
75,Madagascar,Madagascar,70.0,"4- B,S,C,V","spice, nut, cocoa, fruit",3.5
76,Venezuela,Cuyagua,70.0,"4- B,S,C,V","waxy, nutty, mint",3.0
77,Venezuela,Ocumare,70.0,"4- B,S,C,V","spicy, strawberry",3.75
78,Indonesia,"Bali, Jembrana",70.0,"4- B,S,C,V","sticky, nutty, high acidity",2.75
79,Venezuela,Montanya,70.0,"4- B,S,C,V","hot spice, roasty",3.0
80,Dominican Republic,Dos Rios,70.0,"4- B,S,C,V","orange, cinamon",3.75
81,Ecuador,Guayas,70.0,"4- B,S,C,V","strong spice, intense pepper",4.0
82,Venezuela,Chuao,70.0,"4- B,S,C,V","woody, red berry, sour",3.0
83,Papua New Guinea,Morobe,70.0,"4- B,S,C,V","tart, lemon, smoke",4.0
84,Ghana,Ghana,70.0,"2- B,S","dry, chalky, fudge-like",3.0
85,Ecuador,Ecuador,70.0,"2- B,S","waxy mouthfeel, spicy",2.75
86,Ecuador,Ecuador,85.0,"2- B,S","fatty, mushroom, off notes",2.75
87,Ghana,Ghana,85.0,"2- B,S","roasty,oddly sweet,marshmallow",3.0
88,Peru,Maranon,70.0,"3- B,S,C","raisins, pungent",3.0
89,Peru,Platan Bajo,70.0,"3- B,S,C","few grits, blackcherry, licorice",3.5
90,Peru,"LamasdelChanka, San Martin, Oro Verde coop",72.0,"3- B,S,C","oily, vanilla, melon, cocoa",3.25
91,Peru,"Bellavista Gran Pajeten, San Martin",73.0,"3- B,S,C","oily, vegetal, nutty, cocoa",3.5
92,Belize,Belize,64.0,"4- B,S,C,L","roasty, brownie, nutty",3.0
93,Madagascar,Madagascar,66.0,"2- B,S","fruity, sour",3.25
94,Dominican Republic,Dominican Republic,75.0,"2- B,S","high roast, high astringnet",3.25
95,Papua New Guinea,Papua New Guinea,63.0,"2- B,S","smokey, savory",3.25
96,Venezuela,Venezuela,70.0,"2- B,S","sandy, roasty, nutty",3.25
97,Peru,Peru,68.0,"2- B,S","rich, sour, mild smoke",3.5
98,Blend,Toscano Black,66.0,"4- B,S,C,V","red wine, rich cocoa, long",3.75
99,Ecuador,Ecuador,70.0,"4- B,S,C,V","creamy, earthy, vegetal",3.0
100,Jamaica,Jamaica,70.0,"4- B,S,C,V","sandy, woody, spicy",3.0
101,Grenada,Grenada,70.0,"4- B,S,C,V",fruity with coffee notes,3.5
102,Venezuela,Venezuela,70.0,"4- B,S,C,V","creamy, fruit, cocoa",3.75
103,Trinidad,Trinidad,70.0,"4- B,S,C,V","coffee, fruit, woodsy",3.5
104,Blend,Toscano Black,63.0,"4- B,S,C,V","fatty, dairy, caramel, cocoa",3.5
105,Peru,"Piura, Blanco de Criollo",70.0,"4- B,S,C,V","creamy, raspberry, nutty",3.75
106,Madagascar,Madagascar,70.0,"4- B,S,C,V","vanilla, mint, roasty",3.0
107,Venezuela,Chuao,70.0,"4- B,S,C,V","vanilla, nuts, roasty",3.0
108,Venezuela,Porcelana,70.0,"4- B,S,C,V","nutty, mild roasty, vanilla",3.0
109,Blend,Nine,75.0,"4- B,S,C,V","sweet, delicate, complex",3.5
110,Blend,Toscano Black,70.0,"3- B,S,C","nut, fatty, rubbery, rich",2.75
111,Brazil,"Monte Alegre, 3 diff. plantations",85.0,"4- B,S,C,L","creamy, red berry, bitter",2.75
112,Brazil,"Monte Alegre, 3 diff. plantations",50.0,"4- B,S,C,L","very sweet, bright red, banana",3.75
113,Brazil,"Monte Alegre, 3 diff. plantations",75.0,"4- B,S,C,L","roasty, fatty, nutty, coffee",3.75
114,Brazil,"Monte Alegre, 3 diff. plantations",60.0,"4- B,S,C,L","creamy, sweet,cocoa,banana",4.0
115,Brazil,Catongo,75.0,"4- B,S,C,L","grainy, sweet, poor aftertaste",3.25
116,Dominican Republic,Elvesia,75.0,"2- B,S","chalky, mild fruit, burnt",3.0
117,Bolivia,Alto Beni,75.0,"2- B,S","light roast, caramel, cocoa",3.5
118,Belize,"Maya Mountain, batch 39",75.0,"2- B,S","burnt toast, cherry",3.0
119,Guatemala,"Alta Verapaz, Cahabon & Lanquin regions, b. 4243",75.0,"2- B,S","orange citrus, harsh earthiness",3.25
120,Madagascar,Madagascar,75.0,"3- B,S,C","sandy, fruity, short",3.0
121,Mexico,Chiapas,72.0,"3- B,S,C","earthy, sour milk, leather",2.5
122,Ecuador,Equateur,75.0,"3- B,S,C","bitter, floral, leather",2.75
123,Venezuela,Trincheras,75.0,"3- B,S,C","nutty, mild spice, mild earthy",3.0
124,Brazil,Fazenda Camboa,70.0,"2- B,S","creamy, rich, rum, roasty",3.5
125,Peru,Nacional,68.0,"2- B,S","floral, nutty, rich cocoa",3.5
126,Ecuador,"Puerto Quito, heirloom",70.0,"2- B,S","spicy, cocoa",3.75
127,Dominican Republic,Oko Caribe,70.0,"2- B,S","spicy, brownie, nutty",3.5
128,Belize,Maya Mountain,70.0,"2- B,S","floral, strawberry, metallic",3.75
129,Nicaragua,Chuno,70.0,"2- B,S","creamy,sticky, peanut butter",4.0
130,Brazil,Fazenda Camboa,75.0,"2- B,S","floral, chemical off",2.75
131,Guatemala,Guatemala,70.0,"2- B,S","strawberry, butterscotch, off",3.25
132,Ecuador,Camino Verde,75.0,"3- B,S,C","intense, floral, bourbon",3.5
133,Trinidad,San Juan,70.0,"2- B,S","delicate, simple",3.5
134,Tanzania,Kokoa Kamili,70.0,"2- B,S","appealing smoke, woody",3.75
135,Vietnam,Tien Giang,73.0,"3- B,S,C","cashew, roasty, chunky melt",3.5
136,Ecuador,Hacienda Victoria,70.0,"3- B,S,C","sticky, floral, roasty",3.25
137,Ecuador,Costa Esmeraldas,70.0,"3- B,S,C","chewy, mild floral",3.25
138,Guatemala,Lachua,70.0,"2- B,S","subtle, mysterious",3.5
139,Nicaragua,Rugoso,70.0,"3- B,S,C","muddy, rich cocoa, raspberry",3.75
140,Honduras,"La Masica, FHIA",70.0,"2- B,S","nutty, green",3.5
141,Costa Rica,"Coto Brus, Terciopelo",70.0,"2- B,S","balanced, cherry, choco",4.0
142,Peru,Phantom,70.0,"2- B,S","creamy, complex, balanced",4.0
143,Fiji,Matasawalevu,70.0,"2- B,S","smoke, hammy, cocoa base",3.25
144,Vietnam,Lam Dong,73.0,"2- B,S","earthy, nutty, cardboard",3.25
145,Dominican Republic,Elvesia,70.0,"2- B,S","dark berry, chocolatey",3.75
146,India,Anamalai,70.0,"2- B,S","slight roasty, basic cocoa",3.5
147,Madagascar,Sambirano Valley,70.0,"3- B,S,C",sour fruit,3.5
148,Vietnam,Ben Tre,73.0,"3- B,S,C","rich cocoa, mild roasty",3.5
149,Bolivia,Beniano,70.0,"2- B,S","creamy, bright fruit",4.0
150,Peru,Ucayali,70.0,"3- B,S,C","dried fruit, fig, anise",3.5
151,Haiti,Pisa,70.0,"2- B,S","long lasting, cocoa",4.0
152,Trinidad,Ramnath E.,70.0,"2- B,S","nuts, dried fruit, short",3.0
153,Colombia,Tumaco,70.0,"2- B,S","smooth, nutty, cocoa",4.0
154,India,Jangareddygudem,70.0,"3- B,S,C","herbs, mushroom, acidic",3.25
155,India,Idukki,70.0,"3- B,S,C","burn butterscotch, rubbery",3.0
156,Nicaragua,Masaya,70.0,"2- B,S","melon, late hammy",3.25
157,Nicaragua,Mombacho,70.0,"2- B,S","smooth, vegetal",3.5
158,Nicaragua,Cocibolca,70.0,"2- B,S","roasty, rich cocoa",3.5
159,Nicaragua,Apoyo,70.0,"2- B,S","cocoa, earthy, hammy",3.0
160,Congo,Congo,72.0,"3- B,S,C","spicy, minty, vegetal",3.75
161,Venezuela,"Ocumare, Venezuela",75.0,"3- B,S,C","oily, nutty, burnt, sour",2.5
162,Indonesia,Java,72.0,"3- B,S,C","gritty, very smokey, sour",2.75
163,Brazil,Brazil Rio Doce,72.0,"3- B,S,C","cocoa, dominate off note",1.75
164,Madagascar,Madagascar,80.0,"3- B,S,C","sl. bitter, cherry, rich",3.0
165,Peru,Peru,75.0,"3- B,S,C","spicey, mild metallic",3.0
166,Dominican Republic,Dominican Republic,72.0,"3- B,S,C","spice, cocoa, short",3.25
167,Venezuela,Venezuela,100.0,"3- B,S,C","very nutty, very bitter",1.75
168,Jamaica,Jamaica,72.0,"3- B,S,C","grassy, black licorice, mint",3.75
169,Costa Rica,Costa Rica,72.0,"3- B,S,C","chewy, grassy, nutty",3.25
170,Vietnam,Ba Ria Vung Tau Province,72.0,"3- B,S,C","unrefined, distinct spicey",3.25
171,Indonesia,Bali,72.0,"3- B,S,C",black pepper and banana,3.5
172,Haiti,Haiti,72.0,"3- B,S,C","nuts, butterscotch, brownie",4.0
173,Panama,Panama,72.0,"3- B,S,C","blackpepper,chemical,rubber",2.75
174,Colombia,"Colombia, Casa Luker",72.0,"3- B,S,C","marshmallow, roasty, nutty",3.75
175,Trinidad,"Trinidad, Heritage, Limited ed.",72.0,"3- B,S,C","gritty, nutty",3.25
176,Colombia,"Orinoqua Region, Arauca",72.0,"4- B,S,C,L","creamy, marshmallow, off",2.75
177,India,"Idukki Kerala, lot IN728221",72.0,"4- B,S,C,L","cinamon, nutmeg, fatty",3.25
178,Madagascar,"Bejofo E., Akesson, lot MA72820",72.0,"4- B,S,C,L","strawberry, sour",3.25
179,Tanzania,"Kokoa Kamili, lot TZ72199",72.0,"4- B,S,C,L","caramel, sour milk",3.5
180,Mexico,Xoconusco,75.0,"2- B,S","leather, black licorice, off",2.5
181,Ecuador,San Jose del Tambo,70.0,"2- B,S","smooth, astringent, cocoa",3.0
182,Philippines,Davao,77.0,"2- B,S","strawberries, mild tart, roasty",3.75
183,Tanzania,"Tenende, Uwate",72.0,"2- B,S","creamy, woody, cocoa",3.75
184,Honduras,Cortes,70.0,"2- B,S","grapes, woody, roasty",3.75
185,Tanzania,Mababa,68.0,"3- B,S,C","creamy, rich, blueberry",3.75
186,Solomon Islands,Solomon Islands,70.0,"4- B,S,C,L","off aroma,vegetal,honey,sandy",3.0
187,Philippines,Davao,77.0,"4- B,S,V,L","sandy, vanilla",2.75
188,Philippines,"Paquibao E., 2016",70.0,"3- B,S,C","waxy, dried fruit",3.0
189,Philippines,South Cotabato,70.0,"3- B,S,C","sandy, roasty, nutty",3.0
190,Philippines,"Saloy E., 2016",70.0,"3- B,S,C","long, bright fruit, sweet, sour",3.5
191,Colombia,Tumaco,70.0,"2- B,S","chemical, spice, earthy",2.5
192,Dominican Republic,Zorzal,70.0,"2- B,S","intense, sour tart plum, rubber",3.0
193,Madagascar,Sambirano,70.0,"2- B,S","unrefined, flat, grassy",3.0
194,Brazil,Bahia,70.0,"2- B,S","chalky, intense, chemical",2.5
195,Blend,Houseblend,70.0,"2- B,S","chalky, fragrant, then off",2.5
196,Blend,Houseblend,80.0,"2- B,S","coarse, smokey, metallic",3.25
197,Papua New Guinea,Papua New Guinea,70.0,"2- B,S","smoke, ham, papaya",3.5
198,Brazil,"Bahia, Vale Potumujo",70.0,"2- B,S","bland, sugary, large grits",3.0
199,Peru,"Bambamarca, 2015",70.0,"3- B,S,C","molasses, caramel, pungent",2.75
200,Peru,"Huallabamba, 2015",70.0,"3- B,S,C","black pepper, cardamom",3.5
201,Belize,Belize,72.0,"3- B,S,C","gritty, fatty, sour, off",2.5
202,Uganda,Uganda,82.0,"3- B,S,C","bitter, fatty, mild fruit",2.75
203,Tanzania,Kokoa Kamili,72.0,"3- B,S,C","base cocoa, mild fruit, roasty",3.25
204,Dominican Republic,Duarte Province,70.0,"2- B,S","complex,black pepper,coffee",3.25
205,Mexico,Chiapas,70.0,"2- B,S","molasses,toffee,coffee grounds",3.5
206,Madagascar,Sambirano,70.0,"2- B,S","raspberry, mild sour",3.75
207,Peru,Maranon Canyon,70.0,"2- B,S","creamy, rounded, orange",4.0
208,Brazil,Bahia,70.0,"2- B,S","intense, smokey, dried fruit",3.5
209,Costa Rica,"Turrialba, Cartago P.",72.0,"2- B,S","slightly dry, cocoa, berry",3.5
210,Trinidad,Montserrat Hills,80.0,"2- B,S","intense, tangy, alcohol",3.5
211,Costa Rica,single estate,80.0,"4- B,S,C,V","gritty, floral, vanilla",2.75
212,Guatemala,"Rio Dulce, Xoco, batch 632",65.0,"3- B,S,C","sweet, honey, earthy, cocoa",3.25
213,Dominican Republic,"Dominican Republic, Batch 3",65.0,"3- B,S,C","creamy, sweet, fudgey",3.5
214,Brazil,Brazil,70.0,"3- B,S,C","strawberry, candy flavor",3.75
215,Ecuador,Ecuador,65.0,"3- B,S,C","sandy, floral, sweet",3.25
216,Peru,Peru,70.0,"4- B,S,C,V","strong vanilla, off notes",2.25
217,Malaysia,"Asajaya E, NW Borneo, b. #132/4500",73.0,"3- B,S,C","caramel, spice, earthy",3.0
218,Malaysia,"Serian E., NW Borneo, b. #134/3800",72.0,"3- B,S,C","smokey, woody, tobacco",3.25
219,Brazil,"Brazil, Batch 20316",80.0,"3- B,S,C","intense, bitter, dry",2.75
220,Dominican Republic,"Dominican Republic, Batch 31616",70.0,"3- B,S,C","sandy, sweet, molasses",2.75
221,Ecuador,"Ecuador, Batch 31516",70.0,"3- B,S,C","intense, floral, black pepper",2.75
222,Ecuador,Ecuador,90.0,"3- B,S,C","intense floral, bitter, earthy",2.75
223,Costa Rica,Costa Rica,64.0,"4- B,S,C,L","pastey, nutty",2.75
224,Papua New Guinea,Papua New Guinea,64.0,"4- B,S,C,L","intense, smokey",2.75
225,Peru,Peru,64.0,"4- B,S,C,L","sticky, moss, nuts",2.75
226,Ecuador,Ecuador,71.0,"4- B,S,C,L","dry, cinamon, nutmeg",3.5
227,Tanzania,"Kokao Kamili, Kilombero Valley",70.0,"3- B,S,C","sticky, delicate, melon",3.5
228,Bolivia,"Alto Beni, Palos Blanco",70.0,"3- B,S,C","oily, complex, pungent",3.25
229,Dominican Republic,"Oko Caribe, Duarte P.",70.0,"2- B,S","caramel, mild dried fruit",3.5
230,Vietnam,Lam Dong,75.0,"3- B,S,C","high acidity, nutty, roasty",3.25
231,Vietnam,"Ben Tre, batch 70301",70.0,"3- B,S,C",dominate cocoa notes,3.75
232,Belize,"Belize south, low fermentation",83.0,"3- B,S,C","unbalanced, tangy, pungent",2.75
233,Belize,Belize south,78.0,"3- B,S,C","sweet, nibby, green",3.0
234,Belize,Belize south,83.0,"3- B,S,C","balanced, complex, berry",3.5
235,Vietnam,Vung Tau,72.0,"4- B,S,C,L","gummy, roasty, fatty",3.0
236,India,"Anamalai, 2018 harvest",72.0,"4- B,S,C,L","gummy, fatty, sour",3.0
237,Malaysia,"Sungai Ruan, Koh Farm",72.0,"4- B,S,C,L","off aroma, smokey, off note",3.0
238,Indonesia,"Bali, Sukrama Bros. Farm, Melaya, 62hr C",72.0,"3- B,S,C","smokey, raspberries, cocoa",4.0
239,Madagascar,"Somia Plantation, Sambirano, 70hr C",72.0,"3- B,S,C","intense,red berry,strawberry",3.75
240,Cuba,Baracoa,74.0,"3- B,S,C","tobacco, dairy, sour",3.5
241,Venezuela,Cuyagua Village,74.0,"3- B,S,C","nutty, roasty, dairy",3.5
242,Venezuela,Chuao,74.0,"3- B,S,C","mocha, intense, sweet",3.5
243,Ecuador,Rio Peripa H.,73.0,"3- B,S,C",cinamon and nutmeg,4.0
244,Ecuador,"Hacienda Victoria, lot 42",73.0,"4- B,S,C,L","floral, melon, spicy",3.5
245,Venezuela,"Finca Orquidea, Porcelana, lot 5",74.0,"4- B,S,C,L","delicate, nutty, caramel, sl. Off",3.0
246,Blend,Nature,55.0,"5- B,S,C,V,L","sweet, vanilla, cocoa",2.75
247,Venezuela,"Carenero S., Barlovento, Grand Cru",70.0,"3- B,S,C","creamy, macadamia, pepper",3.25
248,Venezuela,"Porcelana, Premier Cru, Quizas No. 1",74.0,"3- B,S,C","nutty, light toffee, mild musty",3.25
249,Indonesia,"Java, Grand Cru",64.0,"3- B,S,C","ham-like, smokey, banana",3.5
250,Venezuela,"Ocumare, Premier Cru, Quizas No. 2",72.0,"3- B,S,C","dark cocoa, spicy pepper",3.5
251,Madagascar,Madagascar,64.0,"3- B,S,C","chunky, nutty, banana",3.0
252,Venezuela,Maracaibo,88.0,"3- B,S,C","bitter then nutty rustic, earthy",3.0
253,Venezuela,"Indigena Amazonia, Grand Cru, Quizas",72.0,"3- B,S,C","creamy, banana, rich",3.5
254,Ecuador,Ecuador,72.0,"3- B,S,C","creamy, nutty, cocoa",4.0
255,Nicaragua,"Nicaragua, American style",76.0,"2- B,S","bitter, molasses, flour",2.5
256,Costa Rica,"San Andres, American style",76.0,"2- B,S","molasses, metallic, earthy",2.5
257,Costa Rica,"San Andres, silk",78.0,"4- B,S,C,V","sour, tart, molasses",2.5
258,Belize,Belize,86.0,"4- B,S,C,V","mild bitter, diluted, vanilla",3.25
259,Venezuela,Aragua,70.0,"4- B,S,C,L","smooth texture, earthy, nutty",3.5
260,Venezuela,Merida,70.0,"4- B,S,C,L","gritty, spicy, earthy",3.0
261,Venezuela,Carabobo,70.0,"4- B,S,C,L","fatty, bland, nutty",3.0
262,Madagascar,Sambirano,71.0,"2- B,S","rich cocoa, red berry, sour",3.0
263,Panama,Bocas del Toro,75.0,"2- B,S","intense, rum, tea",3.5
264,Dominican Republic,Puerto Plata,68.0,"2- B,S","nutty, astringent",3.75
265,Ghana,Ankasa,70.0,"2- B,S","nutmeg, sour",3.0
266,Dominican Republic,Puerto Plata,75.0,"2- B,S","chalky, strong, harsh smoke",3.0
267,Dominican Republic,Puerto Plata,65.0,"2- B,S","intense marshmallow, cocoa",3.5
268,Madagascar,Sambirano,75.0,"2- B,S","rustic, red berry, woody",3.25
269,Madagascar,Sambirano,65.0,"2- B,S",chocolate covered cherries,3.5
270,Indonesia,"Bali, Singaraja",75.0,"2- B,S","dry, cardamom, medicinal",3.25
271,Blend,"2009 Hapa Nibby, Dominican Rep., Bali",70.0,"2- B,S","robust, cocoa, fruity",3.75
272,Indonesia,"Bali, Singaraja",65.0,"2- B,S","pastey, off spicey, nutty",2.75
273,Madagascar,"Sambirano, 2009",70.0,"2- B,S","red berry, strong wine, sour",3.0
274,Venezuela,"Ocumare, prototype",78.0,"2- B,S","nutty, mild bitter",3.0
275,Ghana,Ghana,72.0,"3- B,S,C","roasted nuts, rich, roasty",3.5
276,Haiti,Haiti,70.0,"2- B,S","floral, molasses, chemical",3.0
277,Guatemala,Guatemala,70.0,"2- B,S","molasses, earthy, spicy",3.0
278,Dominican Republic,Dominican Republic,70.0,"2- B,S","sweet, sour milk",3.25
279,Belize,Belize,70.0,"2- B,S","off, rubbery, burnt molasses",2.75
280,Dominican Republic,La Red,70.0,"3- B,S,C","unrefined, fruity",2.75
281,Venezuela,Carenero Superior,70.0,"3- B,S,C","sweet grass, muted spice",2.75
282,Nicaragua,Matiguas,70.0,"3- B,S,C","rich, leather, woodsy",3.0
283,Dominican Republic,"Cocoa Nibs, Hispaniola w/ nibs",70.0,"4- B,S,C,L","bright fruit, crisp nibs, cocoa",3.75
284,Jamaica,Blue Mountain Region,70.0,"4- B,S,C,L","fatty, nutty",2.75
285,Colombia,"Sierra Nevada, batch 92",72.0,"3- B,S,C","burnt caramel, cocoa, floral",3.25
286,Belize,"Maya Mountain, batch 98",72.0,"3- B,S,C",honey with subtle tobacco,3.25
287,Blend,Organic Dark,72.0,"4- B,S,C,V","oily, flat, woody, sour",2.75
288,Congo,"Congo, Grand Cru",82.0,"4- B,S,C,V","complex, fruity, mild bitter",3.5
289,Guatemala,Guatemala,70.0,"3- B,S,C","chewy, complex,black pepper",3.5
290,Madagascar,Madagascar,70.0,"3- B,S,C","gritty, tart red berry,powerful",3.75
291,Madagascar,"Akesson's E., Sambirano V.",82.0,"2- B,S","sandy, tart, sour, sweet",3.5
292,Guatemala,Lachua,75.0,"2- B,S","roasty, coffee, earthy",2.75
293,Tanzania,Kokoa Kamili,75.0,"2- B,S","bready, melon",3.5
294,Dominican Republic,Zorzal Reserva,75.0,"2- B,S","astringent, sour, coffee",3.0
295,Belize,Maya Mtn,70.0,"3- B,S,C",pungent off flavor,2.75
296,Malaysia,"Keningau, Borneo Island",68.0,"2- B,S","sweet, dirty, off notes",2.5
297,Malaysia,"Kota Marudu, Borneo Island",72.0,"2- B,S","sweet, fruit, chemical off note",2.75
298,Malaysia,"Tawau, Borneo Island",74.0,"2- B,S","grassy, savory, sour",3.25
299,Blend,"Carribean, Trinite",75.0,"3- B,S,C","spice, woodsy, long lasting",3.75
300,Venezuela,"Ocumare, Puerto Cabello",75.0,"3- B,S,C","sandy, creamy, berry",3.75
301,Venezuela,"Maracaibo, El Rosario",75.0,"3- B,S,C","creamy, fatty, floral",4.0
302,Madagascar,Madagascar,75.0,"3- B,S,C","mellow, tart, coffee",3.75
303,Blend,One Hundred,100.0,"3- B,S,C","acidic, bitter, dry",1.5
304,Sri Lanka,Ceylan,75.0,"3- B,S,C","vegetal, dominant tobacco",3.0
305,Venezuela,Chuao,75.0,"3- B,S,C","creamy, coconut, tang",4.0
306,Ecuador,Equateur,75.0,"3- B,S,C","dry, floral, bitter",2.5
307,Venezuela,"Porcelana, Venezuela",75.0,"3- B,S,C","creamy, strawberry, nutty",4.0
308,Ivory Coast,Ivory Coast,75.0,"3- B,S,C","oily, intense cocoa, sl. Burnt",3.0
309,Peru,"Porcelana, Apotequil",75.0,"3- B,S,C","flat, bread, earthy",2.75
310,Mexico,"Porcelana, Tabasco, Marfil de Blanco",75.0,"3- B,S,C","mild bitter, nut, possible mold",3.0
311,Mexico,"Xoconusco, cacao Real",75.0,"3- B,S,C","fatty, roasty, earthy",3.0
312,Cuba,Cuba,75.0,"3- B,S,C","fatty, raisin, grape",3.5
313,Peru,"Cusco, Cacao Cusco",75.0,"3- B,S,C","roasty, woody, mint",3.5
314,Peru,Piura Blanco,75.0,"3- B,S,C","creamy, cocoa, smokey",3.5
315,Brazil,Libanio,75.0,"3- B,S,C","chunky, very grassy, mild mint",3.75
316,Haiti,Haiti,75.0,"3- B,S,C","grassy, black pepper",4.0
317,Madagascar,"Madagascar, 100% criollo",75.0,"3- B,S,C","fatty, spicy, gentle roast",4.0
318,Brazil,Juliana,75.0,"3- B,S,C","oily,fatty, rich, nutty",3.5
319,Jamaica,Jamaique,75.0,"3- B,S,C","oily, creamy, woody",3.25
320,Brazil,Maragnam,75.0,"3- B,S,C","oily, roasted nuts, rich cocoa",3.5
321,Gabon,Gabon,75.0,"3- B,S,C","fatty, roasty, black pepper",3.25
322,Brazil,Kaori,75.0,"3- B,S,C","creamy, homey, nutty",4.0
323,Dominican Republic,"Los Colorados, Santo Domingo, Equateur",75.0,"3- B,S,C","roasty, tobacco, earthy",3.25
324,Blend,"Surfin, Venez,Africa,Brasil,Peru,Mex",65.0,"3- B,S,C","complex, brownie,mint, spice",3.75
325,Mexico,Selva Maya,75.0,"3- B,S,C","heavy roast, fatty, gateway",3.5
326,Peru,Madre de Dios,75.0,"3- B,S,C","oily, subtle, mild coffee",4.0
327,Blend,"El Rosario, Xoconuzco, Cusco, Sambirano",75.0,"3- B,S,C","creamy, rich, complex",4.0
328,Nicaragua,"El Castillero, Indio Maiz",75.0,"3- B,S,C","bold, woody, nut, roasty, creamy",3.75
329,Ecuador,"El Oro, Hacienda de Oro",77.0,"2- B,S","sticky, lavendar, molasses",3.25
330,Ecuador,"El Oro, Hacienda de Oro",100.0,"3- B,S,C","cardboard, very bitter, floral",1.5
331,Belize,Maya Mountain,70.0,"3- B,S,C","sandy, vanilla, candy-like",2.75
332,Dominican Republic,Conacado,70.0,"3- B,S,C","gritty, sweet, mild coffee",2.75
333,Bolivia,"Wild Bolivia, Sucre",70.0,"3- B,S,C","nuts, fruit",4.0
334,Peru,Ucayali,70.0,"3- B,S,C","sweet, rich mocha, acidic",3.75
335,Ecuador,Esmeraldas,75.0,"3- B,S,C","balanced, floral, honey",3.5
336,Tanzania,Kokoa Kamili,62.0,"3- B,S,C","very sweet, melon, caramel",3.0
337,Dominican Republic,Cooproagro,72.0,"5- B,S,C,V,L","oily, vanilla, caramel, dairy",3.0
338,Ecuador,"Camino Verde, Guayas",70.0,"5- B,S,C,V,L","intense, alocohol, floral",3.25
339,Ghana,"Ghana, batch 021813",75.0,"5- B,S,C,V,L","fatty, brownie, nutty",3.5
340,Venezuela,"Chuao, Mantuano blend, batch 23613",85.0,"5- B,S,C,V,L","intense, cooked banana",3.5
341,Belize,Maya Mountain,70.0,"3- B,S,C","intense, cocoa, complex",3.75
342,Venezuela,Chuao,70.0,"3- B,S,C","intense, raisins, roasty",4.0
343,Dominican Republic,"Conacado, batch 001515",68.0,"3- B,S,C","complex, brownie, lime, rich",3.75
344,Venezuela,"Guasare, Zulia Prov.",70.0,"3- B,S,C","nutty, slight hammy, rich",3.5
345,Nicaragua,"O'payo, Waslala",70.0,"3- B,S,C","simple, rich cocoa",3.75
346,Dominican Republic,Elvesia P.,70.0,"3- B,S,C","earthy, cherries",3.25
347,Ecuador,Manabi,75.0,"3- B,S,C","sandy, floral, honey",3.75
348,Dominican Republic,Elvesia P.,60.0,"3- B,S,C","roasty, sweet, brownie",3.0
349,Dominican Republic,Elvesia P.,80.0,"3- B,S,C","bitter, dark berry, fatty",3.25
350,Guatemala,"Alta Verapaz, 2014, batch 69",70.0,"2- B,S","tart, tea, leather, sour",3.5
351,Madagascar,Ambolikapiky P.,80.0,"3- B,S,C","bitter, tart, acidic",2.75
352,Belize,Maya Mountain,80.0,"3- B,S,C","mild smoke, raisins, coffee",3.25
353,Madagascar,Ambolikapkly P.,60.0,"3- B,S,C","citrus, sweet, cocoa",3.25
354,Jamaica,Jamaica,70.0,"4- B,S,C,V","chalky, sandy, tart, bland",3.0
355,Madagascar,Somia Plantation,72.0,"3- B,S,C","sweet, mild molasses, bland",3.0
356,Dominican Republic,Marabel Farms,70.0,"3- B,S,C","spicy, black pepper, banana",3.5
357,Ecuador,"Camino Verde, Balao, Guayas",72.0,"3- B,S,C","floral, banana",3.5
358,Trinidad,Gran Couva,68.0,"3- B,S,C","fatty, sweet, metallic",2.75
359,Ecuador,Ecuador,70.0,"2- B,S","powdery, floral, molasses",3.25
360,Dominican Republic,Dominican Republic,68.0,"3- B,S,C","gritty, sweet, brownie",2.75
361,Bolivia,"Alto Beni, No.2, Batch 17, 2016",70.0,"3- B,S,C","dirt, earthy, floral",2.5
362,Guatemala,"Lanquin, No.3, Batch 21, 2016",70.0,"3- B,S,C",roasty and under refined,3.0
363,Trinidad,"Trinidad, batch 05050114",72.0,"3- B,S,C","high roast, coffee, spicy",3.25
364,Ecuador,"Mindo, batch 01040914",72.0,"3- B,S,C","floral, mild citrus, orange",3.5
365,Belize,Belize,72.0,"3- B,S,C","roasty, fruit, mild metallic",3.25
366,Blend,Blend,72.0,"3- B,S,C","coffee, high roast, spicy",3.25
367,Ecuador,"Ecuador, Bob Bar",60.0,"3- B,S,C","sweet, sour dairy",2.5
368,Ecuador,Ecuador,70.0,"2- B,S","smokey, sour",3.0
369,Taiwan,Pingtung,70.0,"2- B,S*","molasses, sour notes",3.25
370,Philippines,Davao,70.0,"2- B,S*",base cocoa w/ palm notes,3.5
371,Guatemala,Asochivite,70.0,"4- B,S,C,L","vegetal, unique",3.5
372,Bolivia,Beniano,70.0,"4- B,S,C,L",subtle but refreshing,3.75
373,Guatemala,"Monte Grande, lot 001180312",70.0,"4- B,S,C,L","off pungent, grassy, melon",3.0
374,Puerto Rico,Puerto Rico,70.0,"2- B,S","dirt, floral, sweet",2.5
375,Dominican Republic,"Dominican Republic, ""Love Bar""",75.0,"2- B,S","oily, buttery, intense",2.5
376,Dominican Republic,Dominican Republic w/ nibs,75.0,"2- B,S","creamy, burnt wood",2.75
377,Venezuela,Patanemo,75.0,"2- B,S","over roasted, bitter, nutty",2.25
378,Peru,Tumbes,75.0,"2- B,S","roasty, almost burnt, intense",2.5
379,Venezuela,Venezuela,72.0,"5- B,S,C,V,L","sandy, dairy, cocoa",2.0
380,Mexico,Mexico,66.0,"5- B,S,C,V,L","creamy, woody, cocoa",3.0
381,Tanzania,Tanzania,75.0,"5- B,S,C,V,L","dry, flat flavor, astringent",2.0
382,Dominican Republic,Santo Domingo,70.0,"5- B,S,C,V,L","spice, fruit medley, roasty",3.0
383,Haiti,Grand 'Anse,65.0,"5- B,S,C,V,L","gritty, sweet, citrus",3.5
384,Colombia,"H. Betulia, Antioquia, B8",72.0,"2- B,S","light color, dirty, musty",2.5
385,Colombia,"H. Betulia, Antioquia, B6",72.0,"2- B,S","light color, creamy, hazelnut",3.75
386,Colombia,"H. Betulia, Antioquia, B9",72.0,"2- B,S","light color, dirty, astringent",3.0
387,Venezuela,"Agua Fria; Sucre region, H. La Trinidad",75.0,"2- B,S","intense, earthy, fuel",2.5
388,Venezuela,"Macuare; Miranda; Chloe formula, H. La Trinidad",74.0,"2- B,S","nutty, intense, leathery",3.25
389,Venezuela,"Chuao, Aragua region, H. La Trinidad",75.0,"2- B,S","bright fruit, strawberry",3.5
390,Venezuela,"Chuao, Aragua region, H. La Trinidad",70.0,"2- B,S","fruity, nutty, brownie",3.75
391,Venezuela,Hacienda la Trinidad,74.0,"2- B,S","intense, black licorice, nutty",3.25
392,Venezuela,Chuao,77.0,"2- B,S","assertive, fruity, acidic",3.5
393,Venezuela,Rio Caribe,75.0,"2- B,S","spicy, nutty, ends sour",3.25
394,Venezuela,Carupano Pintao,75.0,"2- B,S","sandy, chalky, earthy",2.75
395,Venezuela,"Barlovento, Familia Rojas",75.0,"2- B,S","high astringent, sandy, grass",2.5
396,Venezuela,Canoabo,70.0,"2- B,S","raspberry, dirty, sour",3.0
397,Venezuela,Chuao,70.0,"2- B,S","poor texture, earthy",3.0
398,Colombia,Sierra Nevada,64.0,"4- B,S,C,L","intense, marshmallow, fruit",3.5
399,Colombia,Tumaco,70.0,"4- B,S,C,L","earthy, woody, smoke",3.5
400,Colombia,"Boyaca, Aprocampa Coop, Pauna",69.0,"4- B,S,C,L","green, vegetal, soil, fuel",2.75
401,Colombia,Arauca,70.0,"4- B,S,C,L","intense, spice",3.25
402,Colombia,Arhuacos,72.0,"3- B,S,C","rich, nutty, acidic",3.75
403,Colombia,Macondo,71.0,"3- B,S,C","distinct, short, dried fruit",3.75
404,Colombia,Perla Negra,74.0,"3- B,S,C","mild cocoa, astringent",3.75
405,Honduras,"Jutiapa, lot 050916D",70.0,"4- B,S,C,L","deep cocoa, fatty, dairy",3.5
406,Dominican Republic,"Dominican Republicm, rustic",72.0,"2- B,S","rustic, sweet, one dimensional",3.0
407,Dominican Republic,Dominican Republic,66.0,"2- B,S","creamy,blueberry,black pepper",3.75
408,Dominican Republic,"Dominican Republic, rustic",65.0,"2- B,S","rustic, gritty, sweet, fruit",3.25
409,Dominican Republic,"Criollo, Dominican Republic",72.0,"2- B,S","oily, cherry, rich cocoa",3.75
410,Mexico,"Porcelana, Tabasco, La Joya",70.0,"4- B,S,C,L",distinct lemon,4.0
411,Mexico,"Xoconusco, Chiapas, cacao Real",70.0,"4- B,S,C,L","creamy, nutty, banana, rich",4.0
412,Madagascar,Madagascar,71.0,"4- B,S,C,L","creamy, earthy, dark roast",3.5
413,Ecuador,Ecuador,71.0,"4- B,S,C,L","creamy, mild spice, hazelnut",3.75
414,Papua New Guinea,Papua,71.0,"4- B,S,C,L","creamy, mild spice, cocoa",4.0
415,Grenada,Grenada,71.0,"4- B,S,C,L","silky, ""Andes"" mint, off nutty",3.25
416,Venezuela,Venezuela,71.0,"4- B,S,C,L","gritty, fudge-like, nutty",3.5
417,Venezuela,Venezuela,77.0,"4- B,S,C,L","intense, roasty, rich cocoa",3.5
418,Congo,"Mahali, Kasai",70.0,"4- B,S,C,L","rich, cherries, acidic",3.5
419,Dominican Republic,"Zorzal Reserve, Hispaniola, batch 239",72.0,"4- B,S,C,V","cocoa butter dominates, cocoa",2.75
420,Peru,Ucayali,72.0,"4- B,S,C,V","intense,sweet,vanilla dominate",2.75
421,Ecuador,Costa Esmeraldas,72.0,"4- B,S,C,V","cocoa base, sweet, earthy",3.0
422,Madagascar,Madagascar,70.0,"2- B,S","sour milk, off, late tart",3.0
423,Peru,Peru,70.0,"2- B,S","dried fruit, sour, nutella",3.25
424,Vietnam,Vietnam,70.0,"2- B,S","balanced, dairy, spicy",3.5
425,Ghana,Ghana,70.0,"3- B,S,C","high astringent, earthy",3.0
426,Dominican Republic,Dominican Republic,70.0,"3- B,S,C","creamy, complex, astingent",3.25
427,Ecuador,Ecuador,70.0,"3- B,S,C","floral, rum",3.5
428,Peru,Chuncho-Cuzco,70.0,"2- B,S","herbal, cocoa tea",3.5
429,Peru,Piura Select,70.0,"2- B,S",chocolate and grapes,4.0
430,Peru,"Lakuna, Amazonas, silvestre",70.0,"2- B,S","complex, floral, spicy, fruit",3.5
431,Peru,Cuzco,80.0,"2- B,S","smooth, slow, mild grape",3.5
432,Ecuador,Amazonia,63.0,"4- B,S,C,L","sandy, sweet, bold citrus",3.5
433,Ecuador,Esmeraldas,71.0,"4- B,S,C,L","dry, spicy, fruity",3.5
434,Ecuador,Bolivar,82.0,"4- B,S,C,L","cloying, fatty, bitter",2.5
435,Ecuador,Pichincha,91.0,"4- B,S,C,L","klingy, hint of fruit, very bitter",1.5
436,Ecuador,Baking,70.0,"3- B,S,C","bitter, cocoa",1.0
437,Grenada,Grenade,60.0,"3- B,S,C","sweet, metallic, vanilla",2.75
438,Sao Tome,Sao Tome,78.0,"2- B,S",burnt up front,2.25
439,Trinidad,Trinidad,70.0,"2- B,S","burnt coffee, fatty",2.5
440,Venezuela,Venezuela,80.0,"2- B,S","nutty, ashey, coffee",3.0
441,Ecuador,Ecuador,100.0,1- B,"fatty, controlled bitter, fruit",3.5
442,Cuba,Cuba,75.0,"2- B,S","intense, ashey, earthen",2.5
443,Dominican Republic,Dominican Republic,72.0,"2- B,S","intense, fatty, brownie",3.0
444,Blend,"Lago di Como, Blu",70.0,"2- B,S","oily surface, berry, cream",3.5
445,Venezuela,Porcelana,75.0,"3- B,S,C","nutty, burnt, fuel",2.5
446,Tanzania,Tanzania,73.0,"3- B,S,C","sweet, acidic, fatty",2.75
447,Venezuela,"Porcelana, Batch 5163",70.0,"3- B,S,C",strong nutty with off notes,3.0
448,Bolivia,Bolivia,75.0,"3- B,S,C","sandy, bold, cherry",3.0
449,Brazil,Brazil,70.0,"3- B,S,C","dairy, chocolate, mild fruit",3.25
450,Colombia,Arauca,70.0,"4- B,S,C,L","spice, oats, nutty, fatty",3.25
451,Colombia,Tumaco,70.0,"4- B,S,C,L","spice, honey, fatty",3.25
452,Colombia,Choco,70.0,"4- B,S,C,L","single note of cocoa, fatty",3.5
453,Colombia,Meta,70.0,"4- B,S,C,L","cocoa base, fruit, creamy",3.75
454,Ecuador,Esmeraldas,77.0,"4- B,S,C,L","grainy, intense, bitter",2.0
455,Ecuador,Manabi,77.0,"4- B,S,C,L","perfume, chemical off note",2.5
456,Ecuador,Los Rios,77.0,"4- B,S,C,L","crumbly, cinamon",2.75
457,Ecuador,Manabi,55.0,"4- B,S,C,L","sweet, floral, yogurt",3.0
458,Ecuador,Los Rios,55.0,"4- B,S,C,L","sticky, sweet, grassy",3.25
459,Ecuador,Esmeraldas,55.0,"4- B,S,C,L","sandy, sweet, spicy",3.5
460,Papua New Guinea,"Saidor Estate, Madang P.",70.0,"3- B,S,C","mild smoke, melon",3.5
461,Papua New Guinea,Kulili Estate,70.0,"3- B,S,C","tart, malt, mild smoke",3.75
462,Nicaragua,"La Colonia, batch 5",70.0,"3- B,S,C","burnt blueberry, off",3.0
463,Tanzania,"Kokoa Kamili, batch 9",70.0,"3- B,S,C","unusually tart, nutty",3.25
464,Peru,"Ucayali, batch 12",70.0,"3- B,S,C","intense, cooked black licorice",3.25
465,Mexico,"Soconusco, batch 2",70.0,"3- B,S,C","strong tobacco, grassy",3.25
466,Costa Rica,Costa Rica,72.0,"2- B,S","fatty, woody, coffee",3.0
467,Costa Rica,Costa Rica,80.0,"2- B,S","fatty, fruit, muted",2.75
468,Guatemala,"Antigua, Special Reserve",72.0,"3- B,S,C","woody, spicy, tobacco",3.5
469,Costa Rica,"Talamanca, Raul-Kekoldo community",72.0,"2- B,S","floral, earthy, acidic",3.25
470,Costa Rica,Anselmo Paraiso Estate,72.0,"2- B,S","acidic, astringent, spicy",3.5
471,Colombia,Arauca,65.0,"3- B,S,C","sweet, marshmallow",3.0
472,Colombia,Tumaco,65.0,"3- B,S,C","nutty, grain, late choco",3.25
473,Colombia,Cordoba,65.0,"3- B,S,C","mild smoke, sweet edge",3.25
474,Colombia,Huila,65.0,"3- B,S,C","overly sweet, mild spice",3.5
475,Colombia,"Cesar, CCN51",65.0,"3- B,S,C","sweet, grassy, nutty",3.5
476,Blend,"Ecuador, Vietnam",75.0,"2- B,S","off notes, vanilla",2.0
477,Brazil,"Fazenda Camboa, Bahia, 2018",71.0,"2- B,S","sandy, intense, sweet, rich",3.0
478,Brazil,"Amazon Forest, 2018",65.0,"2- B,S","molasses, rich, vegetal",3.25
479,Bolivia,"Bolivia, batch 166",70.0,"3- B,S,C","sandy, tobacco, molasses",3.0
480,Dominican Republic,"Conacado, batch 161",73.0,"2- B,S","sandy, mild intensity, fruit",3.5
481,Peru,"San Martin, batch 155",70.0,"3- B,S,C","sandy, fruity, acidic, metallic",2.5
482,Venezuela,"Guaniamo, Amazonas, batch 159",70.0,"3- B,S,C","sandy, nutty, cocoa",3.25
483,Nicaragua,"Nicaragua, batch 164",72.0,"3- B,S,C","sandy, molasses, spice",3.25
484,Peru,"Tumbes, batch 176",70.0,"3- B,S,C","molasses, cocoa",2.75
485,Venezuela,"Guaniamo, batch 173",72.0,"3- B,S,C",mild metallic and spice,3.0
486,Colombia,"Sierra Nevada, batch 1",72.0,"3- B,S,C","caramel, molasses, fruit",3.5
487,Colombia,"Arauca, batch 280",76.0,"3- B,S,C","caramel, sweet, delicate",3.5
488,Dominican Republic,Elvesia P.,70.0,"3- B,S,C","soapy, earthy",2.75
489,Honduras,"the lost city, gracias a dias, batch 362",72.0,"3- B,S,C","roasty, black pepper, nutty",3.5
490,Dominican Republic,"Duarte, Batch 360",70.0,"3- B,S,C","med roast, grassy, dried fruit",3.75
491,Venezuela,"Piaroa, Amazonas, Batch 350",72.0,"3- B,S,C","nutty, floral, roasty",3.5
492,Belize,"Maya Mtn, Batch 454, Heirloom",72.0,"3- B,S,C","bright fruit, molasses, nutty",4.0
493,Venezuela,"Patanemo, batch 539",70.0,"2- B,S","nutty, roasty, caramel",3.25
494,Mexico,"Xoconusco, criollo, batch 834",70.0,"3- B,S,C","smooth, caramel, dried fruit",3.75
495,Puerto Rico,Puerto Rico,70.0,"3- B,S,C","smooth, mellow, floral",3.5
496,Peru,"Valle de Los Rios, batch 990",70.0,"3- B,S,C","complex, strawberry, floral",4.0
497,Venezuela,"Chuao, batch 1089",72.0,"3- B,S,C","mild strawberry, cocoa, acidic",4.0
498,Cuba,"Baracoa, Guantanamo Province, (72% Beans)",72.0,"3- B,S,C","bitter, fatty, woodsy",3.0
499,Madagascar,"Ambanja, 2018 harvest (74% Beans)",74.0,"3- B,S,C","tart, bitter, astringent",2.75
500,Trinidad,"Gran Couva, 2018 harvest (75% Beans)",75.0,"3- B,S,C","grassy, fatty, bittersweet",2.5
501,Ecuador,Ecuador,70.0,"3- B,S,C","burnt rubber, leather",2.5
502,Peru,Peru,70.0,"3- B,S,C","mild fruit, off notes",2.75
503,Venezuela,Venezuela,70.0,"3- B,S,C","nutty, roasty, smokey",2.75
504,Bolivia,Bolivia,70.0,"3- B,S,C","creamy, woody, slight cherry",3.0
505,Ecuador,Equateur,72.0,"3- B,S,C","sticky, mild mint, bitter",2.75
506,Uganda,Uganda,70.0,"3- B,S,C","sandy, roasty, coffee",2.75
507,Madagascar,"Ambanja, Sambirano Valley",70.0,"3- B,S,C","cherry, sour milk, brownie",3.0
508,Belize,Maya Mountain,70.0,"3- B,S,C","vanilla, sour, bubblegum",3.0
509,Peru,"Maranon, nano-lot #709, bar# 371",72.0,"3- B,S,C","dominate grape, plastic off note",3.25
510,Bolivia,"Beni, Cru Sauvage",74.0,"2- B,S","dark roast, rich cocoa",3.0
511,Venezuela,"San Esteban (Chloe, Maria, Patrice)",68.0,"3- B,S,C","butter, roasty, cocoa, nutty",3.5
512,Belize,Maya Mtn,70.0,"3- B,S,C","slightly metallic, woody, berry",3.25
513,Ecuador,Los Rios,75.0,"3- B,S,C","dry, sandy, cocoa",3.0
514,Ecuador,Arriba,55.0,"3- B,S,C","very sweet, very spicey",2.75
515,Costa Rica,la Amistad,70.0,"3- B,S,C","green, leafy",3.5
516,Peru,Ucayali River,72.0,"3- B,S,C","spicy, chocolatey, atypical",3.0
517,Ecuador,Costa Esmeraldas,72.0,"3- B,S,C","sl. chalky, floral, pure",3.5
518,Colombia,Tumaco Narino,83.0,"3- B,S,C","early fruit, earthy, alcohol",3.25
519,Dominican Republic,"Dominican Republic, ""Provincetown Dark""",69.0,"3- B,S,C","dried fruit, banana, sweet, vanilla",3.25
520,Blend,Blend No. 1,70.0,"3- B,S,C","cocoa, subtle peanut butter",3.5
521,Ecuador,Ecuador,70.0,"3- B,S,C","floral, earthy",3.25
522,Belize,Maya Mountain w/ nibs,75.0,"2- B,S","bland, mild choco & leather",3.0
523,Belize,Maya Mountain,82.0,"2- B,S","powdery, bland, mild choco",3.25
524,Vietnam,"Mekong Delta, early 2014 Harvest",70.0,"2- B,S","roasty, sour milk, off note",2.75
525,Malaysia,"Tawau, Oct. 2015 Harvest",70.0,"2- B,S","high roast, banana raspberry",3.5
526,Nicaragua,La Dalia,72.0,"3- B,S,C","grassy, rubbery",2.5
527,Dominican Republic,Zorzal,71.0,"3- B,S,C","chunky, spicy, rubbery",3.25
528,Peru,"Peru, batch C7",65.0,"2- B,S","flat, metallic, floral",2.5
529,Peru,"Peru + nibs, batch C6",65.0,"2- B,S","flat, floral, medicinal",2.75
530,Dominican Republic,"Dominican Republic, batch 5",80.0,"2- B,S","spicy, earthy off notes",2.5
531,Madagascar,"Ottange Farm, Mava P., Ramena River, Sambirano",74.0,"2- B,S","sugar dominates, molasses",3.0
532,Madagascar,Madagascar,70.0,"2- B,S","mild, fruity then nutty",3.75
533,Venezuela,Venezuela,68.0,"2- B,S","mild, earthy, grassy",3.75
534,Peru,"Tumbes, ""Zarumilla""",90.0,"2- B,S*","sticky, bitter, molasses, tart",2.5
535,Blend,"Philly Blend, 5 plantations",80.0,"2- B,S*","sticky, coconut, sour, bitter",2.5
536,Bolivia,Wild Bolivian,70.0,"2- B,S","gritty, molasses, earthy",2.5
537,Uganda,Uganda,70.0,"2- B,S","roasty, cocoa, molasses",2.75
538,Dominican Republic,Dominican Republic,60.0,"2- B,S","gritty, sweet, molasses",3.0
539,Dominican Republic,Dominican Republic,75.0,"2- B,S","sandy, rich, roasty, earthy",3.0
540,Venezuela,Ocumare,80.0,"2- B,S","gritty, nutty, caramel",3.0
541,Ecuador,Ecuador,70.0,"2- B,S","molasses, tart, floral",3.25
542,Nicaragua,Nicaragua,80.0,"2- B,S","nutty, roasty, bitter",2.75
543,Peru,Peru,74.0,"3- B,S*,C","unrefined, odd, vegetal",2.75
544,Dominican Republic,Tres Hombres,75.0,"3- B,S,C","earthy, coffee, mild, tang",3.25
545,Congo,"Congo, Gorilla bar",68.0,"3- B,S,C","bold, rich cocoa, coffee",3.5
546,Peru,"Peru, Awagum bar",80.0,"3- B,S,C","nuts, coffee, peanut butter",3.75
547,Ecuador,Ecuador,82.0,"3- B,S,C","sandy, fruity, burnt",2.5
548,Peru,Peru,68.0,"3- B,S,C","sandy, sweet, cocoa",2.75
549,Madagascar,Madagascar,72.0,"3- B,S,C","tart, bright fruit, sour coffee",3.25
550,Peru,Peru,70.0,"2- B,S","intense orange, floral notes",3.75
551,Peru,Maranon,69.0,"3- B,S,C","floral, orange, cocoa",3.75
552,Venezuela,Carenero Superior,80.0,"2- B,S","mild bitter, fruit, spice",3.75
553,Venezuela,Chuao,70.0,"3- B,S,C","nutty, mild dried fruit, sandy, off",2.75
554,Dominican Republic,Zorzal,72.0,"3- B,S,C","spicy, banana",3.25
555,India,"Idukki Hills, GoGround, batch 0089",70.0,"3- B,S,C","nutty, honey, grassy",3.0
556,Mexico,Xoconusco,70.0,"4- B,S,C,V","fatty, vanilla, mass market",2.5
557,India,"Anamalai, Tamil Nadu",63.0,"3- B,S,C","sandy, tart, ham, sweet",2.5
558,Guatemala,"Monte Grande Plantation, Coatepeque",76.0,"2- B,S","high astringent, fruit, roasty",2.75
559,Peru,Ucayali,70.0,"2- B,S","sandy, sweet",2.75
560,Venezuela,Patanemo,77.0,"3- B,S,C","coarse, vegetal, nibby",3.0
561,Mexico,"Chiapas, Lacandon Jungle, Oaxacom Mtn",65.0,"3- B,S,C","rustic,sweet, brownie, banana",3.25
562,Mexico,"Chiapas, Lacandon Jungle, Oaxacom Mtn",75.0,"3- B,S,C","grainy, sweet, whole bean",3.25
563,Guatemala,"Chivite, Cahabon River",70.0,"2- B,S","melon, mild spice, cocoa",3.25
564,Belize,"Maya Mountain, Toledo",70.0,"2- B,S",full flavor w/ dominant roast,3.5
565,Dominican Republic,Duarte,73.0,"2- B,S","hazelnut, bold, strong roast",3.25
566,Ecuador,"Bolivar, Guaranda",71.0,"4- B,S,C,L","earthy, floral, mild bitter",2.5
567,Grenada,Guyave,71.0,"4- B,S,C,L","sweet, cardboard",2.5
568,Blend,Maragda,70.0,"4- B,S,C,L","sweet, marshmallow",3.0
569,Venezuela,Ocumare,71.0,"4- B,S,C,L","long lasting, cocoa base",3.5
570,Blend,Kendari,60.0,"4- B,S,C,L","chewy, fudge-like, perfume",3.25
571,Blend,Tarakan,75.0,"4- B,S,C,L","oily, grassy, minty",3.25
572,Mexico,Xoconusco,71.0,"4- B,S,C,L","earthy, sweet",3.25
573,Madagascar,Sambirano,71.0,"4- B,S,C,L","spicey, cocoa",3.5
574,Mexico,Tabasco,65.0,"2- B,S","coarse, sweet, sour, leathery",2.5
575,Mexico,Tabasco,75.0,"2- B,S","gritty, mild bitter, off notes",2.5
576,Venezuela,Ocumare,80.0,"4- B,S,C,V","dry, ashey, medicinal",2.5
577,Mexico,"Porcelana, Tabasco",70.0,"4- B,S,C,V","fatty, cigarette butt, coffee",2.75
578,Brazil,Brazilian,70.0,"4- B,S,C,V","oily, muted, fruity",3.0
579,Brazil,Brazilian,80.0,"4- B,S,C,V","roasty, tart, slight burnt",3.0
580,Venezuela,Ocumare,70.0,"4- B,S,C,V","slow, fatty, subdued, nutty",3.0
581,Venezuela,"Chuao w/ nibs, 2017-2018 harvest, Batch 9",75.0,"2- B,S","mild lemon, cocoa, crisp nibs",3.75
582,Madagascar,"Bejofo, 2019 H., Batch 20",67.0,"2- B,S","cherry, perfectly balanced roast",4.0
583,Guatemala,"Verapaz, 2017 harvest, Batch 14",70.0,"2- B,S","rich, raisiny, molasses",3.5
584,Belize,"Maya Mountain, 2017 harvest, Batch 11",70.0,"2- B,S","fruity, honey, cocoa, roasty",3.75
585,Tanzania,"Kokoa Kamili, harvest 2018",75.0,"2- B,S","roasty, cocoa, sandy, coffee AT",3.5
586,Bolivia,"Wild Tranquilidad, harvest 2018, batch 9",75.0,"2- B,S","hint of lemon, classic brownie",3.75
587,Martinique,Guadeloupe,42.0,"4- B,S,V,L","gritty, sweet, hot cocoa",2.75
588,Peru,"Ucayali, batch 1",70.0,"2- B,S","sweet, sandy, spicy",2.75
589,Peru,Ucayali,75.0,"3- B,S,C","bold, spice, hit of anise",3.75
590,Dominican Republic,Oko Caribe,72.0,"3- B,S,C","smooth, spicy, cocoa",3.75
591,Costa Rica,"Hacienda Azul, 2017 harvest",70.0,"3- B,S,C","cocoa, woody, basic",3.25
592,Ecuador,"Camino Verde, 2017 harvest",73.0,"3- B,S,C","rich cocoa, floral, acidic",3.5
593,Tanzania,"Kokoa Kamili, 2017 harvest",72.0,"3- B,S,C","basic cocoa,mild fruit, sweet",3.5
594,Brazil,"Fazenda Camboa, 2017 harvest",70.0,"3- B,S,C","creamy, dried fruit, nutty",4.0
595,Vietnam,"Vietnam, Marou 2017 harvest",72.0,"3- B,S,C","roasty, hammy, nutty",3.0
596,Peru,"Maranon Canyon, Fortunato No. 4",68.0,"3- B,S,C","oily, citrus, orange",3.75
597,Venezuela,Choroni,61.0,"5- B,S,C,V,L","sweet, peanut butter",3.0
598,Venezuela,Chuao,77.0,"3- B,S,C","red berry, bitter, roasty, sour",2.75
599,Blend,Terreiro Velho P. w/ sugar crystals,80.0,"3- B,S,C","bitter, light lime, sour",3.0
600,Blend,"Terreiro Velho P., Sao Tome & Principe",75.0,"3- B,S,C","dry, sandy, cocoa, coffee",3.75
601,Blend,"Principe, Sao Tome & Principe",100.0,"3- B,S,C","chalky, musty, very bitter",1.0
602,Blend,"Terreiro Velho P., Sao Tome & Principe",73.5,"2- B,S","short,mild cocoa, mild fruit",3.75
603,Dominican Republic,Oko Caribe,70.0,"3- B,S,C","spice, earthy, honey, sour",3.5
604,Haiti,Pisa,79.0,"3- B,S,C","blueberry, sweet edge, pure",3.5
605,Ecuador,"Camino Verde P., Balao, Guayas, 2014, batch 1",73.0,"2- B,S","creamy, floral, bourbon",3.5
606,Peru,Ucayali,70.0,"3- B,S,C","balanced, anise, creamy",3.5
607,St. Lucia,St. Lucia,70.0,"4- B,S,C,V","raw, dirty, metallic, dry",2.25
608,Peru,"Maranon, batch 244PEmaD",68.0,"3- B,S,C","molasses, dried fruit, tart, off",3.0
609,Madagascar,"Sambirano, batch 236MAsaD77",77.0,"2- B,S","Rich cocoa, tart, papery",3.25
610,Colombia,"Tumaco, batch 227COtm",70.0,"3- B,S,C","sweet, cocoa, cardboard off",3.25
611,Venezuela,Carenero Superior,80.0,"3- B,S,C","very sour, mildly bitter",2.75
612,Bolivia,Moxos,72.0,"3- B,S,C","dry, coffee, sour",3.25
613,Venezuela,Ocumare,70.0,"3- B,S,C","minty, nutty, nutmeg",3.75
614,Ecuador,Esmeraldas,88.0,"3- B,S,C","slightly burnt, mildly bitter",2.75
615,Venezuela,Sur del Lago,70.0,"3- B,S,C",cocoa then roasted nut,3.25
616,Ecuador,Camino Verde,76.0,"2- B,S","bold, roasty, sticky, brownie",3.5
617,Vietnam,"Tien Giang, 2015, batch 10-2-16",78.0,"2- B,S","woody, nutty, off sour note",2.75
618,Peru,Ucayali,68.0,"3- B,S,C","spicy, vanilla, sweet, cocoa",3.25
619,Philippines,Malah Na Bulong,70.0,"3- B,S,C","cocoa, grass, off notes",2.5
620,Ivory Coast,"Ivory Coast, Rainforest Alliance, batch 7",70.0,"3- B,S,C","off, harsh, dirty, chemical",2.5
621,Tanzania,Kokoa Kamili,75.0,"3- B,S,C","cocoa, mild fruit",3.5
622,Madagascar,"Sambirano, Menava P.",72.0,"3- B,S,C","creamy, woodsy, cocoa",3.0
623,Mexico,"Porcelana, Tabasco, Mexico",72.0,"3- B,S,C","intense, tangy, berry, sour",3.0
624,Venezuela,"Porcelana, Venezuela",72.0,"3- B,S,C","lemon, sour, slight metallic",3.0
625,Peru,"Porcelana, Apotequil",72.0,"3- B,S,C","creamy, buttery, non descript",3.0
626,Peru,"Porcelana, Apotequil",62.0,"3- B,S,C","woodsy, nutty",3.25
627,Venezuela,Chuao 100hr,70.0,"3- B,S,C","slow, less intense berry, nutty",3.5
628,Venezuela,Chuao 70hr,70.0,"3- B,S,C","dark berry, winey",3.75
629,Grenada,Grenada,72.0,"3- B,S,C",coffee and cocoa,3.25
630,Venezuela,Chuao,70.0,"3- B,S,C","fruity, bland",3.0
631,Ecuador,"Los Rios, H. Iara",72.0,"3- B,S,C","harsh aroma, melon floral,off",2.5
632,Trinidad,Trinidad,72.0,"3- B,S,C","dry, spicy, woody",3.0
633,Jamaica,Jamaica,72.0,"3- B,S,C","oily, fatty, rum",3.25
634,Venezuela,Ocumare 61,72.0,"3- B,S,C","oily, coffee",3.25
635,Ghana,Ghana Puristique,85.0,"3- B,S,C","silky, minty",3.5
636,Ecuador,Ecuador Puristique,100.0,"3- B,S,C",high intensity bitter,1.5
637,Blend,"Uba Budo, Sao Tome & Principe",72.0,"3- B,S,C","creamy, nutty, cocoa",3.75
638,Madagascar,Madagascar,70.0,"3- B,S,C","sandy, sweet, tart red berry",3.5
639,Ecuador,"Ecuador, Puristique",65.0,"4- B,S,C,L","oily, fragrant, spciy",3.25
640,Ghana,Ghana,75.0,"3- B,S,C","oily, rich cocoa, nutty",3.75
641,Blend,Sensations Intense,70.0,"3- B,S,C",this is not chocolate,1.0
642,Tanzania,"Tanzania, batch a1",75.0,"3- B,S,C","spice, roasty, off fatty note",3.25
643,Brazil,"Bahia, batch a1213",65.0,"3- B,S,C","sandy, sweet, smokey",3.25
644,Fiji,"Namau Village, N. Taileva P., batch a2812",67.0,"3- B,S,C","acidic, sweet, cucumber",3.25
645,Vanuatu,"Vanuatu, batch 2410",64.0,"3- B,S,C","sandy, sweet, spicy, roasty",3.25
646,Papua New Guinea,"Djual Island, batch 1712",75.0,"3- B,S,C","sandy, sweet, nutty",3.5
647,Papua New Guinea,"New Ireland, batch 1702",70.0,"3- B,S,C","true to sugar, molasses",2.5
648,Vanuatu,"Vanuatu, batch 2410",83.0,"3- B,S,C",banana nut,2.75
649,Ecuador,"heirloom, Arriba Nacional",85.0,"3- B,S,C","oily, mild bitter, nutty, fruit",3.25
650,Ecuador,"heirloom, Arriba Nacional",73.0,"3- B,S,C","creamy, complex, fruity",3.75
651,Dominican Republic,"Zorzal, batch 40",70.0,"2- B,S","deep cherry, earthy, rubbery",3.25
652,Colombia,"Aruaca, batch 39",70.0,"2- B,S","nutty, citrus",3.25
653,Honduras,"Wampusirpi, batch 41",70.0,"2- B,S","banana, spicy, grassy",3.5
654,Ecuador,"Camino Verde, batch 84",70.0,"2- B,S","bold, black tea, floral, banana",3.25
655,India,"Anamalai, Pollachi City, batch 148",70.0,"2- B,S","sticky, cocoa, honey",3.75
656,Guatemala,"El Peten, batch 21156",72.0,"2- B,S","sticky, mild molasses, mango",3.5
657,Nicaragua,"La Dalia, batch 21266",72.0,"2- B,S","mild molasses, creamy, caramel",3.5
658,Honduras,"La Masica, batch 21155",72.0,"2- B,S","floral, mild molasses, astringent",3.0
659,Haiti,"Pisa, 2020 harvest, batch 20111",70.0,"3- B,S,C",rich malt,3.5
660,Belize,"Maya Mountain, 2020 harvest, batch 20107",75.0,"3- B,S,C","raspberry, cocoa",3.5
661,Guatemala,"Lachua, Cacao Verapaz, 2018 harvest, batch 20092",70.0,"3- B,S,C","sandy, sweet, basic cocoa base",3.25
662,Mexico,"Tabasco, Agrofloresta Cacao, 2020 h., batch 20098",70.0,"3- B,S,C","raisins, honey, molassses",3.5
663,Mexico,"Comalcalco, Tabasco, b. 2370003, 2019 harvest",73.0,"2- B,S","deep cocoa, fruit, melon",3.75
664,Australia,"Daintree Estates, N. Queensland",70.0,"5- B,S,C,V,L","vanilla, banana, citrus",3.25
665,Australia,Goodman Estate,70.0,"3- B,S,C","sandy, candy like vanilla, off",2.75
666,Dominican Republic,"Dominican Republic, batch 7",72.0,"2- B,S","hammy, sour, astringent",2.75
667,Trinidad,Robson Estate,70.0,"3- B,S,C","floral, sour, synthetic, off",3.0
668,Ecuador,Los Rios,70.0,"3- B,S,C","floral, banana",3.5
669,Grenada,Crayfish Bay aka Non Pariel Estate,70.0,"3- B,S,C","off, pungent, intense",2.25
670,Nicaragua,O'Payo,70.0,"3- B,S,C","oily, grapes, pungent",2.75
671,Blend,"Angel Bar, Nicaragua, Madagascar",65.0,"4- B,S,C,L","sweet, vinegar",2.5
672,Puerto Rico,"Puerto Rico, collab w/ USDA (Juan Echevarria)",68.0,"4- B,S,C,L","harsh woody/green, cocoa base",2.5
673,India,Anamalai,72.0,"4- B,S,C,L","fresh fruit, sour cherry, roasty",3.0
674,Peru,"Ucayali, collab w/ USAID & Alanzo Cacao",72.0,"4- B,S,C,L","raisiny, slight anise, roasty",3.5
675,Costa Rica,Upala,70.0,"2- B,S","dried fruit, tannic",3.0
676,Colombia,Colombian,70.0,"2- B,S","grassy, green, candy spice",3.25
677,Dominican Republic,"Elvesia, 2011",70.0,"2- B,S","spicy, fudgey",3.75
678,Venezuela,"Cumboto, farmer Jose Lugo, batch 1",70.0,"2- B,S","acidic, sour, cocoa",2.75
679,Venezuela,"Patanemo, batch 3",70.0,"2- B,S","licorice, sour, rich cocoa",3.25
680,Venezuela,"Mantuano, 2012, batch 1",70.0,"2- B,S","roasty, oreo shell, coffee",3.5
681,Papua New Guinea,"Papua New Guinea, batch 1",70.0,"2- B,S","mild smoke, raspberry,cocoa",3.5
682,Belize,Maya Mountain,70.0,"2- B,S","heavy roast, blackberry",3.5
683,Ecuador,"Camino Verde P., Balao, Guayas, 2013",70.0,"2- B,S","gummy, nutty, bourbon",3.5
684,Liberia,Buto,70.0,"2- B,S","roasty, spicy, nutty",2.75
685,Dominican Republic,"San Francisco de Macoris, Cibao region",70.0,"2- B,S","cherry, rich choco",3.75
686,Belize,"Maya Mtn., Break Bar- Snark",70.0,"2- B,S","intense, roasty, coffee, raisin",3.0
687,Dominican Republic,"Zorzal Reserva, 2015 H., Kerchner",70.0,"2- B,S","cherry, rich choco",3.75
688,Costa Rica,"Hacienda Azul, 2016 Harvest",70.0,"2- B,S","cocoa, sour, toffee, earthy",3.0
689,Sierra Leone,"Gola Rainforest, 2017 harvest",70.0,"2- B,S","vegetal, high astringency",3.0
690,Honduras,"WAMPU, La Mosquitia, 2017 harvest",70.0,"2- B,S","nutty, moderate acidity",3.25
691,India,"Anamalai, 2017 harvest",70.0,"2- B,S","ripe orange, citrus",3.5
692,Vietnam,"Ben Tre, 2018 Harvest",70.0,"2- B,S","green apple, sticky",3.5
693,Tanzania,"Kokoa Kamili, 2017 h., batch 2",70.0,"2- B,S","dairy, honey, cocoa",3.5
694,Brazil,"Vale Potumuju, 2019 h., batch 1",70.0,"2- B,S",distinct choco and graham,4.0
695,Peru,"Piura Blanco, 2015 h.,Norandino Coop, batch 1",70.0,"2- B,S","grape, pungent",3.25
696,Dominican Republic,"Zorzal Estate, 2016 h., batch 1",70.0,"2- B,S","faint fruit, basic fudgey",3.5
697,Guatemala,"Cahabon, Cacao Verapaz, ADIOESMAC, batch 1",70.0,"2- B,S","pungent, woody, choco pudding",2.75
698,India,"Anamalai, 2018 H., batch 1",70.0,"2- B,S","pungent, sour, tart, intense",2.75
699,India,"Anamalai, 2019 H., batch 1, nutmeg fermentation",70.0,"2- B,S","orange soda, sour",3.25
700,Dominican Republic,Dominican Republic,70.0,"2- B,S","grassy, fruity, brownie",3.25
701,Madagascar,Madagascar,70.0,"2- B,S","brownie, red berry",3.25
702,Tanzania,Tanzania,70.0,"2- B,S",cocoa flavor dominates,3.25
703,Dominican Republic,"Zorzal Estate, 2017 h.",70.0,"2- B,S","light caramel, sl. dry, earthy",3.0
704,Guatemala,Las Acacias E.,75.0,"4- B,S,C,V","dark woody, plum, astringent",3.0
705,Guatemala,Las Acacias E.,60.0,"4- B,S,C,V","wood, holiday spice, soap",3.25
706,Guatemala,Los Ujuxtes,60.0,"4- B,S,C,V","oily, dried fruit, vanilla",3.5
707,Venezuela,Chuao,75.0,"4- B,S,C,V","gummy, fatty, caramel",3.0
708,Guatemala,Los Ujuxtes,70.0,"2- B,S",spicy,3.75
709,Madagascar,Sambirano,70.0,"2- B,S","oily, toffee, hints of fruit",3.75
710,Guatemala,Las Acacias E.,70.0,"2- B,S","sweet spice, floral",4.0
711,Guatemala,"Oscuro, Finca Chimelb",70.0,"2- B,S","nutty, ashey, spicy pepper",3.25
712,Guatemala,Los Ujuxtes,82.0,"4- B,S,C,V","fatty, sunflower, peanutbutter",3.25
713,Venezuela,"Venezuela, batch 122",72.0,"2- B,S","nut, tobacco, burnt, off notes",2.75
714,Vietnam,Vietnam,72.0,"2- B,S","raisins, astringent",3.0
715,Blend,"DUO, batch 002, Ecuador, Costa Rica",70.0,"2- B,S","floral, licorice, roasty",3.25
716,Peru,Piura,72.0,"4- B,S,C,L","muted, creamy, grapes, fatty",3.0
717,Vietnam,Mekong Delta,70.0,"4- B,S,C,L","muted, creamy, basic cocoa",3.25
718,Madagascar,Madagascar,70.0,"3- B,S,C","sweet, strong sour, acidic",3.0
719,Venezuela,Ocumare,70.0,"3- B,S,C","roasty, nutty, sweet",3.25
720,Tanzania,Tanzania,70.0,"3- B,S,C","intense, sweet, brownie",3.0
721,Ecuador,Ecuador,70.0,"3- B,S,C","bold, floral, rum",3.25
722,Bolivia,Bolivia,75.0,"3- B,S,C","mild cherry, fatty",3.25
723,Blend,West Africa,58.0,"4- B,S,C,L","nice melt, odd rubber notes",3.25
724,Ghana,Ghana,70.0,"4- B,S,C,L","vanilla, fatty, basic cocoa",2.5
725,Dominican Republic,Rainforest,70.0,"4- B,S,C,L","chalky, vanilla, caramel",2.75
726,Venezuela,Venezuela,70.0,"4- B,S,C,L","fatty, powdery, nut, sl. Burnt",2.75
727,Brazil,"Nativo, Varzea",72.0,"3- B,S,C","texture issues, brownie",3.5
728,Brazil,"Selvagem, Jari",65.0,"3- B,S,C","one dimensional, brownie",3.5
729,Uganda,Bundibugyo District,70.0,"3- B,S,C","high roast, intense, fatty",2.5
730,Madagascar,"Sambirano Valley, batch 2477",70.0,"3- B,S,C","high roast, fruit",3.0
731,Madagascar,Madagascar,66.0,"4- B,S,C,V","sandy, cloying, rich cocoa",2.5
732,Costa Rica,Costa Rica,64.0,"4- B,S,C,V","dark coffee, cocoa",3.0
733,Ecuador,Ecuador,71.0,"4- B,S,C,V","cinamon, nutmeg, coffee",3.0
734,Ghana,Ghana,60.0,"4- B,S,C,V","nutty, simple, sweet",3.0
735,Papua New Guinea,Papua New Guinea,64.0,"4- B,S,C,V","waxy, tobacco, smokey",3.0
736,Peru,Peru,64.0,"4- B,S,C,V","mild mint, basic cocoa",3.0
737,Venezuela,Venezuela,66.0,"4- B,S,C,V","fatty, rich cocoa, roasty",3.75
738,Papua New Guinea,Papua New Guinea,64.0,"4- B,S,C,V","smokey,chalky,berry,caramel",3.0
739,Dominican Republic,Elvesia,70.0,"2- B,S","metallic, dirt/ earthy",2.5
740,Dominican Republic,Duarte Province,70.0,"2- B,S","dirty, floral, unrefined",2.5
741,Dominican Republic,Duarte Province,80.0,"2- B,S","mild bitter, fatty, grassy",3.0
742,Tanzania,"Kilombero, batch 41",72.0,"2- B,S","vanilla, chemical, rubber",2.5
743,Guatemala,"Monte Grande, batch 178",72.0,"2- B,S","smokey, roasty, acidic, rich",3.0
744,Costa Rica,Costa Rica,77.0,"2- B,S","red berry, lingering coffee",3.5
745,Dominican Republic,Dominican Republic,77.0,"2- B,S","sticky, woodsy, rum",3.5
746,Bolivia,Bolivian,80.0,"2- B,S","intense fruit, bitter ending",2.75
747,Madagascar,Sambirano,80.0,"2- B,S","sandy, flat, hint of berry",2.75
748,Venezuela,Mantuano,75.0,"2- B,S","sticky, very roasty, nutty",2.75
749,Dominican Republic,La Red,74.0,"2- B,S","earthy, tart, sour",3.0
750,Ecuador,Ecuador,70.0,"2- B,S","grassy, tea, late sour",3.25
751,Bolivia,Bolivia,75.0,"2- B,S","dry, mint, medicinal",2.75
752,Ecuador,"Ecuador, Choc. Garage Exclusive",70.0,"2- B,S","oily, black pepper, roasty",3.25
753,Ecuador,Camino Verde,76.0,"2- B,S","butter, floral, rum",3.5
754,Dominican Republic,Elvesia,74.0,"2- B,S","mild fruit and spice, roasty",3.5
755,Bolivia,"Alto Beni, Wild Harvest, Limited Ed.",70.0,"2- B,S","sticky, rich, cherry",3.75
756,Vietnam,Tien Giang,78.0,"2- B,S","tropical berry, intense",3.5
757,Guatemala,Lanquin Estate,70.0,"2- B,S","blackberry, raisns",3.75
758,Brazil,"Fazenda Camboa, Bahia, batch 17009",75.0,"2- B,S","sticky, roasty nibs, grapes",3.75
759,Solomon Islands,"Solomon Is.,batch 17158, N.Vela",72.0,"2- B,S","well defined, creamy, cherry",4.0
760,Fiji,"Vanua Levu, Matasawalevu",80.0,"2- B,S","cocoa, tea, malt",3.75
761,Belize,"Maya Mtn, Toledo",72.0,"2- B,S","creamy, sticky, dried fruit",4.0
762,Madagascar,"Akesson P., Sambirano",72.0,"2- B,S","sticky, dried fruit, toast, cocoa",3.75
763,Blend,"Northerner, Madagascar and Brazil",73.0,"2- B,S","burnt honey, earthy",3.5
764,Jamaica,"Bachelor's Hall, batch 20240",75.0,"2- B,S","sl. bitter, black licorice, dried fig",3.75
765,Mexico,"Soconusco, Rayen Cacao Co-op, batch 21154",72.0,"2- B,S","dried fruit, fig, astringent, sticky",4.0
766,Madagascar,Madagascar,63.0,"3- B,S,C","sl sour, grassy, off, fatty",3.0
767,Peru,Peru,65.0,"3- B,S,C","peanut butter, dirty",2.75
768,Vietnam,Vietnam,70.0,"3- B,S,C","sweet, fatty, rancid",2.75
769,Bali,Bali,65.0,"3- B,S,C","earthy, astringent, metallic",2.5
770,Sao Tome,"Sao Tome, unroasted, batch UNR-18-003",70.0,"4- B,S,C,L","cocoa, raw, dirty, chemical",2.75
771,Sao Tome,"Sao Tome, batch OST-18-01",65.0,"4- B,S,C,L","complex, sweet, sour, grassy",3.0
772,Sao Tome,"Sao Tome, Grand Cru Plantation, amelonado",75.0,"4- B,S,C,L","late cocoa, harsh, off notes",2.5
773,Sao Tome,"Sao Tome, batch TRI-18-002, trinitario",75.0,"4- B,S,C,L","bland, fatty, fruit",3.0
774,Panama,"Panama, Raven",72.0,"3- B,S,C","mild cherry, earthy",3.25
775,Venezuela,"Puerto Cabello, Mantuano",72.0,"3- B,S,C","fatty, rasin, nutty",3.25
776,Nicaragua,Johe,72.0,"3- B,S,C","nutty, caramel, toffee",3.5
777,Venezuela,Puerto Cabello,85.0,"3- B,S,C","intense, spicy, floral",3.0
778,U.S.A.,"O'ahu Island, N. Shore, Waialua Estate",70.0,"3- B,S,C","creamy, nutty, fruity",3.75
779,Blend,Noir,70.0,"3- B,S,L","acidic, astringent, unpleasant",1.5
780,Blend,"Africa, West Africa",88.0,"3- B,S,L","sticky, floral",3.0
781,Venezuela,Sur del Lago Classificado,70.0,"2- B,S","long lasting, fruit",3.0
782,Peru,Apurimac,70.0,"2- B,S","floral, olive",3.25
783,Venezuela,Carenero Superior,70.0,"2- B,S","creamy, basic cocoa",3.5
784,Venezuela,Porcelana,70.0,"2- B,S","creamy, complex, coffee",4.0
785,Venezuela,"Ocumare 61, Puertomar",75.0,"2- B,S","sticky, smoke, ham, earthy",3.25
786,Venezuela,Granella,60.0,"2- B,S","mild spice, licorice",3.25
787,Madagascar,Madagascar,70.0,"2- B,S","fruity, basic cocoa",3.5
788,Madagascar,Madagared,70.0,"2- B,S","smooth, banana, cocoa",3.5
789,Indonesia,"Java, Javablond",70.0,"2- B,S","creamy, smokey, tobacco",3.75
790,Ecuador,Ecuador,70.0,"2- B,S","creamy, nuts, woody, cocoa",4.0
791,Venezuela,"Ocumare 67, Puertofino",70.0,"2- B,S","creamy, mint, tobacco, olive",4.0
792,Venezuela,"Carupano, H. San Jose",70.0,"2- B,S","cucumber, hot spices",3.0
793,Colombia,Teyuna,70.0,"2- B,S","creamy, woody, earthy",3.0
794,Blend,Blend No. 1,78.0,"2- B,S","sticky, grassy, coffee",3.5
795,Blend,Ilblend,70.0,"2- B,S","sticky, olive",3.75
796,Venezuela,"Chuao, Hacienda San Jose",70.0,"2- B,S","subtle, caramel, sour milk",3.0
797,Venezuela,"Canoabo, Hacienda San Jose",70.0,"2- B,S","smooth, intense, smoke, nut",3.5
798,Tanzania,Morogoro,70.0,"2- B,S","sticky, nutty",3.5
799,Venezuela,Guasare,70.0,"2- B,S","creamy, coffee, caramel",3.75
800,Venezuela,"IL100, H. San Jose, batch NDL3A01",100.0,"3- B,S,C","smooth, fruit, coffee, bitter",3.0
801,Ecuador,Hacienda Victoria,70.0,"2- B,S","floral, well developed, creamy",3.75
802,Venezuela,Ocumare 77,70.0,"2- B,S","nutty, strawberry, creamy",3.75
803,Tanzania,Tanzania,70.0,"2- B,S","creamy, sticky, fruit",4.0
804,Brazil,Brazil,70.0,"2- B,S","grassy, herbal, tea",3.5
805,Venezuela,"Rio Caribe, Batch 7",70.0,"3- B,S,C","burnt rubber, molasses",2.5
806,Colombia,"Colombia, Batch 9",80.0,"3- B,S,C","bitter,molasses,marshmallow",2.75
807,Madagascar,"Madagascar, Batch 8",77.0,"3- B,S,C","fruity, molasses",2.75
808,Grenada,Non Pariel Estate,75.0,"3- B,S*,C","licorice, molasses, rubber",2.75
809,Philippines,"Kablon Farm, batch 242",71.5,"3- B,S*,C",molasses notes from sugar,2.75
810,Guatemala,"Verapaz, batch 254",72.0,"3- B,S*,C","near perfect shine, cocoa",3.5
811,Peru,"Piura, batch 274",80.0,"2- B,S*","molasses, fruit",3.5
812,Belize,"Trio Reserve, 2020 h. batch D002",78.0,"3- B,S,C",molasses notes dominate,3.25
813,Dominican Republic,Oko Caribe,75.0,"2- B,S","dry, earthy, walnut",2.5
814,Tanzania,Kokoa Kamili,70.0,"2- B,S","dry, sour, sweet, mild fruit",2.75
815,Dominican Republic,Hispaniola,75.0,"2- B,S","dry, cocoa, grassy, spicy",3.0
816,Dominican Republic,"Zorzal, Cibao, San Francisco de Macoris",70.0,"2- B,S","tobacco, roasty, hint of fruit",3.25
817,Nicaragua,"O'Payo, Wasalala Co-op",75.0,"2- B,S","earthy, dirty",2.75
818,Haiti,Pisa,70.0,"2- B,S","rich brownie, roasty, coffee",3.25
819,Panama,Panama,70.0,"3- B,S,C",caramel and cocoa,3.5
820,Ecuador,"Corazon del Ecuador, Calceta beans",72.0,"3- B,S,C","rich cocoa, fruity, strong floral",3.75
821,Ecuador,Star of Ecuador,70.0,"3- B,S,C","chalky, bread, dirt",2.5
822,Peru,Star of Peru,70.0,"3- B,S,C","dark forest berry, spice",3.75
823,Honduras,"Indio Rojo, Xoco",72.0,"3- B,S,C","dried fruit, grapes, sour",3.75
824,Dominican Republic,Dominican Republic,65.0,"3- B,S,C","heavy roast, woody, berry",3.5
825,Panama,"Bocas del Toro, Tierra Oscura",72.0,"3- B,S,C","licorice, leathery",3.0
826,Nicaragua,"Nicaliso, Xoco",71.0,"3- B,S,C","intense, almond, coffee",3.25
827,Venezuela,Ocumare,71.0,"3- B,S,C",intense cocoa,3.5
828,Venezuela,Ocumare,72.0,"3- B,S,C","creamy, nutty",3.75
829,Nicaragua,"Chuno, Xoco",70.0,"4- B,S,C,L","sandy, full bodied, spicy",3.5
830,Nicaragua,"Rico Rugoso, Xoco",76.0,"4- B,S,C,L","black pepper, rich, intense",3.75
831,Guatemala,"Rio Dulce, Xoco",70.0,"4- B,S,C,L","intense, spicy, butterscotch",4.0
832,Nigeria,Eti-Oni,70.0,"4- B,S,C,L",candy like off flavor,2.75
833,Guatemala,Mayan Red,80.0,"4- B,S,C,L","intense earthy, cocoa, roasty",3.25
834,Philippines,South Cotabato,70.0,"4- B,S,C,L","cocoa, honey, watery, sweet",3.5
835,Nicaragua,"Juno, batch 201006",70.0,"4- B,S,C,L","fruit, holiday spice",3.5
836,Dominican Republic,"Dominican Republic, batch 1507",70.0,"2- B,S","coarse, earthy, mild banana",3.25
837,Madagascar,Madagascar,82.0,"3- B,S,C","fatty, muted",2.75
838,Peru,"Maranon, Joya Rara",70.0,"3- B,S,C","sandy, orange, butterscotch",3.5
839,Venezuela,"Rio Caribe, Tepui Treasure",70.0,"3- B,S,C","fatty, roasty, intense brownie",3.5
840,Dominican Republic,Taino Secret,70.0,"3- B,S,C","dates, acidic, rich cocoa",3.25
841,Venezuela,"Carenero, Empyrean Sabor",70.0,"3- B,S,C","cherry, earthy, tobacco",3.25
842,Ecuador,Corona Arriba,70.0,"3- B,S,C",blackberry and cinnamon,4.0
843,Peru,Piura Blanco,70.0,"3- B,S,C","smoth, dense, grape",4.0
844,Dominican Republic,Zorzal,70.0,"3- B,S,C","accidental spicy (Kulfi?), burn",3.0
845,Peru,"Peru, batch P116",70.0,"3- B,S,C","waxy, spicy, tobacco",3.25
846,Madagascar,"Madagascar, batch M132",70.0,"3- B,S,C",ultra fruity,3.5
847,Dominican Republic,"Dominican Republic, batch DR113",70.0,"3- B,S,C","spicy, cocoa",3.75
848,Colombia,Tumaco,70.0,"3- B,S,C","dried fruit, strong floral",3.25
849,Colombia,Arauca,70.0,"3- B,S,C","mild, dried fruit, chocolate",3.25
850,Peru,"Maranon, Good & Evil, w/ nibs",72.0,"3- B,S,C","buttery, burlap",2.75
851,Peru,"NOE, nacional/criollo, batch 1",80.0,"2- B,S","nutty, almond butter",3.5
852,Venezuela,Porcelana,68.0,"2- B,S","dry, gritty, cardboard, nutty",3.0
853,Madagascar,"Akessons, Sambirano Valley",70.0,"2- B,S","molasses, red fruit, astringent",3.0
854,Colombia,Tumaco,70.0,"2- B,S","cocoa, spice, alcohol, dirty",3.0
855,Bolivia,Alto Beni,71.0,"4- B,S,C,L","lemon, tart, burnt, chemical",2.75
856,Bolivia,"Alto Beni, Covendo Region",75.0,"4- B,S,C,L","nutty, rich, red berry",3.75
857,Venezuela,"Carenero Superior, Gran Saman",70.0,"5- B,S,C,V,L","gritty, chalky, earthy, sour",2.75
858,Venezuela,"Carenero Superior, Apamate",74.0,"5- B,S,C,V,L","sandy, banana, sour",2.5
859,Venezuela,"Carenero Superior, Bucare",58.0,"5- B,S,C,V,L","gritty, sweet, banana, smoke",2.5
860,Venezuela,"Carenero Superior, Mijao",61.0,"5- B,S,C,V,L","muted, cherry, banana",3.0
861,Venezuela,"Rio Caribe, Cariaco",60.5,"5- B,S,C,V,L","very sweet, marshmallow",2.75
862,Venezuela,"Rio Caribe, Macuro",70.0,"5- B,S,C,V,L","sandy,bold,cherry,peanut butter",3.0
863,Venezuela,San Joaquin,70.0,"5- B,S,C,V,L","spicy, caramel, vanilla",3.75
864,Guatemala,"Polochic, batch 711",70.0,"3- B,S,C","cocoa, fig notes",3.5
865,Tanzania,"Kokoa Kamili, 2020 harvest, batch 1574",70.0,"3- B,S,C","heavy roast, choco, coffee-like",3.5
866,Madagascar,"Lazan'ny, 2019 harvest, batch 1547",70.0,"3- B,S,C","roasty, hammy, sour",3.25
867,Belize,"Maya Mtn., 2019 harvest, batch 1573",70.0,"3- B,S,C","dried fruit, raisiny, mild roast",3.5
868,Ecuador,"Puerto Quito, 2021 harvest, batch 1560",70.0,"3- B,S,C","fatty, floral, rum, roasty",3.0
869,Dominican Republic,"Zorzal, 2021 harvest, batch 1549",70.0,"3- B,S,C","dominate roast, fruit then earthy",3.0
870,Uganda,"Semuliki, 2019 harvest, batch 1575",70.0,"3- B,S,C","simple, mild caramel, choco",3.75
871,St. Lucia,Emerald Estate,60.0,"2- B,S","low refinement, too sweet",2.75
872,St. Lucia,Emerald Estate,70.0,"2- B,S","sandy, tannic, earthy",3.25
873,Venezuela,Patanemo,79.0,"3- B,S,C","coarse, woody, roasty",3.0
874,Peru,Peru,78.0,"3- B,S,C","brownine, nutty",3.5
875,Haiti,Pisa w/ nibs,70.0,"2- B,S","simple, mild cocoa, fruit",3.5
876,Guatemala,Asochivite,70.0,"2- B,S","spicy, sweet,",3.5
877,Dominican Republic,Oko Caribe,70.0,"2- B,S","earthy, floral, cocoa",3.25
878,Madagascar,Bejofo,70.0,"2- B,S","fruity, roasty",3.5
879,Honduras,"Wampusirpi, batch 007",75.0,"2- B,S","carrots, heavy roast",3.25
880,Vietnam,"Ben Tre, batch 77",72.0,"2- B,S","intens, brownie, spicy, metal",3.0
881,Sierra Leone,Gola Rainforest,70.0,"3- B,S,C","dirty, earthy, burnt, honey",2.5
882,Tanzania,Kokoa Kamili,80.0,"3- B,S,C","fruit, dirty",3.0
883,Trinidad,"Maiden Voyage Estate, Herbert Pasqual",72.0,"3- B,S,C","muddy, raisins, nut, rubbery",3.5
884,Blend,"Terreiro Velho P., Sao Tome & Principe",80.0,"3- B,S,C","unrefined, crumbly, sweet",3.25
885,Vietnam,Ben Tre,70.0,"3- B,S,C","spicy, green, long, intense",3.25
886,Vietnam,Ham Luong,80.0,"3- B,S,C","mild bitter, smoke, hammy",3.0
887,Vietnam,"Ba Lai, Mekong Delta",74.0,"3- B,S,C","grit,smoke, wood, blackberry",3.25
888,Venezuela,Ocumare,72.0,"4- B,S,C,V","woody, cocoa",3.0
889,Costa Rica,Guapiles,65.0,"4- B,S,C,V","sticky, slight plum, medicinal",2.0
890,Venezuela,Carenero Superior,81.0,"4- B,S,C,V","hazelnut, fruit, slight bitter",3.5
891,Blend,"Carenero, Guapiles, Ocumare blend",74.0,"4- B,S,C,V","sweet, vanilla, sticky",2.75
892,Venezuela,Rio Caribe,70.0,"4- B,S,C,V","nutty, ginger, off notes",2.75
893,Blend,"Roasted Cocoa Nibs, Latin America Blend, b.060321",65.0,"3- B,S,C","sweet, too few nibs, cocoa",3.0
894,Colombia,"Arhuacos, Sierra Nevada, batch 060221",70.0,"2- B,S","mild licorice, late mocha",3.5
895,Blend,"Peru, Madagascar",55.0,"4- B,S,C,V","gritty,overyly sweet,fruit punch",2.5
896,Trinidad,Trinidad,55.0,"4- B,S,C,V","grits, very sweet, banana",2.5
897,Venezuela,Porcelana,70.0,"4- B,S,C,V","strong vanilla, strawberry, nut",2.5
898,Blend,Red Vanilla,62.0,"4- B,S,C,V","sweet, vanilla, mild banana",2.75
899,Blend,"Venezuela, Trinidad",62.0,"4- B,S,C,V","gritty, sweet, vanilla, woody",2.5
900,Belize,Belize,80.0,"3- B,S,C","mild fruit, earthy",3.0
901,Ecuador,Ecuador,80.0,"3- B,S,C","spicy, roasty, mild bitter",3.5
902,Dominican Republic,Dominican Republic,80.0,"3- B,S,C","coarse, mild bitter, raisin",3.75
903,Guatemala,Guatemala,80.0,"3- B,S,C",prominent plum note,3.5
904,Uganda,Uganda,70.0,"3- B,S,C","sandy, basic cocoa, sweet",3.0
905,Peru,"Maranon, Fortunato",73.0,"3- B,S,C",dominated by heavy roast,3.0
906,Brazil,"Monte Alegre, D. Badaro, Raw, Organic",75.0,"2- B,S","perfume, floral, vanilla",2.75
907,Jamaica,Blue Mountain,76.0,"2- B,S","roasty, spicy, nutty",3.0
908,Venezuela,Cuyagua,76.0,"2- B,S","fatty, sandy, nutty, off notes",2.5
909,Belize,Maya Mountain,76.0,"2- B,S","metallic, off notes, powdery",2.75
910,Madagascar,"Madagascar, Grand Cru",64.0,"5- B,S,C,V,L","basic cocoa, short length",3.0
911,Venezuela,Maracaibo Clasificado,65.0,"5- B,S,C,V,L","creamy, floral, complex",3.0
912,Ecuador,Arriba,72.0,"5- B,S,C,V,L","fatty, rich, spice, nutty",3.5
913,Bolivia,"Alto Beni, Cru Savage",68.0,"5- B,S,C,V,L","complex, raspberry, cocoa",4.0
914,Blend,Supremo- SF,62.0,"5- B,S,C,V,L","malitol, cocoa",2.0
915,Dominican Republic,Elvesia P.,74.0,"5- B,S,C,V,L","creamy, roasty, cocoa",3.0
916,Grenada,Grenada,58.0,"5- B,S,C,V,L","spicey, marshmallow",3.5
917,Puerto Rico,Puerto Rico,65.0,"3- B,S,C","intense, molasses, sweet",2.25
918,Dominican Republic,Dominican Republic,80.0,"3- B,S,C","molasses, licorice, bitter",3.0
919,Dominican Republic,Dominican Republic,70.0,"3- B,S,C","sandy, sweet, mild fruit",3.25
920,Dominican Republic,Dominican Republic,85.0,"3- B,S,C","intense, molasses, bitter",2.5
921,Honduras,Honduras,70.0,"3- B,S,C","off, hammy, roasty",2.75
922,Mexico,Mexico,70.0,"3- B,S,C","banana, bland, sour, off",3.0
923,Colombia,"Chigorodo, batch 001",70.0,"3- B,S,C","nutty, melon, vinegar",2.75
924,Blend,"Ucayali (Peru), Papua New G., Tabasco (Mexico)",70.0,"3- B,S,C","fruit, cocoa, fatty",3.25
925,Papua New Guinea,Karkar Island,72.0,"4- B,S,C,L","caramel, acidic, creamy",3.5
926,Philippines,Mindanao Island,73.0,"4- B,S,C,L","creamy, honey, mild hammy",3.25
927,Solomon Islands,Guadalcanal,69.0,"4- B,S,C,L","plums, cocoa",3.5
928,Vanuatu,Malekula Island,72.0,"4- B,S,C,L","cherry, cocoa, creamy",3.75
929,Dominican Republic,"Oko Caribe, San Fran. De Mac.,batch A",75.0,"2- B,S","roasty, simple",3.5
930,Belize,"Maya Mtn, batch 7C",75.0,"2- B,S","hammy, dried fruit",2.75
931,Guatemala,"Monte Grande, batch 18",75.0,"2- B,S","hammy, large grits",2.75
932,Colombia,"Tumaco, batch 23abc",75.0,"2- B,S","high acidity, bitter, nutty",3.0
933,Madagascar,Bejofo,70.0,"3- B,S,C","molasses, sour notes",3.0
934,India,Goground,68.0,"3- B,S,C","muted, mild sweet cocoa",3.5
935,Tanzania,Kokoa Kamili,70.0,"3- B,S,C","fruit, spicy mild molasses",3.5
936,Peru,Rio Eni,72.0,"3- B,S*,C","coconut, true to sugar bar",2.75
937,Dominican Republic,Dominican Republic,70.0,"6- B,S,C,V,L,Sa","strong vanilla, earthy, nutty",2.75
938,Dominican Republic,Puerto Rico,80.0,"6- B,S,C,V,L,Sa","vanilla, dried fruit, nuts",2.75
939,Madagascar,"Akesson's E., Sambirano V.",70.0,"2- B,S","gummy, bland, sour",2.75
940,Ecuador,"Camino Verde P., Balao, Guayas",75.0,"2- B,S","sticky, floral",3.5
941,Tanzania,"Kokoa Kamili Coop, Kilombero",67.0,"2- B,S","gummy, sandy, complex",3.75
942,Bolivia,Alto Beni,70.0,"2- B,S","nuts, sour milk",3.0
943,Indonesia,"Pak Eddy Farm, Yogyakarta Region",70.0,"2- B,S","sandy, powdery, late sour",3.0
944,Philippines,Davao,70.0,"2- B,S","sandy, dried fruit, roasty",3.25
945,Haiti,Pisa,68.0,"2- B,S","roasty, hazelnut, cocoa",3.5
946,Dominican Republic,Oko Caribe,72.0,"2- B,S","coffee, acidic, astringent",2.75
947,Mexico,"Finca La Rioja E., Cacahoatan, Chiapas, microlot",70.0,"2- B,S","sticky, dried sour fruit, roasty",3.0
948,Madagascar,"Ottange Farm, Mava Plantation, Sambirano",70.0,"2- B,S","roasted nuts, citrus, creamy",3.5
949,Indonesia,"Burang, Popayato-Paquat microlot, Goranulo Province",72.0,"2- B,S","dried fruit (fig), black licorice",3.5
950,Malaysia,"Semai Community, Kamping Long B, Pahang",72.0,"2- B,S","dairy, cocoa, mild sour",3.5
951,Papua New Guinea,"Kulkul P., Karkar Island, 2018 h., batch PK019",70.0,"2- B,S","off, tropical, vegetal, rubbery",3.0
952,Tanzania,"Kilombero Valley, 2017 h., batch TK020",70.0,"2- B,S","nutty, bland, late sour",3.25
953,Bolivia,"Alto Beni, 2017 h.",70.0,"2- B,S","honey, mild floral, mild off",3.0
954,Vanuatu,"Masidau Farm, batch VM021",70.0,"2- B,S","fruit, smokey, mocha",3.0
955,Colombia,"Tumaco, 2017 h., batch U022",70.0,"2- B,S","dirty, roasty, acidic",3.0
956,Ecuador,"Camino Verde, 2017 h., batch EC019",70.0,"2- B,S","floral, orange, cocoa",3.75
957,Peru,"Ucayali, 2017 h., batch PU024",70.0,"2- B,S","fig, mild anise",3.75
958,Venezuela,Canoabo,70.0,"3- B,S,C","nutty, dried fruit",3.75
959,Venezuela,Sur del Lago,60.0,"3- B,S,C","grits, hazelnut, rum",3.5
960,Venezuela,"Choroni, batch 210414",70.0,"3- B,S,C","intense, tobacco, nuts",3.5
961,Venezuela,"Ocumare, batch 210414",70.0,"3- B,S,C","caramel, dairy",3.75
962,Venezuela,Rio Caribe,60.0,"4- B,S,C,L","large grits, sweet",2.5
963,Venezuela,"Sur del Lago, Zulia",70.0,"3- B,S,C",large grits,3.0
964,Venezuela,"Carenero, Miranda",70.0,"3- B,S,C","dried fruit, large grits",3.25
965,Venezuela,"Cuyagua, batch 4, lot DC2.3",72.0,"2- B,S",nutty,3.5
966,Venezuela,"Chuao, batch 4, Lot DH17",85.0,"2- B,S","sl. dry, gritty, fruity, nuts",3.0
967,Ghana,Ghana,60.0,"4- B,S,C,L","coarse, hazelnut, peanut",3.5
968,Madagascar,Madagascar,65.0,"4- B,S,C,L",banana,3.5
969,Costa Rica,Costa Rica,70.0,"4- B,S,C,L","few grits, spicy, cocoa",3.5
970,Peru,Peru Brutus,75.0,"4- B,S,C,L","very coarse, intense, spice",3.5
971,Vietnam,Vietnam,80.0,"4- B,S,C,L","intense, bitter, off notes",3.0
972,Peru,"Maranon Canyon, Fortunato No. 4",70.0,"2- B,S","coarse,perfume,heavy roast",3.5
973,Dominican Republic,La Red,65.0,"2- B,S",choco covered strawberry,3.5
974,Peru,"Tumbes Coop, batch 120724M",70.0,"2- B,S","fruit, cough medicine",2.5
975,Peru,"Palo Blanco, Chulucanas, b. 120725A",66.0,"2- B,S*","olive, rum",3.5
976,Peru,"Palo Blanco w/ panela, Chulucanas, b. 120725A",81.0,"2- B,S*","sandpaper, some fruit, bitter",2.0
977,Peru,"Palo Blanco, Chulucanas",66.0,"2- B,S","spice, citrus, sweet",3.5
978,Costa Rica,San Andres,80.0,"2- B,S","mild bitter, roasty, red berry",3.0
979,Nicaragua,Matagalpa,68.0,"2- B,S","sweet, tobacco",3.25
980,Guatemala,Guatemala,73.0,"2- B,S","roasty, grapes, rich brownie",3.5
981,Peru,"Norandino, batch 161208",70.0,"2- B,S","slight dry, citrus, grapefruit",3.5
982,India,"Animalai, batch 1063",71.0,"3- B,S,C","tea, spicy, sweet",3.25
983,Jamaica,"Jamaica, #204, DR, SC",80.0,"3- B,S,C","slightly burnt, earthy",2.75
984,Jamaica,"Jamaica, #206, DR, LC",70.0,"3- B,S,C","creamy, simple, nutty",3.0
985,Jamaica,"Jamaica, #205, DR, MC",70.0,"3- B,S,C","creamy, roasty, tobacco",3.25
986,Venezuela,"Carenero Superior, #203, MR, SC",65.0,"3- B,S,C","complex, mild licorice, spice",3.5
987,Ghana,"Ghana, #211, MR, MC",74.0,"3- B,S,C","mild bitter, mild cocoa, roasty",2.75
988,Jamaica,"Jamaica, #209, DR, SC",70.0,"3- B,S,C","grassy, brownie, astringent",3.25
989,Dominican Republic,"Conacado, #212, LR, SC",72.0,"3- B,S,C","red berry, some roasty notes",3.5
990,Jamaica,"Jamaica, #210, DR, MC",70.0,"3- B,S,C","woody, grassy, long",3.5
991,Madagascar,"Sambirano Valley, #214, LR, MC",74.0,"3- B,S,C","woody, red fruit, sour",2.75
992,Dominican Republic,"Conacado, #213, DR, -C",72.0,"3- B,S,C","spicy, cocoa",3.25
993,Madagascar,"Sambirano Valley, #215, MR, MC",74.0,"3- B,S,C","sandy, cocoa, red fruit",3.0
994,Venezuela,"Chuao, #218, MR, MC, batch 11-020",76.0,"3- B,S,C","bready, nutty, earthy,intense",3.25
995,Venezuela,"Chuao, #217, DR, MC, batch 11-021",70.0,"3- B,S,C","tart, roasted cocoa",4.0
996,Papua New Guinea,"Markham Valley, #219, LR, MC",69.0,"2- B,S",mild smoke and fruit,3.5
997,Papua New Guinea,"Markham Valley, #221, DR, MC",69.0,"2- B,S","smoke, fruit, sour, hammy",3.5
998,Madagascar,"Sambirano Valley, #216, MR, LC",74.0,"3- B,S,C","caramel, nuts, dried fruit",4.0
999,Papua New Guinea,"Markham Valley, #220, MR, MC",69.0,"2- B,S","tart, red berry, smoke",4.0
1000,Papua New Guinea,"Markham Valley, #222, LR, 0C",69.0,"2- B,S","sandy, smoke, red berry",3.0
1001,Dominican Republic,"Conacado, #223, MR, SC, batch 13-051",72.0,"3- B,S,C",mildly burnt caramel,3.25
1002,Dominican Republic,"Conacado, #224, MR, MC, batch 13-061",72.0,"3- B,S,C","blackberries, caramel, roasty",3.75
1003,Peru,"San Martin, Bellavista Coop, #226, DR, MC",70.0,"3- B,S,C",cocoa and fresh grapes,3.75
1004,Peru,"Bellavista Coop, #225, LR, MC, CG Exclusive",70.0,"3- B,S,C",chocolate covered banana,4.0
1005,Peru,"Maranon, #228, MR, SC",70.0,"3- B,S,C","light color, leathery flavor",3.0
1006,Peru,"Maranon, #227, LR, MC",70.0,"3- B,S,C","orange, mellow but flavorful",3.5
1007,Peru,"Maranon, #229, MR, LC",70.0,"3- B,S,C","fruity, floral, caramel",3.5
1008,Peru,"Maranon, #230, DR, LC",70.0,"3- B,S,C","slow develop, caramel, roasty",3.5
1009,Guatemala,"Polochic Valley, LR, LC, batch 17-203",70.0,"3- B,S,C","rich cocoa, mild, fatty",3.5
1010,Guatemala,"Polochic Valley, MR, LC, batch 17-189",70.0,"3- B,S,C","long lasting, fruit, spicy",3.75
1011,Guatemala,"Polochic Valley, DR, LC, batch 17-201",70.0,"3- B,S,C","rich cocoa, nuts",3.5
1012,Venezuela,"Chuao, MR, SC, batch 18-224",72.0,"3- B,S,C","roasty, mild fatty",3.25
1013,Venezuela,Carupano Pintao,72.0,"3- B,S,C","complex, nuts, spice, floral",3.5
1014,Ghana,"ABOCFA, #260, LR-SC, batch 20-335",68.0,"3- B,S,C","coconut, high astringency",3.25
1015,Ghana,"ABOCFA, #261, DR-MC, batch 21-448",68.0,"3- B,S,C","fudgey, spicey, nutty",3.5
1016,Nicaragua,"O'Payo Profundo, Waslala, MR-MC, #271, b. 21-431",70.0,"3- B,S,C","oily, black licorice, spicey",3.5
1017,Nicaragua,"O'Payo Profundo, Waslala, DR-LC, #271, b. 21-433",70.0,"3- B,S,C","rich chocolate, late spice notes",3.75
1018,Venezuela,"Chuao Village, BR-SC, batch 21-437",68.0,"3- B,S,C","robust cocoa, dried cranberry",4.0
1019,Madagascar,"Sambirano V., #290, MR MC, batch 21-454",70.0,"3- B,S,C","raspberry, mild sour, cocoa",3.5
1020,Peru,"Lamas, Oro Verde, #280, MR 0C, batch 21-457",74.0,"3- B,S,C","licorice, caramel, floral, dirty",3.0
1021,Peru,"Lamas, Oro Verde, #282, DR MC, batch 21-451",74.0,"3- B,S,C","spicey, herbal, ripe, sl. burnt",3.25
1022,Brazil,"Fazenda Camboa, Bahia",70.0,"2- B,S","creamy, fragrant",3.5
1023,Tanzania,"Kokoa Kamili, Kilombero District",70.0,"2- B,S","creamy, simple, strong choco",3.75
1024,Belize,Belize,70.0,"2- B,S","spice, fatty, mild cocoa",3.5
1025,Madagascar,Madagascar,70.0,"2- B,S","strong fruit, ham, deep cocoa",3.5
1026,Peru,Peru,70.0,"2- B,S","banana, yogurt, cocoa",4.0
1027,Nicaragua,"Rugoso, Bad Fermentation",70.0,"2- B,S","vegetal, herbs, raw",3.5
1028,Nicaragua,Barba,70.0,"3- B,S,C","creamy, black pepper, nut",3.75
1029,Nicaragua,"O'Payo, Wasalala Co-op",68.0,"3- B,S,C","unique flavor, floral-spice mix",3.5
1030,Nicaragua,Johe,70.0,"3- B,S,C","strong cocoa, orange citrus",3.75
1031,Nicaragua,"La Dalia, Lazy Growers Blend",60.0,"3- B,S,C","sweet, metallic",3.0
1032,Nicaragua,"La Dalia, Lazy Growers Blend",70.0,"3- B,S,C","woody, grassy, spicy",3.25
1033,Nicaragua,Medagla,70.0,"3- B,S,C","cocoa, savory",3.75
1034,Guatemala,Indio Rojo,70.0,"3- B,S,C","honey, deep cocoa",4.0
1035,Nicaragua,"Chuno, 2x turned",70.0,"3- B,S,C","floral, sticky",3.0
1036,Nicaragua,"Chuno, 3x turned",70.0,"3- B,S,C","delicate, balanced",3.5
1037,Nicaragua,Nicaliso,70.0,"3- B,S,C","black pepper,high astringency",3.75
1038,Nicaragua,"Rugoso, Bad Fermentation",70.0,"3- B,S,C","banana,dairy, cocoa",4.0
1039,Nicaragua,Rugoso,70.0,"3- B,S,C","high acidity, grassy",3.25
1040,Nicaragua,"Don Alfonso, North of El Castillo, single farm",70.0,"3- B,S,C","cocoa, roasty, sweet, fruit, spice",3.5
1041,Madagascar,"Bejofo, Akesson, slow dry",64.0,"3- B,S,C","pungent, sour cherry",3.5
1042,Madagascar,"Bejofo, Akesson, fast dry",64.0,"3- B,S,C","caramel, cocoa, fruit",3.75
1043,Nicaragua,"Johe, Xoco",70.0,"3- B,S,C","fatty, leathery, earthy",3.25
1044,Nicaragua,"Chuno, Xoco",70.0,"3- B,S,C","tobacco, woody, wild berry",3.5
1045,Nicaragua,"Nicaliso, Xoco",70.0,"3- B,S,C","roasty, fatty, woody",3.5
1046,Nicaragua,"Chuno, triple turned, Xoco",70.0,"3- B,S,C","intense olive, citrus, vegetal",3.25
1047,Honduras,"Red Mayan, Xoco",70.0,"3- B,S,C","spicy, earthy",3.25
1048,Nicaragua,"Chuno, double turned, Xoco",70.0,"3- B,S,C","oily, fatty, bold olive",3.25
1049,Nicaragua,"Rugoso, Xoco",70.0,"3- B,S,C","oily, gritty, savory",3.75
1050,Nicaragua,"Barba, Xoco",70.0,"3- B,S,C","oily, burnt black pepper",3.25
1051,Nicaragua,"Medagla, Xoco",70.0,"3- B,S,C",baked bread,3.5
1052,Nicaragua,La Dalia,70.0,"3- B,S,C","mild fatty, nutty, roasty",3.5
1053,Nicaragua,La Dalia,60.0,"3- B,S,C","oily, sweet, dairy, bland",3.0
1054,Nicaragua,La Dalia,85.0,"3- B,S,C","oily, spicy, sour",3.25
1055,Costa Rica,Signature Blend,66.0,"3- B,S,C","cocoa, spicy, sweet",3.25
1056,Costa Rica,Costa Rica,70.0,"3- B,S,C","fatty, sweet, vanilla",3.0
1057,Peru,Peru,70.0,"3- B,S,C","oily, tart, chlorine",2.5
1058,Dominican Republic,La Red,70.0,"3- B,S,C","dried fruit, intense",3.75
1059,Ecuador,Camino Verde,75.0,"3- B,S,C","sandy,sweet, molasses,floral",3.0
1060,Trinidad,Gran Couva,70.0,"3- B,S,C","delicate, hebs, choco",3.75
1061,Peru,Maranon,76.0,"3- B,S,C","acidic, undefined, brownie, off",3.0
1062,Bolivia,"Wild Bolivian, Batch 2",74.0,"2- B,S","oily, tropical",3.75
1063,Costa Rica,"Coto Brus, Heirloom, Batch 1",74.0,"2- B,S","oily, dried fruit, leather",4.0
1064,Madagascar,"Sambirano, Akessons, batch 1",74.0,"2- B,S","balanced, fruit, nut, roasty",3.75
1065,Colombia,"Tumaco, batch 2",85.0,"2- B,S","black current,bitter,astringent",3.5
1066,Dominican Republic,"Los Bejucos, batch 1",77.0,"2- B,S","sl. bitter up front, fatty, intense",3.25
1067,Dominican Republic,"Hispaniola, Dom. Rep. blend, batch 50",68.0,"4- B,S,C,V","dried fruit, cocoa base, fatty",3.75
1068,Peru,"Ucayali, batch 1",72.0,"3- B,S,C","black licorice, tangy",3.75
1069,Taiwan,"Taiwan, #1",70.0,"3- B,S,C",cheesy off flavor,2.5
1070,Madagascar,Madagascar,70.0,"2- B,S","grainy texture, sour, hammy",3.0
1071,Tanzania,Tanzania,70.0,"2- B,S","accessible, sweet, sandy",3.0
1072,Venezuela,Chuao,70.0,"3- B,S,C","dried fruit, cocoa",3.5
1073,U.S.A.,"Kaua'i Island, Alea Estate +world",85.0,"3- B,S,V","gritty, ambiguous",2.5
1074,Madagascar,Akesson P.,65.0,"4- B,S,C,L","sandy, sweet, candy tart",3.25
1075,Ghana,ABOCFA Coop,70.0,"4- B,S,C,L",cocoa and coconut,4.0
1076,Dominican Republic,Conacado Coop,70.0,"4- B,S,C,L","sticky, spice, roasty, earthy",3.5
1077,Dominican Republic,Conacado Coop,80.0,"4- B,S,C,L","deep cocoa, fruit, spice",3.5
1078,Madagascar,Akesson P.,75.0,"4- B,S,C,L","red fruit, tart, fat, leathery",3.5
1079,St. Lucia,"Rabot Estate, Island Growers",77.0,"3- B,S,C","chewy, woody, rustic",3.5
1080,Venezuela,"Porcelana, La Orquidea, Santa Barbara, Zulia",75.0,"3- B,S,C","fatty, creamy, roasty",3.5
1081,Guatemala,Cahabon E.,72.0,"3- B,S,C","dry, grainy, spicy, roasty",2.75
1082,Venezuela,Chuao,75.0,"3- B,S,C","earthy, roasty, strong vanilla",2.75
1083,Brazil,Bahia,66.0,"2- B,S","mild woody, black licorice",3.0
1084,Belize,"Toledo District, 2015 Harvest",70.0,"2- B,S","mild strawberry, cocoa",3.5
1085,Mexico,"Almendra Blanca, batch 1004",77.0,"3- B,S,C","sour off flavor, nutty, earthy",2.75
1086,Guatemala,"Asochivite, batch 1005",77.0,"3- B,S,C","sweet edge, bright fruit, sour",3.25
1087,Nicaragua,"El Carmen, batch 1003",77.0,"3- B,S,C","mild molasses, rich, gateway",3.25
1088,Peru,"Ucayali, batch 1041",70.0,"3- B,S,C","creamy, fig",3.25
1089,Colombia,Boyaca,73.0,"3- B,S,C","acidic, mildly burnt, metallic",2.5
1090,Costa Rica,Coto Brus,73.0,"3- B,S,C","floral, rubbery, woody",3.0
1091,Ecuador,"Costa Esmeraldas, Salazar Farm",70.0,"3- B,S,C","banana, cocoa, late floral",3.75
1092,Belize,Maya Mtn,70.0,"2- B,S","fruit, tart, rubber",2.75
1093,India,"Idukki Hills, ""Adventurous""",70.0,"2- B,S","sweet, dominate cocoa, spice",3.0
1094,Bolivia,"Alto Beni, ""Wild""",70.0,"2- B,S",spice/herb dominate cocoa base,3.25
1095,Dominican Republic,Oko Caribe,70.0,"2- B,S","sandy, sweet, earthy,deep cocoa",3.25
1096,Vietnam,"Ben Tre, Dong Nai",72.0,"5- B,S,C,V,L","fatty, vanilla, dairy",3.0
1097,Madagascar,"Sambirano, Ambanja, batch 11",72.0,"3- B,S,C","fruity, cocoa, sweet",3.5
1098,Tanzania,"Kokoa Kamili, Kilombero District, batch 11",70.0,"3- B,S,C","nutty, spicy, candied orange",3.5
1099,Dominican Republic,"Duarte Province, El Cibao, batch 10",75.0,"3- B,S,C","dried fruit, orange peel, cocoa",3.5
1100,Vietnam,"Dak Lak, batch 09",73.0,"3- B,S,C","roasty, sweet, fruity, cocoa",3.5
1101,Blend,Dark,70.0,"5- B,S,C,V,L","mildly rich, basic, roasty",2.5
1102,Madagascar,Madagascar,70.0,"2- B,S","rich, coffee, cherry",3.5
1103,Peru,Nativo Blanco,73.0,"2- B,S","sour grapes, pungent, ashey",2.5
1104,India,"Idukki Hills, batch 11",70.0,"3- B,S,C","spicy, vanilla",3.0
1105,Grenada,Grenada,71.0,"5- B,S,C,V,L","very sour, grassy, fatty",2.5
1106,Grenada,Grenada,60.0,"5- B,S,C,V,L","very sweet, coffee, mild sour",2.75
1107,Grenada,Grenada,82.0,"5- B,S,C,V,L","chunky, muted, mild bitter",3.25
1108,Ecuador,"Arriba, A.S.S., prototype",64.0,"4- B,S,C,L","sl. sweet, nutty, off note",3.0
1109,Ghana,"Ghana, prototype",64.0,"4- B,S,C,L","hot cocoa, very nutty",3.0
1110,Blend,"Trinidad & Tobago, prototype",64.0,"4- B,S,C,L","light perfume, mild, sweet",3.0
1111,Venezuela,Lacri Blend,76.0,"4- B,S,C,L","gritty, roasty, strong coffee",3.0
1112,Blend,"Ven, Trinidad, Ecuador, prototype",64.0,"4- B,S,C,L","mild nutty, spicy, brownie",3.25
1113,Madagascar,Madagascar,70.0,"4- B,S,C,L","earthy, chemical or burnt note",2.75
1114,Colombia,Chucuri,65.0,"5- B,S,C,V,L","creamy, sweet, floral, vanilla",3.0
1115,Venezuela,Sur del Lago,65.0,"5- B,S,C,V,L","sweet, creamy, vanilla",2.5
1116,Madagascar,"Sambirano, Ambanja",65.0,"5- B,S,C,V,L","creamy, sweet, blueberry",3.5
1117,Ecuador,"Los Rios, Quevedo",65.0,"5- B,S,C,V,L","creamy, blackberry",3.5
1118,Blend,Tsaranta,61.0,"5- B,S,C,V,L","sweet, rich cocoa, mild citrus",3.5
1119,Blend,Semisweet,61.0,"5- B,S,C,V,L","fatty, cocoa, fruity",3.0
1120,Blend,Quetzalcoatl,72.0,"5- B,S,C,V,L","creamy,sandy,nutmeg, moss",3.5
1121,Peru,Machu Pichu,65.0,"5- B,S,C,V,L","sweet, vanilla, rich",3.0
1122,Blend,Special Maker Reserve,64.0,"5- B,S,C,V,L","perfume, vanilla",3.0
1123,Venezuela,Ocumare,65.0,"5- B,S,C,V,L","creamy, nutty",3.5
1124,U.S.A.,"O'ahu Island, N. Shore, Waialua E., Kakoleka",55.0,"5- B,S,C,V,L","sweet, mild lemon",3.0
1125,Blend,Nocturne,91.0,"5- B,S,C,V,L","bitter, fatty, fruit",3.0
1126,Blend,Complexite,70.0,"5- B,S,C,V,L","complex, fruit, nut, raisin",3.5
1127,Trinidad,Trinidad,65.0,"5- B,S,C,V,L","creamy, mild tobacco, ham",3.0
1128,Blend,Coucher du Soleil,72.0,"5- B,S,C,V,L","dutched?, intense, rich cocoa",2.75
1129,Blend,Lever du Soleil,61.0,"5- B,S,C,V,L","sweet, creamy, floral, orange",3.25
1130,Blend,Onyx,72.0,"5- B,S,C,V,L","dry, sticky, brownie",3.25
1131,Haiti,Haiti,65.0,"5- B,S,C,V,L","creamy, sl. Burnt, roasty",2.75
1132,Nicaragua,Nicaragua,65.0,"5- B,S,C,V,L","floral, over roasted, harsh",2.75
1133,Jamaica,Jamaica,65.0,"5- B,S,C,V,L","sweet, vanilla, cocoa",3.25
1134,Ecuador,Ecuador,65.0,"5- B,S,C,V,L","very spicy, roasty",3.5
1135,Blend,"Epique, Blend No. 49",70.0,"5- B,S,C,V,L","nutty, black licorice",3.75
1136,Papua New Guinea,Papua New Guinea,80.0,"3- B,S,C","smokey, cherries, sour",2.75
1137,Blend,Campesino w/ nibs,74.0,"3- B,S,C","XL nibs, sour, cardboard",2.75
1138,Dominican Republic,Dominican Republic,75.0,"3- B,S,C","chalky, berry, cocoa",3.25
1139,Blend,Trinidad & Tobago,70.0,"3- B,S,C","sandy, intense, cherry",3.5
1140,Blend,Downtown London,65.0,"3- B,S,C","molasses, sweet, long,cocoa",2.75
1141,Blend,Africa meets Latina,70.0,"3- B,S,C","fatty, nutty, earthy",3.0
1142,Blend,Amazonas,80.0,"3- B,S,C","sandy, roasted vegetal",3.0
1143,U.S.A.,"Hawai'i Island, Sharkey",66.0,"3- B,S,C","muted, mild fruit, sweet",3.25
1144,Blend,one hundred,100.0,"3- B,S,C","unrefined, bitter, earthy",2.0
1145,Ecuador,Arriba,77.0,"4- B,S,C,V","buttery, floral, burnt",2.5
1146,Ecuador,Don Homero- Cerecita Valley,55.0,"4- B,S,C,L","overyly sweet, banana, yogurt",2.75
1147,Ecuador,Don Homero- Cerecita Valley,70.0,"4- B,S,C,L","chewy, fatty, sweet, nutty",3.0
1148,Blend,South America and Africa,70.0,"3- B,S,C","vanilla, chocolate milk",3.0
1149,Brazil,Brazil Blend,67.0,"3- B,S,C","sandy, sweet, dried fruit",3.0
1150,Brazil,"Tome Acu E., Amazon Rainforest",77.0,"3- B,S,C","rich chocolate, sweet edge",3.5
1151,Brazil,"Vale do Juliana E., Atlantic Forest",74.0,"3- B,S,C","rich chocolate, sandy texture",3.5
1152,Brazil,"Vale do Juliana, w/ nibs",85.0,"3- B,S,C","powdery, rich, coffee, roasty",3.25
1153,Brazil,Libiano,75.0,"3- B,S,C","flat, late tart notes",3.0
1154,Vietnam,"Ben Tre, batch 133",70.0,"3- B,S,C","sandy, brownie, coconut",3.25
1155,India,Kerla,70.0,"3- B,S,C","sandy, sweet, cocoa",3.0
1156,Ghana,Ghana,68.0,"2- B,S","deep cocoa, nutty, earthy",3.25
1157,Guatemala,Guatemala,68.0,"2- B,S","fruit, cocoa, lemony",3.5
1158,Ecuador,Ecuador,68.0,"2- B,S","spicy, earthy, grassy, astringent",3.25
1159,Haiti,Haiti,64.0,"2- B,S","too sweet, off, rubbery",2.75
1160,Tanzania,Kokoa Kamili,72.0,"3- B,S,C","cocoa, fatty, fruit",3.25
1161,Dominican Republic,Oko Caribe,70.0,"3- B,S,C","earthy, dirty, dried fruit",3.5
1162,Peru,Maranon,65.0,"3- B,S,C","pungent, chemical",2.75
1163,Mexico,"Soconusco, La Rioja Farm, Chiapas",70.0,"2- B,S","delicate, carame, tang",3.5
1164,Peru,Peru,64.0,"3- B,S,L","powdery, vanilla, artificial",2.75
1165,Indonesia,"Pulau, Bali",71.0,"4- B,S,C,L","rubber, fatty, sandy,grape",2.5
1166,Venezuela,"Porcelana, Maracaibo",71.0,"4- B,S,C,L","nutty, sweet, fatty, sandy",3.0
1167,Blend,"Dutch Blend, Ven.- Bali- Trinidad",71.0,"4- B,S,C,L","sandy, fatty, chemical",2.5
1168,Belize,"Maya Mtn, Moho R., Toledo D., 2015",70.0,"3- B,S,C","pungent raisin, metallic",3.25
1169,Costa Rica,"Cota Brus, Terciopelo, 2015",74.0,"3- B,S,C","mostly earthy, mild dried fruit",3.5
1170,Bolivia,"Alto Beni, Upper Rio Beni, 2014",67.0,"3- B,S,C",full flavor spectrum,3.5
1171,Bolivia,"Wild Beni, Lower Rio Beni, Tranquilidad, 2014",67.0,"3- B,S,C","woody, earthy, medicinal",3.0
1172,Ecuador,"Los Rios, Hacienda Limon, Orecao, 2014",67.0,"3- B,S,C","nutty, butterscotch",3.75
1173,U.S.A.,"O'ahu Island, Maunawili, Agri Research C., 2014",67.0,"3- B,S,C","spicy, intense, fades fast",3.75
1174,U.S.A.,"O'ahu Island, Maunawili, Agri Research C., 2015",72.0,"3- B,S,C","astringent, smoke, cream",3.5
1175,Ecuador,"Los Rios, Hacienda Limon, Orecao, 2015",70.0,"3- B,S,C",floral,3.5
1176,Ecuador,"Pinchincha, Mindo, Coop Nueva Esper., 2015",77.0,"3- B,S,C","strong floral, black licorice",3.5
1177,Bolivia,"Alto Beni, Upper Rio Beni, 2015",68.0,"3- B,S,C","creamy, mild nutty & woody",3.75
1178,Bolivia,"Wild Beni, Lower Rio Beni, Tranquilidad, 2015",72.0,"3- B,S,C","dark berry, honey, cream",4.0
1179,Uganda,Uganda,57.0,"3- B,S,C","too sweet, spicy, candied",2.75
1180,Venezuela,Venezuela,74.0,"3- B,S,C","sandy, sweet, mild fruit",3.5
1181,Ecuador,"Esmeraldas, Muisne Estate",70.0,"2- B,S","harsh, earthy, dirty",2.75
1182,Nicaragua,"Matagalpa, El Tuma region",70.0,"2- B,S","delicate fruit, black tea",3.25
1183,Tanzania,Tanzania,70.0,"2- B,S*","intense, palm, earthy",2.75
1184,Madagascar,Madagascar,74.0,"2- B,S*","sandy, tart, tangy, palm",3.0
1185,Venezuela,Venezuela,70.0,"2- B,S*","intense, palm, nutty",3.0
1186,Ecuador,Ecuador,73.0,"2- B,S*","floral, palm, sour",3.25
1187,Peru,Peru,70.0,"2- B,S*","palm, spicy, flour",3.25
1188,Ecuador,"Camino Verde, batch 0722",73.0,"2- B,S*","harsh flavor, hay",2.5
1189,Dominican Republic,"Oko Caribe, batch 0719",71.0,"2- B,S*","fruity, tannic, coconut",3.5
1190,Peru,"Maranon, batch 0723",70.0,"2- B,S*","light color, sour, pungent",2.25
1191,Madagascar,"Sambirano Valley, batch 0124",74.0,"2- B,S*","sour, citrus, molasses",2.75
1192,Tanzania,"Kokoa Kamili, batch 0214",70.0,"2- B,S*","lemon, late sour & molasses",3.0
1193,Madagascar,Akesson's Estate,70.0,"3- B,S,C","sour, earthy",2.75
1194,Venezuela,Carenero Superior,72.0,"3- B,S,C","nutty, off notes",2.75
1195,Dominican Republic,Conacado,75.0,"3- B,S,C","intense, bitter, coffee",3.25
1196,Peru,Gran Blanco,66.0,"3- B,S,C","mild caramel, honey",3.5
1197,Venezuela,"Porcelana, Lake Maracaibo",68.0,"3- B,S,C","high acid,sweet,nut,strawberry",3.25
1198,Ecuador,Hacienda Victoria,85.0,"3- B,S,C","butterscotch, burnt cinnamon",3.5
1199,Ecuador,Arriba,80.0,"4- B,S,C,L","perfume, burning",2.0
1200,Ecuador,Manabi,80.0,"2- B,S","sandy, perfume, nutty",2.5
1201,Ecuador,Arriba,72.0,"2- B,S","dry, floral, slight musty",3.0
1202,Ecuador,Arriba,58.0,"4- B,S,C,L","dry, intense floral, spciy",3.25
1203,Ecuador,Manabi,58.0,"4- B,S,C,L","dry, nutty, sweet",3.5
1204,Ivory Coast,Ivory Coast,70.0,"2- B,S","dry, sour, cheesey, off",2.5
1205,Dominican Republic,Hispaniola,70.0,"2- B,S","sandy, red berry, sour",2.75
1206,Peru,San Martin,70.0,"2- B,S","coffee, red berry, tart",3.5
1207,Dominican Republic,Hispaniola w/ nibs,75.0,"2- B,S","red berry, cocoa, mild coffee",3.75
1208,Ecuador,"Camino Verde P., Balao, Guayas",70.0,"4- B,S,C,L","floral, roasty, coffee",3.5
1209,Madagascar,Sambirano,70.0,"4- B,S,C,L","rich cocoa, fatty",3.5
1210,Trinidad,Gran Couva,70.0,"4- B,S,C,L","creamy, nutty, tea, fatty",3.5
1211,Venezuela,Mara,70.0,"4- B,S,C,L","muted, fatty, nutty",3.5
1212,Peru,Maranon,70.0,"4- B,S,C,L","sour, raw, green",2.75
1213,Ecuador,"Ecuador, w/ nibs, batch 140224-1",72.0,"2- B,S*","true to sugar, green, fatty",2.5
1214,St. Lucia,"Marcial, single Cote, 2012",70.0,"2- B,S",cardamon,4.0
1215,St. Lucia,"Island Growers, 2012, 120hr c., batch 13080",100.0,"3- B,S,C","pastey, bitter, unfixable",1.75
1216,St. Lucia,"Pepiniere, single Cote",70.0,"2- B,S","smoke, cocoa, fruit, fuel",2.75
1217,Colombia,"Sierra Nevada, Cienaga",75.0,"4- B,S,C,L","dry, woody, dried fruit",2.75
1218,Honduras,Copan,72.0,"4- B,S,C,L","sour raisin, woody, fatty",3.0
1219,Tanzania,Kilombero Valley,80.0,"4- B,S,C,L","fatty, mild bitter, banana",3.0
1220,St. Lucia,St. Lucia,72.0,"3- B,S,C","grassy, tobacco, intense",3.0
1221,Uganda,Uganda,80.0,"3- B,S,C","charred, espresso",2.5
1222,Tanzania,Tanzania,75.0,"4- B,S,C,L","sandy, sweet, mild cocoa",2.75
1223,Sao Tome,Uba Budo,72.0,"4- B,S,C,L","fungal, mushroom, mild burn",3.0
1224,Ecuador,Ecuador,70.0,"3- B,S,C","spicy, sour, burning",2.75
1225,Dominican Republic,Santo Domingo,70.0,"3- B,S,C","earthy, woody, sour mint",3.0
1226,Venezuela,Chuao,70.0,"4- B,S,C,L","ashey, woody, bright red",2.75
1227,Ecuador,"Los Rios, H. Iara, 96hr c.",80.0,"4- B,S,C,L","mild bitter, floral",3.0
1228,St. Lucia,"Island Growers, 120hr c.",65.0,"4- B,S,C,L","woody, nutty, short",3.0
1229,St. Lucia,"Island Growers, 96hr c.",65.0,"4- B,S,C,L","sweet, cocoa, grassy",3.25
1230,Madagascar,Sambirano,66.0,"4- B,S,V,L","sweet, red berry, sour",3.5
1231,Trinidad,Trinidad,75.0,"4- B,S,C,L","sandy, vegetal, sour",3.0
1232,Vietnam,Mekong Delta & Dong Nai,80.0,"4- B,S,C,L","tart, fruity, intense",3.5
1233,Ecuador,"Los Rios, H. Iara",90.0,"2- B,S","oily, leathery, intense bitter",3.0
1234,Madagascar,"Somia Plantation, Akesson, 2012, Rabot",72.0,"4- B,S,C,L","nutty, mild coffee",3.0
1235,Ecuador,"Los Rios, H. Iara, 2012",82.0,"2- B,S","oily, spicy, sl. Burnt",3.5
1236,Peru,"Chanchamayo, Pichanadi, 2012, 60hr c., b.13092",100.0,"3- B,S,C","spice,cocoa, tolerable bitter",2.75
1237,Ecuador,"Los Rios, H. Iara, 2012, 120hr c., batch 13092",100.0,1- B,"candy,uncontrolled bitterness",2.5
1238,Dominican Republic,"Conacado, 2012, 120hr c.batch 13092",100.0,"3- B,S,C","trop. Fruit, coffee, bitter",2.75
1239,Venezuela,"Ocumare, Cumboto, batch 16",70.0,"3- B,S,C","fatty, gritty, roasty",3.25
1240,Venezuela,"Amazonas, batch 14",70.0,"3- B,S,C","nutty, coffee, rich",3.75
1241,Bolivia,"Bolivia, batch 85",70.0,"3- B,S,C","intense, cherry, metallic",3.0
1242,Bolivia,"Bolivia, Bo-nib-ia, w/ nibs, batch 78",70.0,"3- B,S,C","woody, floral, metallic",3.0
1243,Nicaragua,"Momotombo, batch 74",70.0,"3- B,S,C","earthy, metallic edge",3.0
1244,Dominican Republic,"Hispaniola, batch 73",70.0,"3- B,S,C","raisins, rich choco",3.75
1245,Dominican Republic,Zorzal Reserva w/ Charles Kerchner,70.0,"3- B,S,C","spicy, mild fruit, fatty",3.5
1246,Vietnam,Lam Dong,70.0,"3- B,S,C","spicy, mild roasty",3.5
1247,Venezuela,Coopertiva Amazona,72.0,"3- B,S,C","creamy, cocoa, lemon",3.75
1248,Venezuela,"Sur del Lago, Amiari Meridena, Zulia, 48hr c.",72.0,"3- B,S,C","creamy, roasted nuts, fatty",3.75
1249,Venezuela,"Choroni, Finca Torres, 48hr c.",72.0,"3- B,S,C","creamy, sour, raisin",3.25
1250,Venezuela,"Ocumare, H. Cata, 48hr c.",72.0,"3- B,S,C","creamy, nutty, cocoa",3.75
1251,Venezuela,"Porcelana, Zulia",74.0,"3- B,S,C","creamy, nutty, delicate fruit",4.0
1252,Venezuela,"Ocumare, H. Cata, w/ nibs",72.0,"3- B,S,C","creamy, nutty, muted",3.5
1253,Venezuela,"Carenero Superior, Urrutia, Barlovento",70.0,"3- B,S,C","creamy, nutty, fruity",4.0
1254,Venezuela,Coopertiva Amazona w/ nibs,72.0,"3- B,S,C","peanut, coffee, cocoa, bread",4.0
1255,Venezuela,"Sur del Lago, Amiari Meridena, Zulia, w/ nibs",72.0,"3- B,S,C","creamy, nutty, earthy",4.0
1256,Venezuela,"Chuao, (Choroni, Ven.)",72.0,"3- B,S,C","fatty, rich, berry notes",3.75
1257,India,India (south),61.0,"4- B,S,C,L","sour, sweet, rubber",2.5
1258,Honduras,Honduras,77.0,"3- B,S,C","buttery, intense, spice, roasty",3.0
1259,Vietnam,Lam Dong,72.0,"3- B,S,C","molasses, roasty",3.25
1260,Peru,"Satipo region, white label",72.0,"4- B,S*,C,L","very sandy, sweet, spicy",2.75
1261,Peru,black label,72.0,"4- B,S*,C,L","sandy, caramel",3.0
1262,Madagascar,"Madagascar, batch 27",72.0,"2- B,S","intense, tart, earthy",3.5
1263,Peru,"Peru, batch 25",72.0,"2- B,S","off notes, pungent",2.25
1264,Belize,"Belize, batch 26",72.0,"2- B,S","mild metallic, spice, tea",3.25
1265,Dominican Republic,"Dominican Republic, batch 30",72.0,"2- B,S","roasty, nutty, spicy",3.25
1266,St.Vincent-Grenadines,Perseverance E.,72.0,"4- B,S,C,L","woody, meaty, vegetal",2.75
1267,Belize,"Maya Mountain, Toledo, Batch 29",70.0,"2- B,S","intense, cherry, rich, metallic",3.5
1268,Dominican Republic,"Elvesia P., Batch 32",70.0,"2- B,S","intense, molasses, fruit",2.75
1269,Ghana,Trinatario Treasure,71.0,"5- B,S,C,V,L","gritty, unrefined, off notes",2.0
1270,Venezuela,"Venezuela, batch 107",72.0,"3- B,S,C","sandy, sweet",3.25
1271,Venezuela,"Ocumare, Cuyagua",72.0,"3- B,S,C","dairy, nutty, butterscotch",3.5
1272,Jamaica,Mount Pleasant,67.0,"4- B,S,C,L","candy like, sweet, dairy",3.0
1273,Peru,"San Martin, Oro Verde",75.0,"4- B,S,C,L","floral, tobacco, candied",3.0
1274,Vietnam,"Tien Giang, Mekong Delta",65.0,"4- B,S,C,L","sweet, fruity, vanilla",3.5
1275,Ecuador,Camino Verde P.,70.0,"4- B,S,C,L","floral, bourbon, salt",3.5
1276,Madagascar,"Sambirano Valley, Batch 7",68.0,"5- B,S,C,V,L","vanilla, gateway",3.5
1277,Ecuador,"Costa Esmeralda, Batch 30",78.0,"4- B,S,C,L","full bodied, floral",3.75
1278,India,"Anamalai, batch 8",66.0,"4- B,S,C,L","gritty, coffee, sweet, hammy",3.0
1279,Colombia,"Tumaco, batch 2",73.0,"4- B,S,C,L","complex, bold, gritty",3.25
1280,Trinidad,"Tabaquite, batch 12",80.0,"4- B,S,C,L","bold, spice, sour fruit, gritty",3.25
1281,Madagascar,Madagascar,63.0,"2- B,S","off note, vanilla, basic cocoa",2.75
1282,Venezuela,Chuao,75.0,"3- B,S,C","harsh, burnt nuts, powdery",2.75
1283,Thailand,Chantaburi,70.0,"3- B,S,C","nutty, cocoa, sour veggie",3.5
1284,Thailand,Chumphon,70.0,"3- B,S,C","floral, earthy, grassy",3.0
1285,Thailand,Chiang Mai,70.0,"3- B,S,C","herbal, tea-like",3.5
1286,Thailand,Prachuap Khiri Khan,70.0,"3- B,S,C",brownie,3.75
1287,Dominican Republic,"Rizek Cacao, Cibao Valley, Rizek",70.0,"5- B,S,C,V,L","raisins, prunes",3.5
1288,Dominican Republic,"Rizek Cacao, Domin. Rep.",82.0,"5- B,S,C,V,L","nutty, sour milk, off note",3.0
1289,Dominican Republic,"Rizek Cacao, Domin. Rep.",55.0,"5- B,S,C,V,L","very sweet, basic cocoa",3.25
1290,Dominican Republic,"Rizek Cacao, Domin. Rep.",62.0,"5- B,S,C,V,L","candy-like, peanut butter",3.25
1291,Dominican Republic,"Tireo, Rizek Historical Selection, single estate",68.0,"4- B,S,C,L","rich cocoa, dried fruit, roasty",3.75
1292,Dominican Republic,"La Magdalena, Rizek Historical S., single estate",70.0,"3- B,S,C","light color, nutty, caramel",3.75
1293,Dominican Republic,"West Indian, Rizek Historical S.",67.0,"4- B,S,C,L","banana, fall spices, earthy",3.75
1294,Dominican Republic,El Ramonal,80.0,"3- B,S,C","dried fruit, bitter, rubbery",3.25
1295,Dominican Republic,Mata Larga,71.5,"3- B,S,C","creamy, balanced, fig, cocoa",3.5
1296,Dominican Republic,El Antiguo (Monet Plata & Duarte ),70.0,"3- B,S,C","sandy, sweet, acidic",3.0
1297,Dominican Republic,"Dominican Nacional, Collection 01",68.0,"4- B,S,C,L","creamy, floral, dried fruit",3.75
1298,Dominican Republic,"El Valle, Collection 01, Rizek",72.0,"4- B,S,C,L","creamy, black tea, vegetal",3.0
1299,Dominican Republic,"Los Bejucos, Collection 01, Rizek",65.0,"4- B,S,C,L","creamy, distinct, dried fruit",3.75
1300,Dominican Republic,"Tireo, light roast, Chi Bui collab",72.0,"4- B,S,C,L","floral, woody, cocoa, creamy",3.5
1301,Dominican Republic,"Tireo, medium roast, Chi Bui collab",72.0,"4- B,S,C,L",cocoa with hint of melon,4.0
1302,Dominican Republic,Los Bejucos,72.0,"4- B,S,C,L","honey, molasses, cream, woody",3.5
1303,Tanzania,"Morogoro, Kamili, Kilombero Valley, batch 13",75.0,"3- B,S,C","base cocoa, fruit, fatty",3.25
1304,Nicaragua,"San Juan Coop, El Castillero",75.0,"3- B,S,C","spicy, tobacco",3.0
1305,Peru,"Chulucanas, Piura, Cesar Vallejo-farmer",75.0,"3- B,S,C","muted, grapes, astringent",3.0
1306,Vanuatu,Vanuatu,65.0,"3- B,S,C","cocoa, strong distinct spice",3.75
1307,Peru,Peru,64.0,"3- B,S,C","chewy, vanilla, metallic",2.5
1308,Ecuador,Sisa 36hr/ W. F. blend prototype,70.0,"4- B,S,C,V","creamy, mild marshmallow",3.0
1309,Ecuador,Sisa's Secret/ original micro,70.0,"4- B,S,C,V","intense, mint, marshmallow",3.5
1310,Ecuador,Roberto,75.0,"4- B,S,C,V","sweet, vanilla, coffee",2.75
1311,Ecuador,Diego/ original micro,85.0,"4- B,S,C,V","crumbly, vanilla, bitter",2.5
1312,Ecuador,Diego 48hr/ W.F. blend prototype,85.0,"4- B,S,C,V","creamy, nutty, bitter, flat",2.75
1313,Ecuador,Diego 60hr/ W.F. blend prototype,85.0,"4- B,S,C,V","spicy, mild bitter",3.0
1314,Ecuador,Cacao Nacional W.F.,75.0,"4- B,S,C,V","grassy, earthy, coffee",2.5
1315,Ecuador,Cacao Nacional W.F.,85.0,"4- B,S,C,V","fruity,floral,cooling sensation",3.0
1316,Blend,Noir,70.0,"3- B,S,C",mild bitter and chemical off,2.75
1317,Ecuador,Ecuador,80.0,"3- B,S,C","spicy, floral, bitter",2.75
1318,Philippines,"Davao, Mindanao, batch 24",70.0,"3- B,S,C","licorice, melon",3.25
1319,Papua New Guinea,"Karkar Island, Madong, batch 34",70.0,"3- B,S,C","plum, molasses",3.5
1320,Dominican Republic,"La Red, Project Reserva, Guaconejo",70.0,"3- B,S,C","fatty, dark berry, grassy",3.75
1321,Mexico,Dark,72.0,"5- B,S,C,V,L","sweet, vanilla domintates, nut",2.0
1322,Colombia,"Tumaco, batch 113",70.0,"3- B,S,C","poor finish, cocoa, grassy",3.25
1323,Dominican Republic,"La Red, Guanconjeco",60.0,"2- B,S","gritty, overly sweet, citrus",3.0
1324,Belize,Belize,70.0,"2- B,S","gritty, sour, berries",3.0
1325,Vietnam,Vietnam,70.0,"2- B,S","sticky, molasses, sour",3.0
1326,Mexico,Xoconusco,70.0,"2- B,S","medium roast, nutty",3.25
1327,Mexico,"Xoconusco, triple turned",70.0,"2- B,S","intense, high acidity",3.75
1328,Madagascar,Mava Sa Ferme D'ottange,70.0,"2- B,S","roasty, nutty",3.0
1329,Philippines,Kablon Farm,70.0,"2- B,S","nuts, dried fruit, grassy",3.25
1330,Papua New Guinea,Gazelle,70.0,"2- B,S","astringent, smomkey cocoa",3.25
1331,Colombia,H. Betulia B6,70.0,"2- B,S","light color,",3.0
1332,Peru,San Martin,72.0,"2- B,S","intense, pungent, tangy",2.5
1333,Venezuela,Ocumare,72.0,"3- B,S,C","nutty, pungent, sour",2.75
1334,Belize,Belize,72.0,"3- B,S,C","nutty, sour milk",3.0
1335,Madagascar,Sambirano Valley,72.0,"3- B,S,C","strawberry, intense, sour",3.25
1336,Belize,Belize,90.0,"2- B,S","intense, spicy, pungent",3.25
1337,Dominican Republic,Elvesia,72.0,"3- B,S,C","spicy, molasses, earthy",3.25
1338,Dominican Republic,ROIG,72.0,"3- B,S,C","earthy, fatty, tea",3.25
1339,Haiti,"Kafupbo, Petit Bourg, De Borgnes",70.0,"4- B,S,C,L","spicy, vanilla, dairy",3.25
1340,Peru,"Maranon, Fortunato No. 4",70.0,"4- B,S,C,L","astringent, unbalanced, off",2.75
1341,Brazil,"Bahia, Fazenda Camboa",70.0,"4- B,S,C,L","creamy, mild flavors",3.75
1342,Ecuador,"Los Rios, Hacienda Limon, Heirloom",70.0,"4- B,S,C,L",oranges,3.75
1343,Uganda,Uganda,72.5,"5- B,S,C,V,Sa","vanilla, earth, cardboard",2.5
1344,Dominican Republic,Hispaniola,72.5,"5- B,S,C,V,Sa","vanilla, candy-like, sour milk",3.0
1345,Ecuador,Ecuador,72.5,"5- B,S,C,V,Sa","intense, bourbon, vanilla",2.5
1346,Madagascar,Madagascar,72.5,"5- B,S,C,V,Sa",mild vanilla and mild fruit,3.0
1347,Madagascar,Madagascar,64.0,"5- B,S,C,V,L","smooth, rich, lemon",3.5
1348,Bolivia,Bolivian,68.0,"5- B,S,C,V,L","rich, spice, cheese",3.0
1349,Grenada,Grenada,75.0,"5- B,S,C,V,L","creamy, cocoa, spice",3.25
1350,Dominican Republic,Dominican Republic,74.0,"5- B,S,C,V,L","simple, rich hot cocoa",3.75
1351,Venezuela,Venzuela,71.0,"5- B,S,C,V,L","cocoa, nutty, acidic, burning",3.0
1352,Ecuador,Quito,74.0,"5- B,S,C,V,L","spicy, roasty, coffee",3.75
1353,Peru,Peru,74.0,"5- B,S,C,V,L","floral, soapy, earthy",3.25
1354,Brazil,Brazil,70.0,"5- B,S,C,V,L","creamy, woody, nutty",4.0
1355,Venezuela,Chuao,68.0,"5- B,S,C,V,L","berry, rich cocoa dominates",3.75
1356,Fiji,"Fiji, batch 51019",68.0,"3- B,S,C","unrefined, sweet, basic cocoa",3.0
1357,Peru,"Lumas, 2015 Harvest, Batch 6, brown sugar",70.0,"3- B,S,C","molasses, cardboard, off note",2.25
1358,Peru,"Lumas, 2015 Harvest, Batch 7",70.0,"3- B,S,C","metallic, cardboard, fruit",2.5
1359,Belize,"Belize, 2014 Harvest, Batch 9",70.0,"3- B,S,C","nutty, fatty",3.0
1360,Peru,"Tumbes, 2013 Harvest, Batch 8",70.0,"3- B,S,C","grit, earthy, musty",3.0
1361,Dominican Republic,Oko Caribe,70.0,"2- B,S","anise, spicy, earthy",3.0
1362,Peru,Maranon,75.0,"2- B,S","earthy, molasses, dried fruit",3.0
1363,Belize,"Maya Mtn, Toledo",70.0,"4- B,S,C,L","molasses, high acidity",3.25
1364,Guatemala,"Lachua, Cacao Verapaz",70.0,"2- B,S","tart, molasses, grits",3.25
1365,Belize,"Maya Mtn, 2017 harvest",70.0,"2- B,S","fruit, cocoa, grape",3.5
1366,Guatemala,"Asochivite, 2017 harvest",70.0,"2- B,S","dry, melon, cocoa",3.5
1367,Peru,"Piura Blanco, 2018 harvest",72.0,"2- B,S","sandy, grapes",3.5
1368,Blend,"Cuana, 2008, Ven., Indonesia, Ecuad.",74.0,"4- B,S,C,L","roasty, dark berry, rich",3.5
1369,Ghana,Akosombo,68.0,"4- B,S,C,L","rich cocoa, burning sensation",3.25
1370,Venezuela,"Porcelana, Pariguan",69.0,"4- B,S,C,L","nutty, grassy, rich cocoa",3.5
1371,Blend,Kuruba,60.0,"4- B,S,C,L","rich, sweet, cocoa, intense",3.0
1372,Blend,Orinoco,60.0,"4- B,S,C,L","cocoa, caramel, sweet",3.75
1373,Grenada,Grenada,68.0,"4- B,S,C,L","rich, vegetal, banana, spice",3.5
1374,Dominican Republic,Loma Sotavento,66.0,"4- B,S,C,L","nutty, pear, sour milk",3.5
1375,Blend,"Cuana, 2013, Africa, Carribean, C. Am.",74.0,"4- B,S,C,L","brownie, cocoa, sour, sweet",2.75
1376,Tobago,Tobago,60.0,"4- B,S,C,L","creamy, rich, dairy, nutty",3.25
1377,Ecuador,"Acarigua, w/ nibs",56.0,"4- B,S,C,L","sweet, nutty, cocoa",3.25
1378,Peru,Peruvian Amazon,72.0,"3- B,S,C","peanut butter, burnt rubber",2.5
1379,Ecuador,Vinces,60.0,"3- B,S,C","sweet, fudgey, tang",3.25
1380,Mexico,"Almendra Blanca, Blanco Marfil, Jimenez Garcia",70.0,"2- B,S","rich cocoa, mild fruit & nut",3.5
1381,Mexico,"Xoconusco, Chiapas, Coop CASFA",70.0,"2- B,S","mild hammy, roasty, sour",3.0
1382,Mexico,"Uranga, Chiapas, Jimenez Garcia farm",70.0,"2- B,S","citrus,prononced orange",3.5
1383,Cuba,Cuba,70.0,"4- B,S,C,L","fatty, roasty, coffee, off note",2.75
1384,Blend,Trinidad-Tobago,68.0,"4- B,S,C,L","nutty, woody, leathery",2.75
1385,Madagascar,"Madagascar, Batch 59/100",75.0,"4- B,S,C,L","roasty, sour, cardboard",2.75
1386,Vietnam,"Vietnam, Batch 50/100",75.0,"4- B,S,C,L","gritty, roasty, waxy, off",2.75
1387,Cuba,"Cuba, Batch 59/100",75.0,"4- B,S,C,L","slight burnt, astringent, fruit",3.0
1388,Peru,"Peru, Batch 51/100",75.0,"4- B,S,C,L","sandy, fatty, roasty, fruit",3.25
1389,Ivory Coast,"Ivory Coast, Batch 56/100",75.0,"4- B,S,C,L","roasty, nutty, rich cocoa",3.0
1390,Sao Tome,"Sao Tome, Batch 151",75.0,"4- B,S,C,L","rich, roasty, nutty, smoke",3.5
1391,Brazil,"Bahia, Batch 148",75.0,"4- B,S,C,L","smokey, rich cocoa, spice",3.25
1392,Vietnam,"Lam Dong, Batch 153",75.0,"4- B,S,C,L","creamy, mild honey, floral",3.75
1393,Brazil,Catongo,70.0,"3- B,S,C","floral, caramel",3.5
1394,Tanzania,Tanzania,75.0,"3- B,S,C","dry, roasty, toffee",2.5
1395,Venezuela,Carenero Superior,75.0,"5- B,S,C,V,L","chalky, fatty, sweet",3.0
1396,Venezuela,Rio Caribe,75.0,"5- B,S,C,V,L","chalky, cocoa, tangy",3.0
1397,Blend,"Peru, Ecuador, Venezuela",72.0,"5- B,S,C,V,L","fatty, nutty, woody",3.0
1398,Nicaragua,Rugoso,80.0,"2- B,S","spicy, grassy, roasty",3.5
1399,Nicaragua,Nueva Guinea,71.0,"3- B,S,C","simple, earthy, cocoa",3.0
1400,Honduras,San Pedro Sula,70.0,"3- B,S,C","sandy, rich cocoa",3.25
1401,Nicaragua,"Nicaliso, Bocay",73.0,"3- B,S,C","complex, dairy, roasty",3.5
1402,Bolivia,"Tranquilidad, Itinez Province",74.0,"3- B,S,C","well balanced, melon",3.75
1403,Costa Rica,Upala,70.0,"3- B,S,C","base cocoa, mild ham, woody",3.25
1404,Colombia,"Chucuri, finca los lagos el Carmen",70.0,"3- B,S,C","sandy, off, hammy",2.75
1405,Peru,Piura,70.0,"3- B,S,C","sandy, light color, grape",3.5
1406,Peru,Maranura,70.0,"2- B,S","intense, sticky, cocoa",3.5
1407,Bolivia,Beniamo,70.0,"2- B,S","dried fruit, nutty, mushroom",3.25
1408,Trinidad,"San Juan Estate, Gran Couva",70.0,"2- B,S","cocoa, spice, fruit",3.5
1409,Costa Rica,San Andres,70.0,"2- B,S","roasty, black pepper, woody",3.0
1410,Dominican Republic,"La Red, Guaconejo",70.0,"2- B,S","red fruit, brownie",3.25
1411,Tanzania,Kokoa Kamili,70.0,"2- B,S","subtle, spicy, banana",3.5
1412,Liberia,Liberia,70.0,"2- B,S","floral, black licorice",3.25
1413,Belize,"Maya Mtn, Batch 18, Heirloom",70.0,"2- B,S","smokey, mild berry",3.25
1414,Honduras,"La Masica, Batch 7, FHIA",70.0,"2- B,S","strong raspberry, mocha",3.5
1415,Peru,Ucayali,70.0,"3- B,S,C","mild, licorice, coffee, cocoa",4.0
1416,Ghana,Ashanti,70.0,"3- B,S,C",brownie,3.75
1417,Jamaica,"Bachelor's Hall, batch 0001",70.0,"3- B,S,C","woody, mocha, molasses",3.25
1418,Bolivia,"Tranquilidad, beniano",70.0,"3- B,S,C","spoiled milk, sweet, molasses",3.25
1419,Sao Tome & Principe,"Satocao, limited ed., batch 2",70.0,"3- B,S,C","buttery, sunflower, astringent",3.5
1420,U.S.A.,"Maui Kuia E., Hawaii, 2018-2019 h., batch 1",70.0,"3- B,S,C",home baked banana nut bread,3.75
1421,Madagascar,Sambirano,71.0,"3- B,S,C","sandy, citrus",3.5
1422,Madagascar,Madagascar,70.0,"2- B,S","sweet edge, bright fruit, off",3.0
1423,Peru,Perfect Illusion,65.0,"2- B,S","creamy, strawberry, cocoa",3.5
1424,Bolivia,"Bolivia, Wild Thing",68.0,"2- B,S","fatty, nutty, melon like",3.5
1425,Peru,La Selva,68.0,"2- B,S","rich cocoa, spicy edge",3.75
1426,Blend,"Purple Haze, Venezuela, Dom. Rep.",75.0,"2- B,S","grits, roasted, nutty",2.75
1427,Dominican Republic,"The Other One, Grand Cru",74.0,"2- B,S","fatty, roasty, cocoa",3.0
1428,Bolivia,Wild Thing,68.0,"2- B,S","fatty, grassy, cocoa",3.5
1429,Blend,Excellence (US Version),85.0,"4- B,S,C,V","harsh burnt, mild cocoa, tang",3.0
1430,Sierra Leone,"Gola Rainforest, batch 920",72.0,"2- B,S","grassy, rubbery, chemical",2.5
1431,India,"Anamalai, batch 970",72.0,"2- B,S","basic cocoa, dirty/burnt edge",3.0
1432,Vietnam,"Tien Giang, batch 970",72.0,"2- B,S","spicy, sweet, cocoa",3.0
1433,Puerto Rico,Puerto Rico,65.0,"5- B,S,C,V,L","black pepper, vanilla, harsh",2.5
1434,U.S.A.,"O'ahu Island, Opaeula Estate, Nene, CG Exclusive",71.0,"4- B,S,C,V","aluminum, mild coffee, roasty",3.0
1435,U.S.A.,"O'ahu Island, Opaeula Estate, Ele'ele",72.0,"4- B,S,C,V","strong, brandy, smoke",3.0
1436,U.S.A.,"Hawai'i Island, Hawaiian Crown, Kona Vanilla",70.0,"4- B,S,C,V","sandy, floral, vanilla, candy",3.5
1437,U.S.A.,"O'ahu Island, Haleiwa, Lonohana E., Kanahiku",70.0,"2- B,S","spicy, candied, complex",3.75
1438,U.S.A.,"O'ahu Island, Haleiwa E, 2014",65.0,"4- B,S,C,V","sweet, candy-like, nutty",3.25
1439,U.S.A.,"O'ahu Island, Haleiwa E, 2014",75.0,"4- B,S,C,V","dairy, pudding",3.75
1440,Belize,Maya Mountain,75.0,"3- B,S,C","cherry, fatty, cocoa",3.0
1441,Bolivia,Alto Beni,70.0,"3- B,S,C","sweet, sl. smokiness, fruit",2.75
1442,Nicaragua,Nicaragua,75.0,"2- B,S","multiple off flavors, metallic",2.0
1443,Nicaragua,Medalla,75.0,"2- B,S",potting soil,2.5
1444,Sumatra,Sumatra,70.0,"2- B,S","smokey, earthy, cocoa",3.0
1445,Nicaragua,O'Payo,80.0,"2- B,S","nutty, mild dairy",3.25
1446,Nicaragua,Chuno,78.0,"2- B,S",intense mocha flavor,3.5
1447,Brazil,"Rio Purus, 2016 Harvest",81.0,"2- B,S","oily, burnt, earthy",3.25
1448,Brazil,"Rio Acara, Wild Amazon",70.0,"2- B,S","rustic, basic cocoa, earthy",3.0
1449,Brazil,Wild Jurua (limited edition for Caputo's),70.0,"3- B,S,C","mild sweet honey, rum, off",3.25
1450,Papua New Guinea,Karkar Island,72.0,"3- B,S,C","smoke, fruit, ham, fatty",3.25
1451,Blend,"Selva, Colombia, Ecuador",46.0,"5- B,S,C,V,L","very sweet, caramel, candy",2.75
1452,Blend,"Macondo, Colombia, Ecuador",60.0,"5- B,S,C,V,L","sticky, marshmallow, cocoa",3.0
1453,Blend,"Misterio, Colombia, Ecuador",58.0,"5- B,S,C,V,L","watered down coffee, cocoa",3.0
1454,Colombia,Santander,65.0,"5- B,S,C,V,L","marshmallow, rich brownie",3.5
1455,Madagascar,"Bejofo E., Sambirano, batch 115",73.0,"3- B,S,C","roasted pear, cocoa, sour",3.25
1456,Tanzania,"Kilombero Valley, batch 74",75.0,"3- B,S,C","fatty, dominant roast, spice",3.25
1457,India,"Kerala State, GoGround, batch 88",72.0,"3- B,S,C","deep cocoa, sl. pungent, sandy",3.0
1458,Uganda,"Semuliki Forest, Latitude Trading Co, batch 100",68.0,"3- B,S,C","candied, sweet cocoa, roasty",3.25
1459,Ivory Coast,"Cote d'Ivoire, batch 83",67.0,"3- B,S,C","spice, coconut",3.5
1460,Peru,Peru,55.0,"3- B,S,C","extremely sweet, vanilla",2.25
1461,Peru,Peru,70.0,"3- B,S,C","vanilla, strong chemical",1.5
1462,Uganda,Uganda,75.0,"3- B,S,C","gritty, roasty, rubbery",2.5
1463,Ghana,Ghana,75.0,"3- B,S,C","gritty, cocoa base, ashey",2.75
1464,Madagascar,Madagascar,67.0,"5- B,S,C,V,L","sandy, red berry, cocoa",3.5
1465,Madagascar,Madagascar,70.0,"5- B,S,C,V,L","sandy, woody, peanut butter",3.75
1466,Madagascar,Madagascar,63.0,"5- B,S,C,V,L","intense, nutty, cocoa",4.0
1467,Madagascar,Madagascar,75.0,"5- B,S,C,V,L","sticky, bitter, nutty",3.5
1468,Colombia,Tumaco,70.0,"2- B,S","very sticky, nutty, woody",2.5
1469,Mexico,"Chiapas, Triple Cacao",72.0,"4- B,S,C,V","raisiny, chewy",2.75
1470,Dominican Republic,Dominican,70.0,"4- B,S,C,V","sandy, sweet, strong vanilla",2.5
1471,Costa Rica,Upala,70.0,"4- B,S,C,V","sticky, strong vanilla, pepper",2.75
1472,U.S.A.,"Hawai'i Island, Hamakua Coast, Kokoleka",70.0,"4- B,S,C,V","creamy, vanilla, rich fruit",3.25
1473,U.S.A.,"Criollo, Hawaii",70.0,"4- B,S,C,V","creamy, burnt nuts, woody",3.25
1474,U.S.A.,Kaua'i Island,70.0,"4- B,S,C,V","vanilla, brownie, peanut",3.5
1475,Puerto Rico,Puerto Rico,70.0,"4- B,S,C,V","intense vanilla, swiss miss",2.75
1476,Brazil,Brazil,70.0,"4- B,S,C,V","strong vanilla, nut, coffee",3.5
1477,U.S.A.,"Hawai'i Island, Choobua, Kona",70.0,"4- B,S,C,V","fatty, vanilla, candy-like",2.75
1478,Mexico,"Xocunusco, Chiapas, Pichucalco",70.0,"4- B,S,C,V","vanilla, earthy, caramel",2.75
1479,Solomon Islands,Guadalcanal,73.0,"2- B,S","mild earthy, mild cocoa, nut",3.5
1480,Tanzania,Africa,75.0,"4- B,S,C,V","chalky, astringent, vanilla",2.0
1481,Ecuador,Ecuador,70.0,"4- B,S,V,L","creamy, nutty, mass market",3.0
1482,Cuba,Cuba,70.0,"5- B,S,C,V,L","nutty, cooling sensation",3.25
1483,Dominican Republic,Santo Domingo,70.0,"5- B,S,C,V,L","creamy, hay, nutty",3.75
1484,Ecuador,Ecuador,70.0,"4- B,S,C,L","strong vanilla, some spice",2.0
1485,Madagascar,Sambirano 2006,75.0,"4- B,S,C,L","cardboard, tea-like",2.75
1486,Madagascar,Mora Mora 2006,73.0,"4- B,S,C,L","creamy, sublte grape notes",3.5
1487,Philippines,"Davao, Mt. Talamo foothills",65.0,"5- B,S,C,V,L","sandy, sweet, cocoa",3.5
1488,Thailand,Chantaburi,70.0,"3- B,S*,C","gummy, smokey, hammy",2.75
1489,U.S.A.,"O'ahu Island, N. Shore, Waialua Estate",55.0,"5- B,S,C,V,L","sweet, vanilla, easter candy",2.75
1490,U.S.A.,"O'ahu Island, N. Shore, Waialua Estate w/ nibs",55.0,"5- B,S,C,V,L","creamy, crunchy, very sweet",3.5
1491,Venezuela,Chuao,70.0,"3- B,S,C","hammy, unrecognizable",3.0
1492,Dominican Republic,Conacado,74.0,"3- B,S,C","berry, nutty, sour",3.75
1493,Peru,Peru,74.0,"3- B,S,C","rubber, off medicinal",2.5
1494,Venezuela,Venezuela,74.0,"3- B,S,C","nutty, green",2.75
1495,Ecuador,"Ecuador, batch 1212",74.0,"2- B,S","soil, wet, off notes",2.5
1496,Colombia,Colombia,70.0,"4- B,S,C,L","muted, nutty",2.75
1497,Liberia,"Liberia, batch 174",72.0,"3- B,S,C","molassses, intense, off, herb",3.25
1498,U.S.A.,"Hawai'i Island, Hamakua, Hawaiian Crown, b. 176",72.0,"3- B,S,C","oily, tangy, fruit, earthy",2.75
1499,Peru,"Piura, batch 173",72.0,"3- B,S,C","banana, menthol, medicinal",3.0
1500,U.S.A.,"O'ahu Island, Winward,Maunawili district, b. 151",72.0,"3- B,S,C","molasses, sweet, cocoa",3.25
1501,U.S.A.,"O'ahu Island, Waiahole, b. 182",72.0,"3- B,S,C","orange, cocoa",3.75
1502,Papua New Guinea,Markham Valley,72.0,"3- B,S,C","smoke, fruit",3.5
1503,Costa Rica,Coto Brus,72.0,"3- B,S,C","dried fruit, balanced, cocoa",3.75
1504,Peru,Ucayali,70.0,"3- B,S,C","sweet, fatty, fig",3.25
1505,U.S.A.,"Hawai'i Island, Hilo and Kona regions",70.0,"3- B,S,C","dried fruit,spicy,sticky,intense",3.5
1506,Dominican Republic,Grand Cru Dominican Republic,70.0,"2- B,S","chewy, brownie like",3.25
1507,Ghana,Grand Cru Ghana,70.0,"2- B,S","cocoa, coconut",3.5
1508,Ecuador,Grand Cru Ecuador,70.0,"2- B,S","grits, roaste brownie",3.25
1509,Venezuela,Porcelana,70.0,"2- B,S","nutty, intense, roasty",3.75
1510,Colombia,Kolumbia,85.0,"2- B,S","coarse, intense, nutty",3.5
1511,Nicaragua,Johe,70.0,"3- B,S,C","basic, balanced, deep cocoa",3.75
1512,Peru,Peru,70.0,"3- B,S,C","nutty, roasty,",3.5
1513,Dominican Republic,"ROIG, 2014",70.0,"3- B,S,C","fruity, tangy, cocoa",3.5
1514,Peru,"Maranon, 2014",62.0,"3- B,S,C","delicate, caramel, peanut",3.5
1515,Ecuador,Ecuador,70.0,"3- B,S,C","coarse, floral, rum",3.5
1516,Trinidad,"San Juan Estate, Cherry Blossoms at Night",70.0,"3- B,S,C","heavy roast, few grits, rich",2.75
1517,Nicaragua,"A case of the Xerces Blues, triple roast",70.0,"3- B,S,C","rich, bright fruit",3.5
1518,Peru,"Tumbes, Dear Mr. Finley, 2014",68.0,"3- B,S,C","lemon, spicy, cocoa",3.5
1519,Colombia,Colombia,75.0,"3- B,S,C","roasty, coffee, rubber",2.75
1520,Tanzania,"Kakoa Kamili, Both Man & Bird & Beast",72.0,"3- B,S,C","sweet, fatty, roasty",3.0
1521,Honduras,Le Chocolat Chaud,78.0,"3- B,S,C","grassy, woody, sweet",3.5
1522,Vietnam,"Ben Tre, Surprise Valley",75.0,"3- B,S,C","intense, sour, tart",3.25
1523,Vietnam,"Lam Dong, ""Red Poppy""",73.0,"2- B,S","earthy, tobacco, ashey",3.0
1524,Dominican Republic,Zorzal Reserve,72.0,"3- B,S,C","complex, creamy, cherry",3.5
1525,Blend,Peace of Wild Things,72.0,"3- B,S,C","off notes, rubbery, hammy",3.0
1526,Mexico,"Tabasco, ""Late for the Train"", batch 12184",72.0,"3- B,S,C","sweet, spicy, dirty",3.25
1527,Peru,Cusco,70.0,"3- B,S,C","smokey, dirty, sour",2.75
1528,Peru,"San Martin, Allima coop",80.0,"3- B,S,C","smoked nuts, tang",3.25
1529,Peru,"Piura, Norandino coop, cacao blanco",70.0,"3- B,S,C","mild orange, herbaceous",3.5
1530,Mexico,Tabasco,72.0,"3- B,S,C","earthy, musty, sweet",2.75
1531,Bolivia,"Alto Beni, Walikewa",72.0,"3- B,S,C","floral, earthy, acidic, harsh",2.75
1532,Brazil,"Bahia, Catongo",72.0,"3- B,S,C","delicate, nutty, butterscotch",3.25
1533,Blend,Cacao Nib Crunch,75.0,"2- B,S","earthy, coffee, roasty",3.25
1534,Haiti,"Pisa, batch 58",75.0,"2- B,S","dried fruit, woody, dirty",2.75
1535,Vietnam,Ba Ria,76.0,"3- B,S,C",citrus,3.5
1536,Vietnam,Dong Nai,72.0,"3- B,S,C","roasty, coffee",3.5
1537,Vietnam,"Tien Giang, Gao Co-op",70.0,"3- B,S,C","cocoa, spice, late sour",3.5
1538,Vietnam,Ben Tre,78.0,"3- B,S,C","sticky, pepper, cinamon, rich",3.5
1539,Vietnam,Tien Giang,80.0,"3- B,S,C","creamy, fatty, black pepper",3.0
1540,Vietnam,Lam Dong,74.0,"3- B,S,C","melon, roasty",3.5
1541,Vietnam,"Tan Phu Dong, Treasure Island",75.0,"3- B,S,C","fatty, heavy roast, nutty",3.5
1542,Vietnam,"Tan Phu Dong Island, Heart of Darkness",85.0,"2- B,S","long, mild honey, rich cocoa",3.25
1543,Vietnam,Ben Tre,68.0,"2- B,S","roasty, rich, coffee, nut",3.5
1544,Vietnam,"Dak Lak, Batch 2451",70.0,"2- B,S",spicy and fragrant,3.75
1545,Vietnam,"Dak Nong, Tam Farm",75.0,"3- B,S,C","fatty, roasty, nutty",3.5
1546,Costa Rica,"Matina 1-6, prototype",65.0,"3- B,S,C","intense orange, floral",3.0
1547,Ivory Coast,"Ivory Coast, prototype",65.0,"3- B,S,C","chewy, earthy, spicy",3.0
1548,Nigeria,"Nigeria, prototype",65.0,"3- B,S,C","cocoa, earth, wheat",3.25
1549,Ghana,"Ghana, prototype",65.0,"3- B,S,C","intense, dark berry, cocoa",3.5
1550,Dominican Republic,Dominican Republic,74.0,"4- B,S,C,V","waxy, rubber, medicinal",2.25
1551,Dominican Republic,Dominican Republic,89.0,"4- B,S,C,V","fatty, rubber, medicinal",2.5
1552,Bolivia,Alto Beni,76.0,"3- B,S,C","sticky, pungent, off note",2.75
1553,Haiti,Pisa,82.0,"3- B,S,C","sandy, earthy, sweet edge",3.0
1554,Colombia,Tumaco,74.0,"3- B,S,C","sandy, mild floral, mild nutty",3.25
1555,Venezuela,Patanemo,81.0,"2- B,S","sticky, woody, musty",2.75
1556,Venezuela,Ocumare de la Costa,75.0,"2- B,S","dry, sticky, nutty, earthy",3.0
1557,Dominican Republic,"Dominican Republic, Coop",70.0,"2- B,S","sticky, earthy, coffee",3.25
1558,Blend,Brooklyn Blend,72.0,"2- B,S","rich cocoa, coffee, roasty",3.5
1559,Venezuela,"Chuao, Med. Roast",76.0,"2- B,S","sandy, strawberry, sour",3.0
1560,Venezuela,"Chuao, Dark Roast",70.0,"2- B,S","dry, sandy, intense, berry",3.0
1561,Venezuela,"Chuao, Light Roast",81.0,"2- B,S","gritty, high astringent, sour",2.75
1562,Belize,Moho River,70.0,"2- B,S","gritty, tangy, cocoa",3.5
1563,Papua New Guinea,Papua New Guinea,71.0,"2- B,S","gritty, sticky, smoke,hammy",2.75
1564,Peru,San Martin,75.0,"2- B,S","orange,lemon,coffee ground",3.0
1565,Dominican Republic,Conacado,73.0,"2- B,S","dry, gritty, red berry, coffee",3.25
1566,Dominican Republic,"La Red de Guanconejo, N. Highlands coop",74.0,"2- B,S","gritty, raspberry, sour",3.75
1567,Blend,"Shake Shack, Peru, Mad., Dom. Rep.",73.0,"2- B,S","gritty, fruit, tart, rich",3.5
1568,Blend,Madagascar,72.0,"2- B,S","gritty, overly tart, sour",2.5
1569,Venezuela,Chuao,73.0,"2- B,S","gritty, sour, sweet",2.75
1570,Blend,"French Laundry 20th Anniversary, Peru, Belize",75.0,"2- B,S","tart, deep choco",3.75
1571,Guatemala,Guatemala,76.0,"2- B,S","mild bitter, citrus, intense",3.0
1572,Tanzania,Tanzania,74.0,"2- B,S","green, vegetal, mild spice",3.25
1573,Vanuatu,"Malekula P., 2013",72.0,"3- B,S,C","sticky, butterscotch, nutty",3.5
1574,Madagascar,"Somia, 2013",68.0,"3- B,S,C","sticky, red fruit",4.0
1575,Papua New Guinea,"Kulili P., 2013",74.0,"3- B,S,C","creamy, grassy, smoke, nut",4.0
1576,Blend,"PNG, Vanuatu, Mad; 2013 h.",70.0,"3- B,S,C","nutty, fruity, spicy",3.75
1577,U.S.A.,"Kuia Estate, Hawaii, lot 083122",70.0,"3- B,S,C","sweet, banana, mild sour orange",3.5
1578,Belize,Maya Mountain,70.0,"2- B,S","heavy roast, smoke",3.25
1579,Dominican Republic,Elvesia,70.0,"2- B,S","roasty, coffee",3.25
1580,Peru,Tumbes,82.0,"2- B,S","intense, burnt, bitter, spice",3.25
1581,Peru,"Morropon, Norandiono Coop, Piura",63.0,"3- B,S,C","sweet, cherry, cream, raisin",3.5
1582,U.S.A.,"Hawai'i Island, Big Island, Mauna Kea",70.0,"3- B,S,C","nutty, cheese, savory",3.0
1583,Madagascar,"Akesson P., Sambirano",65.0,"3- B,S,C","sweet edge, sour fruit",3.25
1584,Vietnam,"Dak Nong, Marou Cacao",75.0,"3- B,S,C","roasty, hammy, dirty",3.0
1585,Dominican Republic,Hispaniola,72.0,"2- B,S","gritty, sweet, earthy",3.0
1586,Guatemala,"Cahabon E., ""Adioesmac""",70.0,"3- B,S,C","musty, woody, rubbery, roasty",2.5
1587,Belize,"Maya Mountain, Toledo",70.0,"3- B,S,C","cocoa, strawberry",3.25
1588,Bolivia,Bolivia,70.0,"2- B,S","pungent, off",2.5
1589,Venezuela,Venezuela,70.0,"2- B,S","molasses, sweet, choco",2.75
1590,Belize,Belize,70.0,"2- B,S","spicy, metallic, molasses",3.0
1591,Nicaragua,"Nicaragua, w/ inbs",70.0,"2- B,S","fatty, sligthly bland, earthy",3.0
1592,Dominican Republic,Dominican Republic,70.0,"2- B,S","high roast, nutty, deep choco",3.5
1593,Ecuador,"Camino Verde, Duran Region",85.0,"2- B,S*","floral, earthy, bitter",2.5
1594,Dominican Republic,"Oko Caribe, El Cibao, 2018 Harvest",70.0,"2- B,S*","dry, floral, dirty, coconut",2.75
1595,Philippines,"Kablon Farms, Mindanao Island, 2018 harvest",70.0,"2- B,S*","smooth, coconut, cocoa",3.25
1596,Tanzania,"Kokoa Kamili, 2018 harvest, Mbingu Village",70.0,"2- B,S*","creamy, coconut, cocoa",3.25
1597,Madagascar,Madagascar,80.0,"4- B,S,C,L","sticky, tart, slight burnt",2.5
1598,Madagascar,Madagascar,72.0,"4- B,S,C,L","uneven, smokey, hammy",2.5
1599,Honduras,"Honduras, batch 744",72.0,"4- B,S,C,L","chewy, woody, off notes",2.5
1600,Honduras,Honduras,80.0,"3- B,S,C","intense, ham, butterscotch",3.25
1601,Honduras,Honduras,70.0,"3- B,S,C","intense, grassy, spicy, rich",3.5
1602,Nicaragua,"La Tronca, Matagalpa",70.0,"3- B,S,C","acidic, pomegrant, brownie",3.25
1603,Nicaragua,"La Tronca, Matagalpa",80.0,"3- B,S,C","dried fruit, rich cocoa",3.5
1604,El Salvador,El Salvador,80.0,"3- B,S,C","fatty, bitter, woody, roasty",2.75
1605,El Salvador,El Salvador,70.0,"3- B,S,C","dairy, caramel",3.0
1606,Brazil,"Fazenda Bonanca, Bahia",75.0,"3- B,S,C","earthy, floral, rubbery",2.5
1607,Brazil,"Fazenda Sempre Firme P., Bahia, batch 7",70.0,"3- B,S,C","fatty, creamy, olive",3.0
1608,Madagascar,"Akesson Estate, batch 10",72.0,"3- B,S,C","creamy, fatty, mild cherry",3.5
1609,Solomon Islands,"Patovaki, Paspaskato Is",72.0,"3- B,S,C","roasty/smokey, high acidity",3.25
1610,Solomon Islands,Tenaru,67.0,"3- B,S,C","dried fruit, mild hammy",3.75
1611,Blend,South America,70.0,"3- B,S,V","accesible, simple cocoa note",3.5
1612,Peru,Piura Blanco,70.0,"3- B,S,C","grape, mild smoke, sandy",3.5
1613,Peru,"Cusco No. 3, Chuncho Collection",72.0,"3- B,S,C","pungent, grape, apricot",3.0
1614,Blend,Carre Amer,60.0,"4- B,S,C,V","sweet, crisp nibs",2.0
1615,Blend,Carre Grand Noir,85.0,"4- B,S,C,V",bitter coffee flavor,2.0
1616,Sao Tome,Tamarina,70.0,"4- B,S,C,V","creamy, licorice, herbs",3.0
1617,Dominican Republic,Los Ancones P.,67.0,"4- B,S,C,V","creamy, raisins, licorice",3.75
1618,Madagascar,Mangaro P.,65.0,"4- B,S,C,V","grapefruit, spices",3.75
1619,Papua New Guinea,Maralumi P.,64.0,"4- B,S,C,V",tropical fruit and mild smoke,3.75
1620,Blend,Noir Infini,99.0,"4- B,S,C,V","smooth, bold, bitter",2.0
1621,Venezuela,"Carenero Superior, Concepcion",66.0,"4- B,S,C,V","cocoa, orange",3.5
1622,Sao Tome,Vila Gracinda,67.0,"4- B,S,C,V","creamy, smoke, raspberry",3.5
1623,Mexico,"Chiapas, Mokaya P.",66.0,"4- B,S,C,V","raisins, melon",3.75
1624,Colombia,El Jardin,69.0,"4- B,S,C,V","sandy, earthy, fatty",3.25
1625,Brazil,Riachuelo Plantation,70.0,"4- B,S,C,V","sandy, grits, nutty, vanilla",3.0
1626,Guatemala,La Laguna Plantation,70.0,"4- B,S,C,V","dairy, cocoa, fatty, apple",3.5
1627,Blend,Houseblend,65.0,"4- B,S*,C,Sa","chemical, salt, wtf",1.5
1628,Bolivia,Alto Beni,75.0,"4- B,S*,C,Sa","sticky, cardboard,why bother",2.0
1629,Indonesia,"Balinese, Java",70.0,"4- B,S*,C,Sa","leather, salt",2.5
1630,Dominican Republic,La Red,75.0,"3- B,S*,Sa","molassses, palm, spicy",2.5
1631,Belize,Belize,80.0,"4- B,S,C,Sa","strawberry, cream, spice",3.25
1632,Belize,Maya Mountain,80.0,"3- B,S,C","woody, lemon, mild bitter",3.5
1633,Trinidad,San Juan Estate,70.0,"3- B,S,C","black pepper, dairy",3.5
1634,Dominican Republic,Oko Caribe,75.0,"3- B,S,C","spicy, rich, mint",3.75
1635,Venezuela,"Patanemo, Epoch, Donaldo",75.0,"3- B,S,C","nutty, grassy, woody",3.75
1636,Tanzania,Kokoa Kamili,75.0,"3- B,S,C","banana, melon, fatty",3.25
1637,Nicaragua,"Matagalpa, Cacao Bisiesto",70.0,"3- B,S,C","rum, herbal, rich",3.5
1638,Dominican Republic,"Oko Caribe, hispaniola, 2017 harvest",70.0,"3- B,S,C","fatty, simple",3.0
1639,India,Idukki,70.0,"3- B,S,C","candy spices, sweet",3.25
1640,Belize,"San Jose, Toledo, 2017 harvest",70.0,"3- B,S,C","grape, cocoa",3.5
1641,Peru,"Maranon, 2017 harvest",70.0,"3- B,S,C","complex, true to origin",3.25
1642,Ecuador,Ecuador,70.0,"4- B,S,C,V","wine, brownie batter",3.5
1643,Ecuador,Ecuador,70.0,"4- B,S,C,V","unrefined, burnt nuts, vanilla",2.5
1644,Ecuador,"Los Rios, Arriba, 2017 Harvest",70.0,"3- B,S,C","sandy, nutmeg, astringent",3.0
1645,India,"Kaithapara Village, Idukki, Kerala, 2017 H.",74.0,"3- B,S,C","dry, sandy, empty, sweet",3.0
1646,Brazil,"Fazenda Leolinad, Bahia, 2017 H.",76.0,"3- B,S,C","dry, sandy, dirt, empty",3.0
1647,Panama,Bocas del Toro,75.0,"3- B,S,C","sandy, green, grassy, harsh",2.75
1648,India,Kaithapara,74.0,"3- B,S,C","unripe fruit, sour, watery",3.0
1649,Tanzania,Kilombero Valley,90.0,"3- B,S,C","sandy, bitter, sour fruit",3.0
1650,Madagascar,Ambanja,70.0,"2- B,S","cocoa, mild pear, sticky",3.5
1651,Brazil,Bahia,70.0,"2- B,S","intense, sour, hammy",3.0
1652,Vietnam,Ben Tre,70.0,"2- B,S","cocounut, late sour",3.25
1653,Peru,"Piura Gran Blanco, Sisyu & Kiriyana Phoenix",70.0,"2- B,S","grape, thick, chewy",3.75
1654,Ecuador,Ecuador,77.0,"3- B,S,C","dry, coffee notes from roaster",2.75
1655,Ecuador,"Ecuador, lot# 181220",67.0,"3- B,S,C","sandy, harsh, floral",2.75
1656,Haiti,"Acul-du-Nord, 2015",70.0,"2- B,S","gritty, sweet, earty",3.5
1657,Papua New Guinea,Papua New Guinea,72.0,"2- B,S","few grits, intense smoke",3.0
1658,Madagascar,Madagascar,72.0,"2- B,S","tangy, roasty, ham",3.25
1659,India,India,65.0,"3- B,S,C","sweet, licoric",3.5
1660,Vietnam,Vietnam,65.0,"2- B,S","slight grainy, roasty, spicy",3.5
1661,Tanzania,Kokoa Kamili,72.0,"3- B,S,C","complex, fruit, nut, rich",3.75
1662,Vietnam,Vietnam,70.0,"3- B,S,C","sour fig, cocoa, creamy, fatty",3.5
1663,Brazil,"Bahia, Fazenda Venturosa",70.0,"2- B,S","coarse, smokey, citrus",3.5
1664,Brazil,"Fazenda Camboa, Bahia",75.0,"2- B,S","sticky, blackberry, acidic",3.75
1665,Puerto Rico,"Puerto Rico, 2018 harvest",70.0,"3- B,S,C","powdery, intense, floral",3.0
1666,Colombia,Tumaco,65.0,"3- B,S,C","vanilla, artificial, sweet",2.5
1667,Belize,"Umoho R., Toledo District, San Felipe",67.0,"3- B,S,C","rough, sweet, dairy, vanilla",2.75
1668,Belize,"Toledo District, w/ nibs",73.0,"3- B,S,C",basic cocoa,3.25
1669,Belize,Toledo District,72.0,"3- B,S,C","strawberry, blueberry",3.0
1670,Cameroon,"Kombone Village, 2018 Harvest",68.0,"2- B,S",earthy,3.0
1671,Brazil,Brazil,72.0,"3- B,S,C","dirty, rubbery, spicy",2.5
1672,Dominican Republic,Zorzal Estate,70.0,"2- B,S","dark berry, earthy",3.5
1673,Sierra Leone,Gola Rainforest,72.0,"3- B,S,C","roasty, honey, sweet",3.0
1674,Tanzania,Kokoa Kamili,72.0,"2- B,S","cocoa, fig, classic",3.75
1675,Madagascar,"Bejofo, batch 7",70.0,"3- B,S,C","creamy, off note, rubbery, petro",2.75
1676,Dominican Republic,"Zorzal, batch 8",70.0,"3- B,S,C","dark fruit, slight harsh molasses",3.25
1677,Dominican Republic,La Red,70.0,"2- B,S","overly intense, tart, red fruit",3.0
1678,Indonesia,Indonesia,70.0,"2- B,S","intense, smokey, floral",2.75
1679,Peru,Peru,70.0,"2- B,S","dry, nutty, fruity",3.25
1680,Nicaragua,Matagalpa,70.0,"2- B,S","unrefined, hay, sweet",2.75
1681,Nicaragua,Mombacho,70.0,"2- B,S","unrefined, bright berry, sweet",2.75
1682,Nicaragua,Nueva Waslala,70.0,"3- B,S,C","fatty, floral, spicy",3.25
1683,Dominican Republic,Oko Caribe,72.0,"2- B,S","earthy, spicy, cocoa",3.5
1684,Philippines,"Kablon, lot 07 (made for Etat de Choc)",76.0,"3- B,S,C","black tea, floral",3.5
1685,Papua New Guinea,Papaua New Guinea,70.0,"3- B,S,C","smoke, ham, sour milk",3.25
1686,Mexico,Chiapas,70.0,"3- B,S,C","chalky, powdery, molasses",3.25
1687,Ecuador,"Esmeraldas, batch 9",75.0,"2- B,S","intense, floral, cocoa,long lasting",3.75
1688,Peru,"Ucayali, batch 9",72.0,"3- B,S,C","licorice, cocoa",3.5
1689,Ecuador,Manabi,70.0,"3- B,S,C","spicy, smoke, sour",3.25
1690,Ecuador,Manabi,63.0,"3- B,S,C","spicy, sweet, fragrant",3.5
1691,Ecuador,Manabi,85.0,"3- B,S,C","spicy, fragrant, bitter",3.5
1692,Mexico,"Finca La Rioja E., Cacahoatan, Chiapas",70.0,"3- B,S,C","light color, spicy, sweet, sour",3.0
1693,Nicaragua,Nicaragua,70.0,"3- B,S,C","grassy, spicy, sweet",3.5
1694,Nicaragua,Nicaragua,80.0,"3- B,S,C","sweet, rich",3.5
1695,Venezuela,Chuao,70.0,"2- B,S","Fruity, Roasty",3.5
1696,Dominican Republic,"Oko Caribe, batch 1 SRB",71.0,"2- B,S","gritty, sweet, earthy",2.75
1697,Tanzania,"Kokoa Kamili, batch 1 SRB",68.0,"2- B,S","dry, earthy, atypical",2.75
1698,Madagascar,"Ambanja, batch 1 SRB",68.0,"2- B,S","sweet, molasses, gritty",2.75
1699,Vietnam,"Tien Giang, batch 1 SRB",80.0,"2- B,S","gritty, tart, molasses",3.0
1700,Costa Rica,"Costa Rica, Oscuro",58.0,"3- B,S,C","too sweet, earthy, off notes",2.5
1701,Costa Rica,"Costa Rica, Oscuro",70.0,"3- B,S,C","earthy, spicy, cocoa",3.0
1702,Grenada,Grenada,71.0,"4- B,S,C,V","sandy, oranges",2.5
1703,Blend,Trinidad & Tobago,70.0,"4- B,S,C,L","sandy, floral, spice, roasty",3.75
1704,Peru,"Maranon Canyon, Fortunato No. 4",78.0,"4- B,S,C,L","orange, floral, caramel",3.75
1705,Nicaragua,Nicaragua,70.0,"4- B,S,C,L","sandy, intense, tropical fruit",3.25
1706,Venezuela,"Chuao, lot 0077",75.0,"4- B,S,C,L","coarse, sweet, minty",2.75
1707,Venezuela,"Barinas, lot 0077",70.0,"4- B,S,C,L","coarse, sweet",3.0
1708,El Salvador,"Finca Concepcion, nano-lot",70.0,"3- B,S,C","bold, savory, creamy",3.25
1709,Nicaragua,"Rugoso, nanolot for Cacao Review",67.0,"3- B,S,C","strong, rubbery, woody, sweet",2.75
1710,U.S.A.,Criollo Blend,85.0,"3- B,S,C","sandy, spicy, earthy",3.5
1711,Peru,Peru,72.0,"2- B,S","metallic, medicinal, pungent",2.25
1712,Dominican Republic,Hispaniola,70.0,"2- B,S*","grassy, dirt, mild spice",2.5
1713,Madagascar,Madagascar,73.5,"2- B,S","intense, pungent, sour fruit",2.5
1714,Ghana,Ghana,70.0,"3- B,S,C","brownie, toffee",3.5
1715,Dominican Republic,"Hispaniola, batch 170308",70.0,"2- B,S","dry, sandy, sweet, acidic",3.25
1716,Blend,West Africa,73.0,"5- B,S,C,V,L","non descript, poor aftertaste",2.0
1717,Sao Tome,Sao Tome,75.0,"5- B,S,C,V,L","grassy, earthy, burnt",2.75
1718,Venezuela,Ocumare,71.0,"5- B,S,C,V,L","pastey, complex, coffee,vanilla",3.0
1719,Blend,Dark,73.0,"5- B,S,C,V,L","pastey, strong off flavor",1.0
1720,Trinidad,Manickchand Estate,67.0,"5- B,S,C,V,L","complex, intense banana",3.75
1721,Papua New Guinea,Papua New Guinea,70.0,"5- B,S,C,V,L","gritty, vanilla, non-descript",2.5
1722,Venezuela,Patanemo,72.0,"2- B,S","molasses, nut, roasty, bitter",2.25
1723,Dominican Republic,Elvesia P.,72.0,"2- B,S","molasses, rum, tea",2.75
1724,Madagascar,"Ambanja, Sambirano Valley",72.0,"2- B,S","molasses, bright fruit",3.0
1725,Peru,Tumbes,72.0,"2- B,S","molasses, malt, raisin",3.0
1726,Brazil,Bahia,72.0,"2- B,S",notes from sugar,3.0
1727,Brazil,"Linhares, lot 0321, 2021 harvest",71.0,"3- B,S,C","molasses, dried fruit",3.25
1728,Brazil,Terruc Tuere,72.0,"3- B,S,C","molasses, earthy, flat",3.0
1729,Peru,Peru,75.0,"3- B,S,C","spicy, red fruit, raisins",2.75
1730,Ecuador,Ecuador,75.0,"3- B,S,C","single note, spicy",3.5
1731,Ecuador,"Los Rios, Dec. 2018 H., Batch 2",72.0,"3- B,S,C","floral, cocoa, creamy",3.75
1732,Peru,Chazuta,70.0,"3- B,S,C","pungent, grape, sour",3.0
1733,Tanzania,"Kokoa Kamili, Kilobmbero batch TK186",72.0,"3- B,S,C","sweet, melon notes",3.0
1734,Vietnam,"Ben Tre, batch VNBT186",72.0,"3- B,S,C","spicy, vanilla, sweet",2.75
1735,Dominican Republic,Oko Caribe,72.0,"3- B,S,C","basic cocoa, sour ending",3.0
1736,Fiji,"Matasawalevu, batch FJMA1",74.0,"3- B,S,C","sour, rubbery, off",2.75
1737,Colombia,"Sierra Nevada, batch CSN192",72.0,"3- B,S,C","strong base cocoa, rubber",3.25
1738,Ghana,Ghana,75.0,"4- B,S*,V,L","nutty, high roast, spice",3.0
1739,Belize,Moho Valley,75.0,"4- B,S*,V,L","coconut, mild metallic",3.0
1740,Peru,Maranon Canyon,75.0,"4- B,S*,V,L","roasty, mild orange",3.25
1741,Venezuela,Venezuela,70.0,"3- B,S,C","sweet, candy like, dairy",3.0
1742,Ecuador,Ecuador,70.0,"3- B,S,C","sweet, spicy, cocoa",3.0
1743,Dominican Republic,Zorzal Republic,70.0,"2- B,S","orange,citrus, high astringency",3.5
1744,Madagascar,Bejofo,70.0,"2- B,S","sl. Burnt, nutty, fruit in back",3.25
1745,India,Anamalai,70.0,"2- B,S","delicate, coffee, caramel",3.75
1746,Mexico,Tabasco,67.0,"2- B,S","sl. sweet, basic cocoa",3.0
1747,Peru,Ucayali,70.0,"2- B,S","grass, tobacco",3.0
1748,Tanzania,Kokoa Kamili,70.0,"2- B,S","tart, lemony , high astringency",3.5
1749,Nicaragua,"La Patriota, cacao Indio, purple label",70.0,"2- B,S","woody, coffee,roasted cherry",3.0
1750,Nicaragua,"La Dalia, Matagalpa,cacao Bisesto,green label",75.0,"2- B,S","fatty, honey, earthy",2.75
1751,Ecuador,"Punta Galera, cacao Nacional, gold label",80.0,"2- B,S","sandy, strawberries",3.25
1752,Ghana,"Ghana, 2013, batch 3581",70.0,"2- B,S","rich, cherry, smoke, cocoa",3.75
1753,Ecuador,"Ecuador, 2013",70.0,"2- B,S","earthy, roasted nuts",2.75
1754,Venezuela,"Canoabo, 2013, batch 2642",70.0,"2- B,S","intense, slightly burnt",3.0
1755,Madagascar,"Sambirano Valley, 2012, batch 3062",70.0,"2- B,S","fruity, sour, high astringent",3.5
1756,Dominican Republic,La Red,70.0,"2- B,S","rich, mild smoke, red fruit",3.75
1757,Nigeria,"Akwa Ibom, 2017 h., batch 19762",70.0,"3- B,S,C","cocoa, nut, dried fruit, rubbery",3.0
1758,Vietnam,"Lam Dong, 2016 h., batch 20111",70.0,"3- B,S,C","spicy, cocoa, hammy",3.25
1759,Brazil,Fazenda Leolinda,70.0,"3- B,S,C","nutty, banana, cocoa",3.5
1760,Jamaica,Jamaica,70.0,"5- B,S,C,V,L","grassy, vanilla, burnt",2.5
1761,Peru,"Pangoa, w/ nibs",70.0,"2- B,S","creamy, roasty, mild grape",3.75
1762,Peru,"Pangoa, 2018, batch 1584 - E",70.0,"2- B,S","intense grapes, sweet cocoa",3.75
1763,Congo,Virunga,70.0,"3- B,S,C","melon, earthy, tobacco",3.75
1764,Peru,Piura,75.0,"3- B,S,C","peanut butter, raspberry",4.0
1765,Papua New Guinea,"PNG, Devotion, batch 96, gogol naru",66.0,"2- B,S","smoke, sour fruit, hammy",2.75
1766,Papua New Guinea,"PNG, Revolution, WAG1",70.0,"2- B,S","smoke, sour fruit, hammy",3.0
1767,Papua New Guinea,"PNG, Voodoo, batch 95",88.0,"2- B,S","intense, bitter, sour, smokey",3.25
1768,Papua New Guinea,"PNG, Nib Bar, WAG1",74.0,"2- B,S","smokey, intense, coffee",3.5
1769,Samoa,Sang Yum Coop,100.0,1- B,"bitter, intense, nutty",2.75
1770,Samoa,Sang Yum Coop,70.0,"2- B,S","cocoa, roasty, nutty",3.5
1771,Guatemala,Cahabon,70.0,"2- B,S","damp woody, leather, cocoa",3.0
1772,Tanzania,Kokoa Kamili,70.0,"2- B,S","sour banana, muted",3.0
1773,Uganda,Bundibugyo,70.0,"2- B,S","dominant hazelnut, fudge",3.25
1774,India,Idukki Hills,70.0,"2- B,S","intense tart, sourness",3.25
1775,Bolivia,"Tranquilidad, Wild",70.0,"2- B,S","silky smooth, cherry, cocoa",3.75
1776,Colombia,Arhuaca,70.0,"2- B,S","walnut, tobacco, grassy",3.25
1777,Vietnam,Ben Tre,70.0,"2- B,S","complex,cranberry,malt, vanilla",3.75
1778,Haiti,Pisa,70.0,"2- B,S","blackberry, tang",3.75
1779,Blend,"Elegant Asian Blend"", Vietnam, India",100.0,1- B,"sharp fruit, intense, sl. Sour",3.0
1780,U.S.A.,Hawaii Kona,70.0,"2- B,S","burnt fudge, nutty",3.25
1781,Peru,Ucayali,70.0,"2- B,S","deep cocoa, cherry, slight ashy",3.25
1782,Venezuela,Chuao,80.0,"2- B,S","berries, burnt, rubbery, off",3.0
1783,Venezuela,Chuao,70.0,"2- B,S","strong start, fruity, acidic",3.5
1784,Trinidad,"San Juan Estate, Gran Couva",70.0,"3- B,S,C","off notes, sour, roasty",2.75
1785,Tanzania,Tanzania,70.0,"3- B,S,C","sweet,sandy, fruit, pungent",3.0
1786,Bolivia,"Sylvestre, Oialla",70.0,"2- B,S","rich cocoa, one dimensional",3.5
1787,Brazil,Beniano,78.0,"3- B,S,C","creamy, cherry, acidic",3.75
1788,Blend,"Dark 67, Ghana, Domin. Rep",67.0,"3- B,S,C","sandy, cheese, sour",2.75
1789,Blend,"Dark 75, Ghana, Domin. Rep",75.0,"3- B,S,C","fatty,cheese, musty",3.0
1790,Dominican Republic,Dominican Republic prototype,72.0,"3- B,S,C","earthy, cheesy",3.0
1791,Ghana,Ghana prototype,72.0,"3- B,S,C","gritty, simple cocoa, burnt",3.0
1792,Blend,Carribean-Raw,76.0,"5- B,S,C,V,L","intense, medicinal, leathery",2.0
1793,Blend,Carribean,76.0,"5- B,S,C,V,L","rubber, cocoa, bitter",2.75
1794,Blend,Carribean,85.0,"5- B,S,C,V,L","creamy, medicinal, mint, bitter",2.75
1795,Blend,Carribean-Raw,85.0,"5- B,S,C,V,L","sticky, berry, bitter",3.0
1796,Ghana,Ghana,80.0,"4- B,S,C,L","grits, strong vanilla, brownie",2.75
1797,Papua New Guinea,Papua New Guinea,70.0,"3- B,S,C",intensely smokey,3.0
1798,Madagascar,Madagascar,66.0,"3- B,S,C","red berry, mild molasses",3.5
1799,Tanzania,"Kakao Kamili, Kilombero Valley",70.0,"3- B,S,C","sweet, dried fruit, gateway",3.75
1800,Nicaragua,Nicaragua,73.0,"3- B,S,C","intense spice, coarse",3.0
1801,Madagascar,"Sambirano, Northern Ambanja, 2018 Harvest",70.0,"2- B,S","sweet, tart, raisin, sour ending",3.25
1802,Vietnam,"Ben Tre, Mekond Delta, 2018 H.",70.0,"2- B,S","roast dominates,spicy,astringent",3.25
1803,Tanzania,"Kokoa Kamili, Kilombero Valley, 2018 H.",70.0,"2- B,S","sweet edge, dried fruit, lemon",3.5
1804,Peru,"San Ignacio, 2020 Harvest, Cajamarca, b. 6/10-1",70.0,"3- B,S,C","caramel, honey, roasty",3.25
1805,Madagascar,"Bejofo Estate, 2019 Harvest, b. 4/6-2",75.0,"3- B,S,C","tart, green apple, rich",3.5
1806,Colombia,"Tumaco, 2019 Harvest, b. 3/8-2",75.0,"3- B,S,C","burnt honey, rubbery",2.75
1807,Peru,"Piura, Gran Blanco, 2019 Harvest, b. 7/9-2",75.0,"3- B,S,C","grape, punchy, deep cocoa",3.25
1808,Belize,Maya Mountain,74.0,"3- B,S,C","sandy, ashey, mild fruit",2.75
1809,Dominican Republic,La Red,72.0,"3- B,S,C","sandy, roasty, fruity",2.75
1810,Nicaragua,Nicaraqua,72.0,"3- B,S,C","grits, roasty, woody",2.75
1811,Dominican Republic,Caribe,72.0,"3- B,S,C","sandy, cinamon, high roast",3.0
1812,Ecuador,Mindo,72.0,"3- B,S,C","spicy, sweet, high roast",3.0
1813,Panama,Panama,71.0,"3- B,S,C","fatty, bland, some spice",3.0
1814,Congo,"D.R. Congo, Cru Virunga",70.0,"3- B,S,C",vegetable and honey,3.0
1815,Peru,"Piura, Apotequil, ""Porcelana"" 72hr c.",75.0,"3- B,S,C","creamy, sour banana, lemon",3.0
1816,Bolivia,"Alto Beni, Wild Harvest, Itenez R., 60hr c.",68.0,"3- B,S,C","rich cocoa, bread notes",3.25
1817,Bolivia,"Alto Beni, Wild Harvest, Itenez R. 24hr c.",66.0,"3- B,S,C","creamy, melon, subtle",3.75
1818,Papua New Guinea,Papua Kerafat,68.0,"3- B,S,C","fatty, dates, musty",2.75
1819,Blend,"Grand Cru Blend No.1, 5 yr. Anniversary Ed",80.0,"2- B,S","creamy, mild bitter, coffee",3.25
1820,U.S.A.,"Hawai'i Island, Kona Estate, Hualalai Mtn",60.0,"5- B,S,C,V,L","muddy, pastey, sweet, vanilla",3.0
1821,U.S.A.,"Hawai'i Island, Kona Grand Cru E.",60.0,"5- B,S,C,V,L","sticky, tobacco",3.0
1822,Peru,Peru,65.0,"4- B,S,C,L","dry, banana, molasses",3.0
1823,Peru,Peru,72.0,"4- B,S,C,L","sandy, molasses, brownie",3.0
1824,Ecuador,Esmeraldas,60.0,"4- B,S,C,L","floral, rubber, vanilla, metallic",2.75
1825,Ecuador,Los Rios,72.0,"4- B,S,C,L","sandy, rubber, spice, floral",3.0
1826,Ecuador,Manabi,65.0,"4- B,S,C,L","creamy, sweet, green",3.0
1827,Ecuador,Raw,100.0,"3- B,S,C","bitter, earthy",2.0
1828,Ecuador,Raw,70.0,"4- B,S,C,L","sandy, green, spice, nuts",3.5
1829,Ecuador,Nube- prototype,70.0,"4- B,S,C,L","waxy, sandy, floral",3.5
1830,Ecuador,"Ecuador, raw",85.0,"4- B,S,C,L","spice, mostly bitter",2.75
1831,Peru,Piura,70.0,"4- B,S,C,L","light color,complex,molasses",4.0
1832,Ecuador,Garaua,70.0,"4- B,S,C,L","floral, green, tannic",3.25
1833,Ecuador,Cumbia,70.0,"4- B,S,C,L","savory, smokey",3.5
1834,Ecuador,Montubia,70.0,"4- B,S,C,L","creamy, green fruit, candied",3.75
1835,Ecuador,Tangara,70.0,"4- B,S,C,L","creamy, spicy, cocoa",4.0
1836,Colombia,"Sierra Nevada, Tutu Iku",70.0,"4- B,S,C,L","complex, balanced",4.0
1837,Haiti,Haiti,70.0,"5- B,S,C,V,L","vanilla, sweet, gateway",3.5
1838,Vietnam,Vietnam,72.0,"5- B,S,C,V,L","molasses, tart, vegetal",3.25
1839,Cuba,Cuba,72.0,"5- B,S,C,V,L","creamy, tobacco, cocoa",3.75
1840,Bolivia,"Alto Beni, Palos Blancos",72.0,"2- B,S","vinegar, sour",2.75
1841,Madagascar,Sambirano,78.0,"2- B,S","red fruit, intense, bright",3.75
1842,Ecuador,"Camino Verde P., Balao, Guayas",75.0,"2- B,S","earthy, nutty, black pepper",2.75
1843,Blend,Duo- Gran Couva & Camino Verde,75.0,"2- B,S","intense floral, slight woody",3.5
1844,Trinidad,Gran Couva,70.0,"2- B,S","mellow, fruity, brownie",3.75
1845,Bolivia,"Silvestre, La Paz, Beni",70.0,"2- B,S","slow, sweet, spicy",3.25
1846,Trinidad,"San Juan Estate, Gran Couva",70.0,"2- B,S*","maple, spicy, cocoa",3.25
1847,Tanzania,Kokoa Kamili,72.0,"2- B,S","rich cocoa, dried fruit",3.5
1848,Vietnam,Lam Dong,72.0,"2- B,S","cocoa, melon, dairy",3.75
1849,Guatemala,Lachua,70.0,"2- B,S","fruity, off rubber",2.75
1850,Belize,Maya Mtn,72.0,"2- B,S","strawberry, savory",3.0
1851,Peru,Maranon,72.0,"2- B,S","grape, pungent, off sour",2.75
1852,Haiti,Pisa,70.0,"2- B,S","sticky, bold, nutty, fig",3.5
1853,Dominican Republic,Dominican Republic,75.0,"2- B,S","creamy, burnt rubber, off",2.75
1854,Peru,"Maranon, batch 28",70.0,"2- B,S","intense spicy, floral",3.5
1855,Fiji,Matasawalevu,76.0,"2- B,S","intense, bitter, spicy",3.0
1856,Belize,Maya Mtn,75.0,"2- B,S","fig, sour, rubbery",3.25
1857,Madagascar,Sambirano,76.0,"2- B,S","fruit, sour, roasty",3.25
1858,Dominican Republic,Caribe,76.0,"2- B,S","cocoa, earthy, roasty",3.25
1859,Peru,Chilique,71.0,"2- B,S","sandy, fruit, cocoa, sour",3.5
1860,Bolivia,"Alto Beni, batch 100518",76.0,"2- B,S","harsh, tobacco, roasty",2.75
1861,Philippines,South Cotabato,76.0,"2- B,S","burnt caramel, coffee",3.0
1862,Blend,South America,65.0,"3- B,S,V","mild nutty, basic cocoa",3.5
1863,Bolivia,Alto Beni,70.0,"2- B,S","gritty, woody, acidic",3.0
1864,Dominican Republic,"Oko Caribe, batch 4",70.0,"2- B,S","mild spice, grapes",3.5
1865,Guatemala,"Lachua, Q'egchi families",70.0,"2- B,S","intense, blackberry, acidic",3.5
1866,Tanzania,Kilombero Valley,70.0,"2- B,S","sour, earthy, roasty",3.25
1867,Guatemala,Guatemala,75.0,"3- B,S,C","fatty, woody, poor aftertaste",2.75
1868,Dominican Republic,Dominican Republic,75.0,"3- B,S,C","rubbery, buttery, soil",2.75
1869,Colombia,Colombia,75.0,"3- B,S,C","nut, roasty, high astringent",3.0
1870,Peru,Peru,55.0,"4- B,S,C,V","gritty, sweet, off",2.5
1871,Peru,Peru,70.0,"4- B,S,C,V","gritty, earthy, melon",2.75
1872,Madagascar,Madagascar,70.0,"3- B,S,C","mild tart, wine, red fruit, long",4.0
1873,Madagascar,Madagascar,75.0,"3- B,S,C","simple red berry, rich, long",4.0
1874,Madagascar,Madagascar,67.0,"3- B,S,C","creamy, fruit forward, rich",3.5
1875,Venezuela,"Rio Caribe, Paria Penninsula",70.0,"3- B,S,C","earthy, nutty",3.5
1876,Blend,Signature Blend,70.0,"3- B,S,C","smooth, red berry, cocoa",3.75
1877,Peru,"Piura, Choc. Garage Exclusive",67.0,"3- B,S,C","creamy, cocoa, grapes",4.0
1878,Madagascar,"Madagascar, w/ shell",73.0,"2- B,S*","sticky, mild citrus, earthy",2.25
1879,Madagascar,"Madagascar, w/ shell",64.0,"2- B,S*","coarse, sweet, tart, earthy",2.75
1880,Dominican Republic,Dominican Republic,82.0,"3- B,S,C","coarse, earthy, sweet",3.0
1881,Fiji,Fiji,75.0,"3- B,S*,C","mild smokey, black licorice",3.0
1882,Peru,"Ucayali, batch PR-17",70.0,"4- B,S,C,L","off aroma, anise, dried fruit",3.25
1883,Mexico,"Porcelana, Tabasco, Limited Ed.",72.0,"5- B,S,C,V,L","mild tart, long and rich",4.0
1884,Indonesia,"Kendem Lembu, Java",72.0,"5- B,S,C,V,L","red fruit, smokey, sour",3.0
1885,Venezuela,"Ocumare, Puerto Cabello, Venezuela",72.0,"5- B,S,C,V,L","rich cocoa, marshmallow",3.75
1886,Blend,"Cabosse, Venezuela, Java",70.0,"5- B,S,C,V,L","rich cocoa, tart citrus",4.0
1887,Ecuador,"Los Rios, Puerto Romero, Equateur",72.0,"5- B,S,C,V,L","creamy, cocoa, grassy",3.75
1888,Madagascar,"Sambirano, Ambanja, Madagascar",72.0,"5- B,S,C,V,L","tangy, floral, spicy, cocoa",4.0
1889,Blend,"Fleur de Cacao, Venezuela/ Ghana",85.0,"5- B,S,C,V,L","cinamon, bitter aftertaste",3.5
1890,Brazil,"Bahia Brazil, Fazenda Sao Pedro",72.0,"5- B,S,C,V,L","smokey, floral, mild",3.0
1891,Mexico,"Porcelana, Tabasco, Finca La Joya",72.0,"5- B,S,C,V,L","bland, subtle dairy, burning",3.0
1892,Venezuela,Chuao,75.0,"5- B,S,C,V,L","strong vanilla, nutty, spicey",3.0
1893,Trinidad,Trinite,75.0,"5- B,S,C,V,L",berry notes with sweet edge,3.25
1894,Cuba,Baracoa,78.0,"5- B,S,C,V,L","chunky, rich and spicy",3.75
1895,Peru,"Peru, Las Pampas P.",85.0,"5- B,S,C,V,L","bitter, coffee, cocoa",3.0
1896,Cameroon,"Haut Penja, w/ nibs",70.0,"5- B,S,C,V,L","mild fruit, woody",3.25
1897,Madagascar,"Sambirano, Rieur, Ambanja",76.0,"4- B,S,C,L","powdery, roasty, off flavor",3.0
1898,Cameroon,"Haut Penja, Transporte",70.0,"4- B,S,C,L","rich cocoa, off flavor",3.0
1899,China,"Hainan, lot 218012",72.0,"4- B,S,C,L","fruity, rich, grassy",3.5
1900,Vietnam,"Dak Nong, batch 405",70.0,"3- B,S,C","swiss miss, pistachio, rich",3.0
1901,Tanzania,"Kokoa Kamili, Kilombero Valley, batch 304",70.0,"3- B,S,C","sweet, cream, cherry, rich",3.5
1902,India,Kerla,73.0,"3- B,S,C","creamy, fruity, mocha",3.5
1903,Honduras,Wampusirpi Region,80.0,"4- B,S,V,L","banana, earthy ending",2.5
1904,Madagascar,Akesson Estate,73.0,"2- B,S","intense, dried fruit, roasty",3.25
1905,Fiji,Namau Village,73.0,"2- B,S","intense smoke, medicinal",2.5
1906,Ecuador,"Camino Verde P., Balao, Guayas, ""Fruity""",73.0,"2- B,S","tobacco, woody, rum",3.25
1907,Ecuador,"Camino Verde P., Balao, Guayas, ""Floral""",73.0,"2- B,S","intense, floral, leather",3.5
1908,Nicaragua,Tenor,62.0,"3- B,S,C","coarse, earthy, metal, sweet",2.5
1909,Nicaragua,Johe,80.0,"2- B,S","dry, sandy, earthy, leathery",2.75
1910,Nicaragua,Chuno,80.0,"3- B,S,C","metal, earthy, pungent",2.75
1911,Nicaragua,Nicalizo,80.0,"3- B,S,C","metal, molasses, roasty",2.75
1912,Nicaragua,Rugoso,80.0,"2- B,S","chunky, dairy, nutty, rich",3.25
1913,Bolivia,"Tranquilidad, ""Wild Bolivia""",70.0,"3- B,S,C","sandy, dried fruit, earthy",3.0
1914,Dominican Republic,Zorzal Plantation,70.0,"3- B,S,C","slightly bitter, earthy, fruity",3.0
1915,Tanzania,Tanzania,70.0,"3- B,S,C","raisins, grapes, tart",3.25
1916,Dominican Republic,"La Red, 2011",76.0,"3- B,S,C","molasses, banana, chemical",2.5
1917,Peru,"Peru, batch 1",82.0,"3- B,S,C","dry, red berry, off note",2.75
1918,Haiti,Haiti,71.0,"3- B,S,C","sweet, spoiled milk, vegetal",2.75
1919,Guatemala,Guatemala,76.0,"3- B,S,C",tart with woody undertones,3.0
1920,Ghana,Ghana,66.0,"3- B,S,C","extra sweet, nutty, deep cocoa",3.0
1921,Costa Rica,"Upala, Batch 12",82.0,"2- B,S","bright red fruit,smoke,powerful",3.75
1922,Costa Rica,Upala w/ nibs,70.0,"2- B,S","grass,chewy,nibs add bitterness",3.5
1923,Costa Rica,"Upala, Batch 18",70.0,"2- B,S","fudgey, mild smoke",3.0
1924,Peru,"San Martin, Amazonian Highlands",70.0,"2- B,S","grassy, earthy",2.75
1925,Brazil,Bahia,70.0,"2- B,S","mint, candied",3.5
1926,Venezuela,"Cuyagua, 2013",70.0,"2- B,S","mildy nutty, cocoa, spice",3.75
1927,Dominican Republic,"Oko Caribe, Duarte Province, 2016 H.",70.0,"2- B,S","dense, rich, nuanced",3.75
1928,Colombia,Tumaco,70.0,"2- B,S","marshmallow, distinquished",4.0
1929,Uganda,"Semuliki Forest, batch 20035",75.0,"2- B,S","light cocoa, dairy,faint cinnamon",3.75
1930,Peru,"Ucayali, batch 200105",70.0,"2- B,S","anise, cocoa, dried fruit",3.75
1931,Jamaica,Jamaique,75.0,"4- B,S,C,L","creamy, spicy",3.75
1932,Vanuatu,Vanuatu,75.0,"4- B,S,C,L","smoke dominates, mild fruit",3.0
1933,Ecuador,Fortissima,80.0,"4- B,S,C,L","vegetal, fruit, smoke",3.75
1934,Cuba,Cuba,75.0,"4- B,S,C,L","earthy, tobacco, mushroom",3.0
1935,Blend,"Caracas, Venezuela and Ghana",75.0,"4- B,S,C,L","sandy, roasty, cocoa",3.0
1936,Blend,"Djakarta, Java and Ghana",75.0,"4- B,S,C,L","tart, fruit, cocoa",3.5
1937,Brazil,"Monte Alegre (Itacare), Brazil",75.0,"4- B,S,C,L","creamy, fatty, burnt",3.0
1938,Sao Tome,Claudio Corallo w/ nibs,75.0,"4- B,S,C,L","large nibs, spicy, cocoa",4.0
1939,Madagascar,"Sambirano Valley, Le 100%",100.0,"2- B,C","fatty, mild fruit, bitter, smoke",3.0
1940,Dominican Republic,Dominican Republic-Organic,75.0,"4- B,S,C,L","sandy, sour",2.0
1941,Brazil,"Monte Alegre, Diego Badero",75.0,"4- B,S,C,L","complex, herbal, sour",3.5
1942,Venezuela,Cuyagua,75.0,"4- B,S,C,L","creamy, burnt,ashey, lemon",2.0
1943,Venezuela,Chuao,75.0,"4- B,S,C,L","nutty, red berry, rich",3.5
1944,Venezuela,"Porcelana, S. of Lake Maracaibo",75.0,"4- B,S,C,L","burnt nuts, subtle fruit",3.25
1945,Peru,Peru,75.0,"3- B,S,C","subdued, floral, nutty, fatty",3.25
1946,Papua New Guinea,Papouasie,75.0,"4- B,S,C,L","complex, smoke, intense, ham",3.0
1947,Indonesia,Java,75.0,"4- B,S,C,L","fruit, woody, ashey, fatty",3.0
1948,Venezuela,Barlovento,75.0,"4- B,S,C,L","roasty, black licorice, rubbery",3.0
1949,Trinidad,Trinidad,75.0,"4- B,S,C,L","tobacco,deep cocoa, sl. burnt",3.25
1950,Sao Tome & Principe,Sao Tome & Principe,75.0,"4- B,S,C,L","deep cocoa, fatty, mild ashey",3.5
1951,Madagascar,Nosy Be Isle.,75.0,"4- B,S,C,L","high acidity,roasty,sour,chalky",3.0
1952,Ghana,Ghana,75.0,"4- B,S,C,L","rich cocoa, fatty, roasty",3.25
1953,Tanzania,Tanzanie,75.0,"4- B,S,C,L","spicy, cocoa",3.5
1954,Colombia,Colombie,75.0,"4- B,S,C,L","sandy, coffee, sweet, roasty",3.0
1955,Ecuador,Equateur,75.0,"4- B,S,C,L","dried fruit, floral",3.5
1956,Tanzania,"Kokoa Kamili, 2018 Harvest",75.0,"2- B,S*","sour palm, rich cocoa, fruit",3.25
1957,Peru,Choba Choba,75.0,"2- B,S*","molasses, coffee, cocoa",3.25
1958,Vietnam,Vietnam,70.0,"2- B,S","fruit, tart, fertilzer",2.75
1959,Venezuela,"Patanemo, Carabobo, Tisano family, b. 3211",75.0,"3- B,S,C","nutty, fuel, intense",2.75
1960,Ecuador,Guantupi River,75.0,"3- B,S,C","perfume, roasted caramel",3.0
1961,Madagascar,"Akessons Estate, Sambirano, Ambanja, b. 3212",72.0,"3- B,S,C","long, mellow, buttery",3.25
1962,Ecuador,Guantupi River,85.0,"3- B,S,C","floral, slightly burnt, intense",2.75
1963,Grenada,"Crayfish Bay Estate, 2014",70.0,"3- B,S,C","dark berry, mild floral",3.5
1964,Madagascar,"Akesson's, batch 4411",74.0,"3- B,S,C","dairy, butterscotch, caramel",3.5
1965,Honduras,Honduras,80.0,"3- B,S,C","chunky, earthy, rubber",2.75
1966,Ecuador,"Chocoan Rainforest, Teroro Escondido, ESM",77.0,"3- B,S,C","floral, grain, deep cocoa",3.5
1967,Jamaica,"Bachelor's Hall, batch 6911",75.0,"2- B,S","sticky, mild, hay, honey",3.75
1968,Solomon Islands,"Guadalcanal, Tenaru, David Natei F.",72.0,"3- B,S,C",dominant savory,3.25
1969,Venezuela,Venezuela,73.0,"4- B,S,C,L","fatty, vanilla, orange",2.75
1970,Vietnam,Vietnam,75.0,"4- B,S,C,L","intense, fig, roasty, citrus",3.5
1971,Ecuador,Ecuador,73.0,"4- B,S,C,L","few grits, strong floral",3.25
1972,Papua New Guinea,Papua New Guinea,75.0,"4- B,S,C,L",intense smoke,3.25
1973,Philippines,Philippines,66.0,"4- B,S,C,L","spice, sunflower",3.5
1974,Dominican Republic,Dominican,65.0,"4- B,S,C,L","peanut, soy, sunflower",3.75
1975,Brazil,Brazil,60.0,"3- B,S,C","sweet, intense banana",3.0
1976,Brazil,Brazil,65.0,"3- B,S,C","muted, banana, hot cocoa",3.25
1977,Brazil,Brazil,75.0,"3- B,S,C","sticky, intense, roasty, fruit",3.25
1978,Brazil,Brazil,85.0,"3- B,S,C","mild bitter, banana, citrus",3.5
1979,Brazil,Brazil,55.0,"3- B,S,C","creamy, too sweet, sour",2.75
1980,Brazil,Brazil,80.0,"3- B,S,C","tannic, fruity, cocoa",3.25
1981,Peru,"Bagua, Amazonas",70.0,"3- B,S,C","pungent, grapes",3.0
1982,Peru,"Chunchu, Ayacucho, lot 208",70.0,"3- B,S,C","bold, nutty, floral, wine",3.75
1983,Peru,"Morropon, Piura, AoC Golden Bean 2018",70.0,"3- B,S,C","intense plum, harsh woody",3.5
1984,Peru,"Piura, Gran Blanco, lot 400",70.0,"3- B,S,C",grapes and honey,4.0
1985,Peru,"Chaska, Junin, lot 425",70.0,"3- B,S,C","bold, fig w/ floral undertone",3.75
1986,Mexico,"Mexico, Lot 28022016",70.0,"3- B,S,C","gritty, waxy, leather",2.75
1987,Mexico,"Uranga, Lot 22032016",74.0,"3- B,S,C","waxy, gritty, spicy, hammy",3.0
1988,Dominican Republic,La Red,85.0,"3- B,S,C","creamy, pasty, bitter, cocoa",3.5
1989,Madagascar,Madagascar,75.0,"3- B,S,C","gritty, sticky, candied",3.25
1990,Congo,Virunga,75.0,"3- B,S,C","refined, honey, rubber",2.75
1991,Peru,"Amazon Basin Blend- SMartin,Pangoa,nacional",70.0,"3- B,S,C","pungent, green, citrus",3.0
1992,Haiti,"Pisa, unroasted",70.0,"3- B,S,C",green,3.25
1993,Haiti,"Pisa, roasted",70.0,"3- B,S,C",basic cocoa,3.5
1994,Guatemala,Suchitepequez E.,70.0,"5- B,S,C,V,L","Easter candy, burnt",2.75
1995,Ecuador,Ecuador,75.0,"3- B,S,C",slightly dry and super spicey,3.0
1996,Peru,"San Martin, Batch 2",70.0,"2- B,S","oily, intense vinegar",2.5
1997,Peru,"Chulucanas, Batch 1",80.0,"2- B,S","fruity, melon",3.25
1998,Peru,"Tumbes, Batch 2",73.0,"2- B,S","dried fruit, raisins, nutty",3.5
1999,Mexico,Soconusco,70.0,"2- B,S","fruit, yogurt, astringent",3.25
2000,Peru,Piura,75.0,"3- B,S,C","fatty, cocoa",3.25
2001,Tanzania,"Kokoa Kamili, Kilombero batch IT7507",72.0,"3- B,S,C","creamy, complex, maple",3.75
2002,Peru,"El Gran Sapasoa, batch IP7487",72.0,"3- B,S,C",dominant spice,3.75
2003,Ecuador,Camino Verde,72.0,"3- B,S,C","floral, malt, high astringcy",3.5
2004,Dominican Republic,"Oko Caribe, San Fran. De Macoris, El Cibao",72.0,"3- B,S,C","floral, roasted cacao, dirty",3.5
2005,Nicaragua,Matagalpa,72.0,"3- B,S,C","grassy, earthy, roasty, dirty",3.5
2006,Ghana,"Suhum Region, ABOCFA, b. IG7720",72.0,"3- B,S,C","gateway, nutty, rich cocoa",3.5
2007,Peru,Raw,70.0,"3- B,S,C","smooth, green, vegetal",2.5
2008,Ecuador,Manabi,75.0,"4- B,S,C,L","cinamon, hazelnut, roasty",3.0
2009,Ecuador,El Oro,67.0,"4- B,S,C,L","creamy, caramel, dairy",3.5
2010,Ecuador,Los Rios,75.0,"4- B,S,C,L","vanilla, dark roast, spicy",3.75
2011,Ecuador,"Los Rios, Vinces",75.0,"4- B,S,C,L","strong rubber, off chemical",2.5
2012,Ecuador,Esmeraldas,75.0,"4- B,S,C,L","strong spicey, earthy green",3.25
2013,Costa Rica,Costa Rica,75.0,"2- B,S","dark berry, woody,astringent",3.5
2014,Madagascar,"Sambirano, 2011 harvest, batch 1",75.0,"2- B,S","dark berry, tropical, nutty",4.0
2015,Ecuador,"Camino Verde P., 2012, Balao, Guayas, batch 1",75.0,"2- B,S","dried fruit, nut, bitter, roasty",3.25
2016,Trinidad,"Gran Couva, 2012 harvest, batch 001",75.0,"2- B,S","orange, heavy roast",3.5
2017,Belize,"Toledo District, Maya, batch 001",75.0,"2- B,S","thick, slow, pure",3.75
2018,Peru,"Maranon, Cajamarca, batch 002",75.0,"2- B,S","intense, roasty, spice",3.0
2019,Ecuador,"Camino Verde P., Balao, Guayas, 2014, b. 001",85.0,"2- B,S","mild bitter, woody, bourbon",3.5
2020,Blend,"Mid Mountain, 2014, batch 002",70.0,"2- B,S","sticky, woody",3.5
2021,Ecuador,"Camino Verde P., Balao, 2015 harvest, batch8",75.0,"2- B,S","floral, bourbon, balanced",3.75
2022,Mexico,Xoconusco,75.0,"3- B,S,C","smooth, coffee, rich cocoa",3.75
2023,Nicaragua,"La Colonia, Enliven Cacao",70.0,"2- B,S","complex, honey, fruit, nut",3.5
2024,Trinidad,"Jagassar Estate, Moruga Region, microlot",80.0,"2- B,S","rich brownie, dried fruit",3.5
2025,Madagascar,"Sambirano, 2019 h., batch 7",75.0,"3- B,S,C","tart fruit, roasty",3.5
2026,Tanzania,"Kokoa Kamili, Morogoro",72.0,"3- B,S,C","muted, heavy roast",3.0
2027,Fiji,"Vanua Levu, Matasawalevu",70.0,"3- B,S,C","fatty, rubbery, nutty",2.5
2028,Peru,Ucayali,70.0,"3- B,S,C","fatty, rubbery, off",2.5
2029,Costa Rica,"La Dorado, light roast",70.0,"2- B,S","dried fruit, intense",3.25
2030,Costa Rica,"Tapanti, light roast",70.0,"2- B,S","fatty, honey, slight sour",3.25
2031,Costa Rica,Maleku,70.0,"2- B,S","roasty, coffee, intense",3.25
2032,Madagascar,Madagascar,75.0,"5- B,S,C,V,L","rich cocoa, nutty",3.25
2033,Madagascar,Madagascar w/ nibs,68.0,"4- B,S,C,L","basic cocoa, large nibs",3.25
2034,Grenada,"Gru Grococo, St. Andrews",66.0,"3- B,S,C","earthy, mild nutty",3.5
2035,Dominican Republic,"Hispaniola, 2008",70.0,"2- B,S","nutty, earthy, mild off note",2.75
2036,Jamaica,Jamaica,70.0,"2- B,S","sandy, heavy roast, woody",2.75
2037,Madagascar,"Sambirano, 2008",70.0,"2- B,S","raisins, sour, roasty",3.0
2038,Trinidad,Trinidad,70.0,"2- B,S","dry, honey, roasty",3.0
2039,Venezuela,Rio Caribe,70.0,"2- B,S","mint, sweet spices",3.5
2040,Peru,Piura,75.0,"2- B,S","smooth,intense,fruit, complex",3.75
2041,Bolivia,"Silvestre, Batch 1, 2011",75.0,"2- B,S","rich brownie, roasty, sour",3.0
2042,Ecuador,"Camino Verde P., Balao, Guayas",75.0,"2- B,S","floral, bourbon, mocha",3.75
2043,Madagascar,"Akessons Estate, Sambirano, 2013",70.0,"2- B,S","creamy, heavy roast, citrus",3.5
2044,Dominican Republic,"Hispaniola, 2013",70.0,"2- B,S","sticky, earthy, smokey",3.5
2045,Bolivia,"Silvestre, Batch 7, 2013",75.0,"2- B,S","smooth, banana, tart, roasty",4.0
2046,Jamaica,"Bachelor's Hall E., St. Thomas Parish, batch 1",75.0,"2- B,S","intense, dark berry, spice",3.75
2047,Venezuela,Porcelana,80.0,"2- B,S","red fruit, intense, earthy",3.75
2048,Venezuela,"Caranero, Choc. Garage Exclusive",70.0,"2- B,S","deep, rich, nutty, roasty",3.75
2049,Bolivia,"Tranquilidad, Batch 1",75.0,"2- B,S","roasty, dried fruit, sour",3.25
2050,Honduras,"La Masica, Batch 1, FHIA Research Center",75.0,"2- B,S","robust, tart, roasty",3.75
2051,Venezuela,Carenero Superior,73.0,"3- B,S,C","fatty, roasty, coffee",3.5
2052,Venezuela,Porcelana,71.0,"3- B,S,C","intense, burnt, chemical",2.5
2053,Venezuela,"Aragua, Trincheras",70.0,"3- B,S,C","uneven melt, cashew",3.5
2054,Principe,Principe,77.0,"3- B,S,C","smokey, nutty, fat residue",2.75
2055,Venezuela,Sur del Lago,84.0,"3- B,S,C","fatty, chemical, roasty",2.5
2056,Venezuela,"Rio Caribe Superior, Paria Penninsula, b. R380",76.0,"3- B,S,C","fatty, burnt, nut, vegetal",2.25
2057,Madagascar,"Sambirano, Akesson Estate, batch MT3802",72.0,"3- B,S,C","buttery, sour tang, off notes",2.5
2058,Venezuela,Chuao,73.0,"3- B,S,C","nuts, chocolate, mellow",3.75
2059,Peru,"Piura, Norandino, Gran Blanco Nativo, b. PB4704",72.0,"3- B,S,C","blackberry, mild floral",3.75
2060,Honduras,"Red Mayan, Xoco",72.0,"3- B,S*,C","off note, vegetal, nibby",2.75
2061,Haiti,"Pisa, lot 03HA",75.0,"3- B,S,C","cocoa base, spice",3.0
2062,Nicaragua,"Nugu, lot 02N",70.0,"3- B,S,C","complex, coarse, astringent",3.5
2063,Tanzania,Kokoa Kamili. Lot 73T,72.0,"2- B,S","clean, pure cocoa, cherry, gritty",3.5
2064,Indonesia,"Sumba, lot 02IN",77.0,"2- B,S","mild smoke, tart, spice, harsh",2.75
2065,Madagascar,Malgascio,64.0,"3- B,S,C","sandy, subtle fruit then cocoa",3.5
2066,Blend,100 percent,100.0,"3- B,S,C","sticky, intense, very bitter",1.5
2067,Dominican Republic,Samana,70.0,"3- B,S,C","fudgey, astringent, sour",3.0
2068,Blend,"Carribean, Arawak",72.0,"3- B,S,C","fatty, cocoa, nutty",3.5
2069,Blend,Latino,72.0,"3- B,S,C","sandy, sweet, spice",3.5
2070,Blend,"Midnight, Central and S. America",83.0,"4- B,S*,C,V","grassy, strong bitter",2.75
2071,Blend,"Twilight, Central and S. America",69.0,"4- B,S*,C,V","grassy, maple",3.25
2072,Brazil,Bahia Superior,70.0,"4- B,S,C,L","creamy, vanilla, rich",3.5
2073,Ecuador,Esmeraldas,70.0,"4- B,S,C,L","nutty, spicy, floral",3.5
2074,Venezuela,Carenero Superior,70.0,"4- B,S,C,L","nutty, basic cocoa",3.5
2075,Ecuador,Rio Arriba,70.0,"4- B,S,C,L","floral, spicey",3.5
2076,Ecuador,"H. San Jose, Los Rios, L300817",70.0,"4- B,S,C,L","few grits, basic, gateway",3.25
2077,Colombia,Colombian Semi Dark,53.0,"5- B,S,C,V,L","too sweet, candy-like",2.0
2078,Colombia,Colombian,65.0,"5- B,S,C,V,L","sweet, cherry, marshmallow",3.0
2079,Colombia,Colombian Dark,70.0,"5- B,S,C,V,L","rustic, cherry, marshmallow",3.75
2080,Colombia,Colombian 2008,75.0,"3- B,S,L","roasty,rich cocoa,marshmallow",2.75
2081,Colombia,Colombian w/ nibs,70.0,"5- B,S,C,V,L","sweet, marshmallow",3.0
2082,Sao Tome,Sao Tome,70.0,"5- B,S,C,V,L","perfume, vanilla",2.75
2083,Blend,Extra Dark,82.0,"5- B,S,C,V,L","dry, bitter, poor aftertaste",2.0
2084,Blend,Bittersweet,70.0,"5- B,S,C,V,L","cherry, mild bitter",3.5
2085,Blend,"Kumasi Sambirano, Ghana & Madagascar",68.0,"5- B,S,C,V,L","fruity, smokey, burnt",2.0
2086,Jamaica,Jamaica a l'ancienne,70.0,"5- B,S,C,V,L","fresh nibs,chocolate base off",2.0
2087,Blend,Semisweet,62.0,"5- B,S,C,V,L","tobacco, sweet, dairy",3.0
2088,Blend,"Las Islas, Carribean(DR/Jam/Tri)",72.0,"5- B,S,C,V,L",strong smokey tobacco,3.0
2089,Blend,Nibby,62.0,"5- B,S,C,V,L","sweet, base cocoa",3.0
2090,Venezuela,Cuyagua,75.0,"5- B,S,C,V,L","complex, strawberry, tart",3.75
2091,Blend,Antilles (Trin/Gren/DR/Ven),75.0,"5- B,S,C,V,L","smooth,complex,cocoa base",3.0
2092,Blend,"Finisterra, Ven., Trinidad, Mad.",72.0,"5- B,S,C,V,L","grassy, black pepper, smoke",3.0
2093,Brazil,Tome Acu,68.0,"5- B,S,C,V,L","smooth, tart, earthy",3.75
2094,Ghana,Asante,65.0,"5- B,S,C,V,L","simple, delicate cocoa, long",4.0
2095,Vietnam,Ben Tre,72.0,"5- B,S,C,V,L","creamy, grassy, banana, tart",3.75
2096,Grenada,Camahogne,68.0,"5- B,S,C,V,L","smooth, grassy, minty",3.5
2097,Madagascar,Amina,65.0,"5- B,S,C,V,L","clingy,subtle, tangy, citrus",3.75
2098,Papua New Guinea,Markham Valley,68.0,"5- B,S,C,V,L","cherry,wine,rich,smoke",3.75
2099,Peru,San Juan de Cheni,78.0,"4- B,S,C,L","banana, pear, spice, cheese",4.0
2100,Dominican Republic,Dominican Republic,70.0,"2- B,S","rustic, vegetal, earthy",2.75
2101,Grenada,Grenada,70.0,"2- B,S","off, sweet, orange, rubber",2.75
2102,Honduras,Wampusirpi,70.0,"2- B,S","dry, earthy, surface mark",2.75
2103,Tanzania,Kokoa Kamili,70.0,"2- B,S","sticky, cherry, cocoa",3.25
2104,Dominican Republic,Zorzal,70.0,"2- B,S","earthy, mild fruit, sticky",3.0
2105,Fiji,Matasawalevu,70.0,"2- B,S","sharp, raw, metallic",2.75
2106,Uganda,Semuliki Forest,70.0,"2- B,S","cocoa, roasty, sticky",3.5
2107,Peru,Ucayali,70.0,"2- B,S","orange, fig, cocoa",3.5
2108,Vietnam,Ben Tre,70.0,"2- B,S",blueberry & cocoa dominate,3.5
2109,Trinidad,Gewan Gangaram,75.0,"2- B,S","sl roasty, woody, melon, spicy",3.25
2110,India,Anamalai,70.0,"2- B,S","sticky, dark berry, roasty edge",3.5
2111,Belize,Belize,70.0,"3- B,S,C",full cocoa flavor,3.5
2112,Guatemala,Guatemala,70.0,"3- B,S,C","spicy, rich cocoa, sweet",3.0
2113,Colombia,Colombia,70.0,"3- B,S,C","black pepper, astringent",3.0
2114,Ecuador,Ecuador,75.0,"2- B,S","coffee, nutty",3.0
2115,Belize,"Belize, 2013",72.0,"2- B,S","fruity, blueberry",3.25
2116,Jamaica,Jamaica,72.0,"2- B,S","sticky, dried fruit, smoke",3.25
2117,Papua New Guinea,Papua New Guinea,73.0,"2- B,S","chewy, smoke, fruit, cocoa",3.5
2118,Venezuela,Cuyagua,77.0,"2- B,S","smoked ham, tangy, berry",2.75
2119,Dominican Republic,ROIG,74.0,"2- B,S","grapes, tangy, cocoa",3.5
2120,U.S.A.,"Hawai'i Island, Hilo",73.0,"4- B,S,C,V","sticky, earthy, medicinal",2.0
2121,U.S.A.,"Hawai'i Island, Hilo, w/ added cocoa butter",73.0,"4- B,S,C,V","perfume, floral, chemical",2.5
2122,Peru,Porcelana,75.0,"3- B,S,C","strong spice, perfume, roasty",3.5
2123,Peru,Tingo Maria,70.0,"3- B,S,C","earthy, roasty, vegetal",3.25
2124,Costa Rica,Oro,82.0,"3- B,S,C","gritty, fatty, coffee",3.25
2125,Costa Rica,Oscuro,70.0,"3- B,S,C","gritty, bold, black pepper",3.5
2126,Peru,Peru,70.0,"3- B,S,C","sandy, sweet, vanilla",2.5
2127,Colombia,"Sierra Nevada, Santa Marta",72.0,"3- B,S,C","brownie, mocha, marshmallow",3.5
2128,Belize,Maya Belize,67.0,"4- B,S,C,Sa","fatty, cocoa, spicy",3.0
2129,Sao Tome,"Trintade, Sao Tome",65.0,"4- B,S,C,Sa","nutty, salty",3.25
2130,Brazil,"Bahia, Scavina",60.0,"4- B,S,C,Sa","fatty, sweet, salty",3.25
2131,Colombia,"Porcelana, Colombia, Amazonas",68.0,"4- B,S,C,Sa","fatty, salty, caramel",3.0
2132,Madagascar,"Somia Plantation, 2012",67.0,"3- B,S,C","tart, sweet edge",3.75
2133,Madagascar,"Somia Plantation, 2012",73.0,"3- B,S,C","intense fruity, mild sour",3.75
2134,Ecuador,"Camino Verde P., Balao, Guayas",73.0,"3- B,S,C","intense, rich, burnt, licorice",3.75
2135,Madagascar,"Somia Plantation, 2012",100.0,1- B,"creamy, tart, bitter",3.0
2136,Ecuador,"Camino Verde P., Balao, Guayas, 2012",100.0,1- B,"floral, bourbon, bitter",3.0
2137,Guatemala,Lachua w/ cane sugar,73.0,"2- B,S","waxy, earthy, cocoa, roasty",3.0
2138,Guatemala,"Lachua w/ maple sugar, batch 5",73.0,"2- B,S*","waxy, maple, flat",3.25
2139,Haiti,Pisa,73.0,"2- B,S","oily, medium roasted cocoa",3.25
2140,Bolivia,Wild Bolivia,73.0,"2- B,S","sticky, raisins, fudgey",3.5
2141,Tanzania,Kokoa Kamili Coop,73.0,"2- B,S","basic cocoa, gateway",3.5
2142,Ecuador,"Esmeraldas, Salazar Farm",73.0,"2- B,S","rich cocoa, spicy",3.75
2143,Peru,Tingo Maria,73.0,"2- B,S","caramel, anise, dried fruit",3.75
2144,Mexico,"Soconusco, Rayen Cacao Co-op",73.0,"3- B,S,C","bland, sour, lacks development",3.0
2145,India,"Anamalai, Pollachi City",73.0,"3- B,S,C","butterscotch, slight burnt note",3.25
2146,Ghana,Ghana,70.0,"4- B,S,C,V","sweet, vanilla, cocoa, mold",2.75
2147,Nicaragua,"Nicaragua, lot N510",72.0,"3- B,S,C","mild, nutty, vanilla, cocoa",3.0
2148,Madagascar,Akesson's Estate,65.0,"3- B,S,C","few grits, sweet, orange",3.25
2149,Madagascar,Akesson's Estate,70.0,"3- B,S,C","few grits, bold, dark berry",3.5
2150,Tanzania,Kokoa Kamili,67.0,"3- B,S,C","bold cherry, rich cooa",3.75
2151,Trinidad,San Juan Estate,70.0,"3- B,S,C","cigar, tobacco, grass, spice",3.75
2152,Ecuador,Camino Verde,72.0,"3- B,S,C","creamy, pistachio, floral",4.0
2153,Bolivia,Bolivia,72.0,"3- B,S,C","floral, intense, pungent",2.75
2154,Papua New Guinea,"Papua New Guinea, triple roast, batch 1",65.0,"3- B,S,C","smokey, tart, astringent",3.5
2155,Peru,"Maranon, batch 2",67.0,"3- B,S,C","light brown, grits, floral",3.0
2156,Venezuela,"Chuao, batch 3",70.0,"3- B,S,C",mild cacao and fruit notes,3.75
2157,Venezuela,"Guasare, La Sierra de Perija, batch gua001",70.0,"3- B,S,C","creamy, fruit, cocoa",3.75
2158,Ecuador,"Porcelana, Sorotaima,Machiques,batch pcl001",70.0,"3- B,S,C","ligt color, creamy, peanut",4.0
2159,Belize,"Maya Mtn, Moho R., Toledo D.",70.0,"3- B,S,C","apple, mild cherry",3.75
2160,Vietnam,Tien Giang,70.0,"3- B,S,C","creamy, molasses, off note",3.0
2161,Australia,Australia,67.0,"3- B,S,C","delicate, smooth, dairy",3.75
2162,Guatemala,"Chimelb, Lanquin, Alta Verapaz, b-GUA001",70.0,"3- B,S,C","gummy, fatty, earthy",3.25
2163,Dominican Republic,"Oko Caribe, DOR005",70.0,"3- B,S,C","cherry, rich choco",3.5
2164,Haiti,"Pisa, batch HA102",70.0,"3- B,S,C","complex, earthy, melon",3.5
2165,Madagascar,Madagascar,68.0,"3- B,S,C","mild cocoa, fruity",3.0
2166,Ecuador,Ecuador,68.0,"3- B,S,C","fudgey then spicy, vanilla",3.25
2167,Ghana,Ghana,67.0,"3- B,S,C","perfume, strong chemical",1.5
2168,Sulawesi,Sulawesi,66.0,"3- B,S*,C","nuts, fruit, cocoa",3.25
2169,India,India,70.0,"3- B,S,C","grassy, hammy",2.75
2170,Madagascar,Madagascar,72.0,"2- B,S","tangy, sour, intense",3.0
2171,Ecuador,"Ecuador, Batch 1",70.0,"2- B,S","intense, simple, floral, earthy",3.5
2172,Dominican Republic,"Castillo, Hispaniola, unroasted",85.0,"2- B,S","sticky, hammy, bitter",2.75
2173,Peru,"Maranon, Fortunato No. 4",68.0,"2- B,S","sticky, sandy, pungent",2.75
2174,Philippines,"Kablon Farms, Red Pod, 2018 harvest",70.0,"3- B,S,C","intense, dirty,floral,medicinal",2.5
2175,Solomon Islands,Solomon Island,70.0,"2- B,S","sweet, roasty, spicy",3.25
2176,Solomon Islands,Solomon Island w/ nibs,75.0,"2- B,S","spicy, roasted, fresh nibs",3.25
2177,Madagascar,Sambirano,70.0,"2- B,S","dry, molasses, sour",3.0
2178,Venezuela,Amazonas,70.0,"2- B,S","dairy, cheese, molasses",3.0
2179,Bolivia,Bolivia,70.0,"2- B,S","intense, leathery, cocoa",3.25
2180,Peru,San Martin,70.0,"3- B,S,C","molasses, grape, sour",3.25
2181,Blend,Wasatch,70.0,"3- B,S,C","creamy, nutty, cocoa",3.5
2182,Uganda,Bundibugyo,70.0,"3- B,S,C","molasses, licorice, muted",3.0
2183,Tanzania,Kilombero,70.0,"3- B,S,C","sticky, strong molasses",3.25
2184,India,Anamalai,70.0,"3- B,S,C","molasses undertone, tangy",3.25
2185,Vietnam,"Dak Nong, Lot 103120",70.0,"3- B,S,C","molasses, raisins, astringent",3.5
2186,Dominican Republic,Hispaniola,70.0,"3- B,S,C","sticky, few grits, mild fruit,sour",3.0
2187,Ghana,Africa,70.0,"3- B,S,C","earthy, woody, vegetal",3.5
2188,Dominican Republic,Conacado,70.0,"3- B,S,C","slow to develop, nutty",3.0
2189,Papua New Guinea,Papua New Guinea,70.0,"3- B,S,C","smokey, mushroom, woodsy",3.5
2190,Madagascar,Madagascar,70.0,"3- B,S,C","subtle red berry, complex",3.75
2191,Venezuela,Ocumare,70.0,"3- B,S,C",black tea,3.75
2192,Blend,"Black Science Blend 1, DR, Ecuador, Peru",70.0,"3- B,S,C","complex, nut, dried fruit, earth",3.75
2193,Grenada,"Grenada, Black Science",70.0,"3- B,S,C","super temper,astringent, burn",2.75
2194,Bolivia,"Alto Beni, Wild Bolivian",70.0,"3- B,S,C","earthy, mild tannic, woody",3.5
2195,Blend,"Three Amigos(Chuao, Wild Bolivia, D.R.)",70.0,"3- B,S,C","strawberry, cocoa, nutty",4.0
2196,Peru,Peruvian,64.0,"3- B,S,C","complex,spice,caramel,cocoa",4.0
2197,Dominican Republic,"Elvesia P., Black Science",70.0,"3- B,S,C","dried fruit, tart",3.75
2198,Venezuela,Chuao,70.0,"3- B,S,C","strawberry, green mint",3.5
2199,Haiti,Noula Coop,70.0,"3- B,S,C","uneven, grassy, roasty",3.25
2200,U.S.A.,O'ahu Island,70.0,"3- B,S,C","cranberries, cocoa",3.75
2201,Blend,"Dual Origins, Sambirano, Elvesia, batch SD06",70.0,"3- B,S,C","creamy, raisin, lemon",4.0
2202,Blend,"Dancing in Your Head, 5 bean blend",70.0,"3- B,S,C","creamy, complex, peanut",4.0
2203,Guatemala,"Cahabon Region, batch Tri1",70.0,"3- B,S,C","sandy, earthy, tangy wine",3.5
2204,Venezuela,"Carenero Superior, batch CS2",70.0,"3- B,S,C","intense, rich burnt caramel",3.75
2205,Blend,"Eastern Promises, Mad., Java, PNG, batch EP1",70.0,"3- B,S,C","smoke,tobacco,black pepper",3.5
2206,Papua New Guinea,Papua New Guinea,85.0,"3- B,S,C","mild smoke, fruit, mild burnt",3.5
2207,Dominican Republic,"Rizek Cacao, batch DR 12",77.0,"3- B,S,C","smoke, burnt caramel, citrus",3.75
2208,Indonesia,Java,70.0,"3- B,S,C","creamy, smokey, some fruit",3.25
2209,Peru,"Apurimac, El Quinacho Co-op",70.0,"3- B,S,C","creamy, medicinal, mild fruit",2.75
2210,Trinidad,Sangre Grande P.,70.0,"3- B,S,C","creamy, brownie mix, roasty",3.75
2211,Blend,Chef's Blend,70.0,"3- B,S,C","grassy, dairy, mild fatty",3.25
2212,Venezuela,Patanemo,70.0,"3- B,S,C","nutty, chocolate ice cream",3.75
2213,Blend,"Crazy 88, Guat., D.R., Peru, Mad., PNG",88.0,"3- B,S,C","pronounced berry,mild smoke",4.0
2214,Venezuela,"Maracaibo, El Vigia",70.0,"3- B,S,C","delicate, nutty, cocoa, dairy",4.0
2215,Blend,"Equator, Peru, Dom. Rep",67.0,"3- B,S,C","roasted nuts, burnt brownie",4.0
2216,Venezuela,"Orinoco, batch ORI 1",70.0,"3- B,S,C","creamy, nutty, roasty",3.25
2217,Jamaica,"Bachelor's Hall E., St. Thomas Parish, batch bh1",70.0,"3- B,S,C","floral, berry, clove",4.0
2218,Nicaragua,"La Tronca, Matagalpa",70.0,"3- B,S,C","basic chocolate, accessible",3.5
2219,Peru,Maranon Canyon,70.0,"3- B,S,C","creamy, sour orange",3.75
2220,Nicaragua,La Dalia,70.0,"3- B,S,C","spicy, woodsy",3.25
2221,Ecuador,"Camino Verde P., Balao, Guayas",80.0,"3- B,S,C","robust, nutty, brownie",3.5
2222,Vanuatu,"Espiritu Santo, 'Smoke Monster', batch sm1",70.0,"3- B,S,C","creamy, smokey, rich cocoa",3.75
2223,Blend,"Little Big Man, Madagascar & Ecuador",70.0,"3- B,S,C","tart, mild sour",3.25
2224,Venezuela,CSB Chama,70.0,"3- B,S,C","roasted nuts, dried fruit",3.5
2225,Venezuela,Porcelana,75.0,"3- B,S,C","balanced, nuts, strawberry",4.0
2226,Dominican Republic,"Oko Caribe, Duarte P., Collab w Chocosol",62.0,"3- B,S,C","creamy, sweet, deep choco",3.5
2227,Madagascar,"Sambirano Valley, Black Science, B-60307.0",70.0,"3- B,S,C",robust dark tropical fruit,3.5
2228,Brazil,"Bahia Black, batch bra50722.1",70.0,"3- B,S,C","creamy, diluted, mild choco",3.5
2229,Nicaragua,"Chuno, San Jose de Bocay, Pantasma R.,B.S.",70.0,"3- B,S,C",evolves black pepper to citrus,3.75
2230,Blend,"Abstract S. w/ Jamaica nibs,batch abs60323.0",75.0,"3- B,S,C","banana, nutty",3.75
2231,Vietnam,"Tien Giang, Black S., batch VIT60420.0",70.0,"3- B,S,C","creamy, honey, blackberry",4.0
2232,Ecuador,"Camino Verde, Black S., batch cvu6030.0",70.0,"3- B,S,C","nutty, banana, harsh ending",3.25
2233,Fiji,Fiji,70.0,"3- B,S,C","creamy, roasty, woody",3.25
2234,Colombia,Arauca,70.0,"3- B,S,C","creamy, honey, marshmallow",4.0
2235,Haiti,"Pisa, Creole Gardens",70.0,"3- B,S,C","sweet edge, lemon, muted",3.0
2236,Madagascar,"Bejofo, Sambirano V., Akesson E.",70.0,"3- B,S,C","creamy, acidic, balanced",4.0
2237,Venezuela,"Choroni, Aragua, Finca Torres Farm",70.0,"3- B,S,C","nutty, cocoa",4.0
2238,Madagascar,"Bejofo, Sambirano V., Akesson, b. 6116-BEJ210324",70.0,"3- B,S,C","red fruit, peanut butter, cocoa",3.5
2239,Venezuela,"Guasare, Rosario de Perija, b.4279-GUA201123",70.0,"3- B,S,C","spice, sour malt, woody",3.5
2240,Blend,Dream Machine (Mad./Dom.Rep./Ecuador),62.0,"4- B,S,C,V","sweet, cocoa, candy like",3.25
2241,Vietnam,"Ben Tre, batch BEN210924 8983",70.0,"3- B,S,C","cinamon, nutmeg, hot cocoa",4.0
2242,Uganda,"Semuliki Forest, Bundibugyo, b. 13416SEM220426",70.0,"3- B,S,C","creamy,choco strawberry,vanilla",4.0
2243,Nicaragua,Nicaragua,70.0,"2- B,S","earthy, dried fruit, complex",3.25
2244,U.S.A.,"Hawai'i Island, Big Island",70.0,"2- B,S","intense, tannic, choco, earthy",3.5
2245,Dominican Republic,Dominican Republic,70.0,"2- B,S","few grits, sweet, cocoa",3.25
2246,Ecuador,Ecuador,75.0,"2- B,S","dry, floral, earthy",3.25
2247,Papua New Guinea,Papua New Guinea,77.0,"2- B,S","sandy, smokey, fruit, sour",3.25
2248,Madagascar,Madagascar,70.0,"2- B,S","tart, sour, basic",3.5
2249,Venezuela,Venezuela,75.0,"2- B,S","dry, earthy, roasty",3.5
2250,Tanzania,Tanzania,80.0,"2- B,S","sticky, mild fruit, brownie",3.5
2251,Dominican Republic,AgroCriso Plantation,70.0,"4- B,S,C,V","oily, floral, dairy",3.0
2252,Dominican Republic,AgroCriso Plantation,80.0,"4- B,S,C,V","fatty, muted strawberry",3.0
2253,Dominican Republic,AgroCriso Plantation,75.0,"4- B,S,C,V","oily, floral",3.25
2254,Vanuatu,Malekula Island,72.0,"3- B,S,C","bready, sour milk, fatty",2.75
2255,Dominican Republic,"Dominican Republic, lot D82R",70.0,"3- B,S,C","spicy, chocolatey",3.5
2256,Ecuador,"Ecuador, lot E432314L",70.0,"3- B,S,C","floral, sandy",3.75
2257,Madagascar,"Madagascar, lot M0403R",70.0,"3- B,S,C","powdery, cherry, astringent",3.75
2258,Peru,Peru,70.0,"3- B,S,C","floral, earthy, burnt rubber",2.75
2259,Ecuador,Ecuador,70.0,"3- B,S,C","floral, astringent",3.5
2260,Dominican Republic,Dominican Republic,70.0,"3- B,S,C","sandy, robust, grapes, malt",3.75
2261,Belize,"Maya Mountain, Toledo District, batch 12-1",70.0,"2- B,S","strong roast, tart raspberry",3.25
2262,Madagascar,"Bejofo, Akesson, batch 10-1",70.0,"2- B,S","plum, roasty undertone, sour",3.5
2263,Uganda,"Bundibugyo, Semuliki Forest, batch 9-1",70.0,"2- B,S","dairy, cocoa, well balanced",3.5
2264,Bolivia,Alto Beni,70.0,"4- B,S,C,L","fatty, mild fruit, off note",3.0
2265,Dominican Republic,Dominican Republic,70.0,"3- B,S,L","unrefined, sweet, mild coffee",3.0
2266,Dominican Republic,Dominican Republic,84.0,"3- B,S,L","gritty,intense coffee, metallic",2.25
2267,Madagascar,Bejofo,70.0,"2- B,S","slow to develop, melon, earthy",3.25
2268,Belize,"Maya Mtn, March-May 2020 harvest",70.0,"2- B,S","honey, cocoa, graham",3.5
2269,India,"Idukki, GoGround, 2019 harvest",70.0,"2- B,S","raisins, molasses, herbal tea",3.5
2270,Ecuador,"Bolivar, Arriba",70.0,"4- B,S*,C,V","coconut, mild vanilla",3.0
2271,Dominican Republic,Hispaniola,70.0,"4- B,S*,C,V","coconut, cocoa, few grits",3.0
2272,Guatemala,Cacao Verapaz,70.0,"4- B,S*,C,V","dried fruit, coconut, few grits",3.0
2273,Nicaragua,Rio Tuma,70.0,"4- B,S*,C,V","brownie, few grits, sandy",3.0
2274,Madagascar,Sambirano Valley,70.0,"4- B,S*,C,V","red fruit, coconut",3.0
2275,India,India,72.0,"4- B,S,C,V","peanut butter,vanilla,artificial",3.25
2276,Brazil,"Bahia, Agri-Forestal Plantation, 2010",68.0,"4- B,S,C,V","creamy, vanilla, moldy",2.75
2277,Ecuador,"Ecuador, Midnight Dark, batch 600414",84.0,"3- B,S,C","floral, hints of fruit",3.5
2278,Ecuador,"Ecuador, Twilght Dark, batch 500414",70.0,"3- B,S,C","oily surface, floral, earthy",3.5
2279,Bolivia,"Wild Bolivia, batch 260",70.0,"3- B,S,C","fatty, rubber, off notes",2.5
2280,Philippines,"Samar, East Visayas region",65.0,"4- B,S,C,V","vanilla, sweet",2.5
2281,Philippines,"Samar, East Visayas region",70.0,"4- B,S,C,V","dry, sweet, vanilla(n)",2.5
2282,Philippines,"Samar, East Visayas region",75.0,"4- B,S,C,V","bland, earthy",2.75
2283,Madagascar,Sambirano,67.0,"2- B,S","molasses, sour, astringent",2.75
2284,Belize,Moho Valley,78.0,"2- B,S","intense, rich, dark berry",3.25
2285,Peru,Peru,61.0,"5- B,S,C,V,L","sandy, sweet, vanilla",2.5
2286,Peru,Peru,71.0,"5- B,S,C,V,L","powdery, vanilla, earthy",3.0
2287,Venezuela,Venezuela,70.0,"3- B,S,C","sticy, nutty, roasty, off notes",2.75
2288,Venezuela,Venezuela,60.0,"3- B,S,C","sticky, sweet, nutty, roasty",3.0
2289,Sri Lanka,Sri Lanka,70.0,"2- B,S","ham, sour, intense",2.75
2290,Tanzania,"Kokoa Kamili, 2017 harvest",74.0,"2- B,S","fruit, burnt, harsh",2.75
2291,Honduras,Honduras,72.0,"3- B,S,C","overly roasty, spicy",3.0
2292,Peru,Peru,72.0,"3- B,S,C","earthy, roasty, hammy",3.0
2293,Uganda,Uganda,77.0,"3- B,S,C","melon, mocha",3.5
2294,Trinidad,Trinidad,80.0,"3- B,S,C","herbal, tea, dried fruit",3.75
2295,Venezuela,Chuao,75.0,"5- B,S,C,V,L","acidic, cocoa, dried fruit",3.25
2296,Tanzania,Tanzania,75.0,"3- B,S,C","fatty, sour, off notes",2.75
2297,Belize,Belize,70.0,"5- B,S,C,V,L","buttery, cheesy",3.0
2298,Peru,San Martin,70.0,"5- B,S,C,V,L","pungent, molasses, sour",2.5
2299,Brazil,"Amazonas, Wild Cacao",70.0,"5- B,S,C,V,L","cardboard, cheesy",3.0
2300,Peru,Ucayali,68.0,"3- B,S,C","burnt black licorice, intense",3.25
2301,Mexico,Tabasco,74.0,"3- B,S,C","dried fig, earthy, dirty",3.0
2302,Papua New Guinea,Papua New Guinea,73.0,"3- B,S,C","savory lemon, ham",3.25
2303,Venezuela,Crudo,70.0,"3- B,S,C","rustic, sugar dominates",3.0
2304,Dominican Republic,Santo Domingo,70.0,"3- B,S,C","rustic, large unground pieces",3.25
2305,Madagascar,Millot Plantation,70.0,"3- B,S,C","rustic, bright fruit",3.25
2306,Peru,"Ayacucho, ""El Guinacho""",70.0,"3- B,S,C","sweet, spicy",3.75
2307,Madagascar,"Autumn, Primary Harvest, 2012",70.0,"3- B,S,C","light color, sandy, fruity",3.5
2308,Madagascar,"Spring, Secondary Harvest, 2012",70.0,"3- B,S,C","dark color, sandy, fruity",3.5
2309,Nicaragua,Cacao Blanco,70.0,"3- B,S,C","sour milk, hot cocoa",3.25
2310,Venezuela,Porcelana,70.0,"3- B,S,C","sandy, earthy, spice, nutty",3.5
2311,Cuba,Baracoa,70.0,"3- B,S,C","sandy, banana",3.75
2312,Ecuador,Nacional,70.0,"3- B,S,C","sweet, brownie, sour",3.25
2313,Cuba,Baracoa,88.0,"3- B,S,C","rustic, spicy, earthy",3.25
2314,Madagascar,Ambolikapiky,70.0,"3- B,S,C","sour orange, fatty",3.25
2315,Ecuador,"Winak, Sumaco",70.0,"3- B,S,C","coarse, spicy cinnamon",3.75
2316,Vietnam,"Ben Tre, Mekong Delta",70.0,"3- B,S,C","smokey, mild citrus",3.25
2317,Brazil,"Fazenda Sempre Firme, Bahia",70.0,"3- B,S,C","rustic, earthy, tea",3.5
2318,Costa Rica,"Costa Rica, batch 83",70.0,"4- B,S,C,V","licorice, dried fruit, burnt fuel",2.75
2319,Dominican Republic,Dominican Republic,70.0,"4- B,S,C,V","oily, cardboard, sour",2.75
2320,Mexico,"Chiapas, Lacandon Jungle, batch 95",70.0,"4- B,S,C,V","vanilla, fuel, earthy",2.5
2321,Peru,"Peru, batch 96",70.0,"4- B,S,C,V","vanilla, fatty, vegetal, mint",3.0
2322,Colombia,Colombia,70.0,"5- B,S,C,V,L","flat, smoke, marshmallow",3.0
2323,Papua New Guinea,Papua,62.0,"5- B,S,C,V,L","creamy, smoke, ham",3.25
2324,Vietnam,Vietnam,60.0,"5- B,S,C,V,L","vanilla, butter, caramel",3.25
2325,Trinidad,Trinidad,77.0,"4- B,S,C,L","intense, grassy, smokey",2.75
2326,Vietnam,Vietnam,70.0,"3- B,S,C","cocoa,sweet,fatty, cardboard",2.75
2327,Vietnam,Vietnam,75.0,"3- B,S,C","intense cocoa, fatty, sticky",3.0
2328,Suriname,"Paramaribo, batch 20160043-01",70.0,"2- B,S","earthy, floral, dry",3.25
2329,Venezuela,"Chuao, batch 20170714C",75.0,"4- B,S,C,V","vanilla, fatty",3.0
2330,Peru,Amazonas,75.0,"3- B,S,C","blackberry, dirt, high roast",3.25
2331,Peru,Piura,75.0,"3- B,S,C",fig,4.0
2332,Madagascar,Sambirano,75.0,"4- B,S,C,V","berry, spices, smoke",3.0
2333,Nicaragua,Nicaragua,72.0,"3- B,S,C","nutty, off, roasty, fatty",3.0
2334,Mexico,Mexico,70.0,"3- B,S,C","nutty, fruit, sour, floral",3.25
2335,Haiti,"Haiti, batch 2020SEP",67.0,"3- B,S,C","earthy, fatty, gritty",2.75
2336,Dominican Republic,"Dark, Stone Ground",70.0,"3- B,S,C","sandy, sour banana, sweet",3.0
2337,Mexico,Chiapan,75.0,"3- B,S,C","rustic, sweet, earthy",2.75
2338,Bolivia,Alto Beni,87.0,"3- B,S,C","grainy, blueberries, bitter",3.25
2339,Belize,Belize,68.0,"3- B,S,C","coarse, watering, sweet",3.0
2340,Ghana,Chocolatey-beta,70.0,"5- B,S,C,V,L","gritty,sweet,swiss miss,vanilla",2.5
2341,Peru,Fruity-beta,70.0,"5- B,S,C,V,L","tangy, off, musty, sour",2.5
2342,Madagascar,Citrus-beta,70.0,"5- B,S,C,V,L","dry, red berry, off note",2.75
2343,Peru,Nutty-beta,70.0,"5- B,S,C,V,L","dry, musty, flat",2.5
2344,Blend,TCHOPro 60.5,60.0,"5- B,S,C,V,L","tea, sweet, astringent",2.75
2345,Blend,TCHOPro 68,68.0,"5- B,S,C,V,L","nutty, candy-like",3.0
2346,Blend,"Peru, Ecuador",99.0,"3- B,S,C","spicy, ginger, bitter",3.25
2347,Blend,West Africa,62.0,"5- B,S,C,V,L","strong vanilla, sweet, fatty",2.0
2348,Madagascar,Concepcion,70.0,"4- B,S,C,V","molasses, off notes",2.75
2349,Blend,"Bayou Blend, Ecuador, Mad., PNG",70.0,"4- B,S,C,V","molasses, caramel, spice",3.0
2350,Papua New Guinea,Aranama,70.0,"4- B,S,C,V","molasses, caramel, fruity",3.0
2351,Dominican Republic,Presidio,70.0,"4- B,S,C,V","molasses, caramel",3.5
2352,Ecuador,"La Bahia, w/ cane juice",70.0,"4- B,S,C,V","gritty, rum, molasses",3.25
2353,Peru,Capistrano,70.0,"4- B,S,C,V","perfume, chemical, soapy",2.0
2354,Ecuador,"La Bahia, w/ cane sugar",70.0,"3- B,S,C","molasses, fruit, floral",3.25
2355,Bolivia,San Jose,70.0,"3- B,S,C","candy,peanut butter,caramel",2.75
2356,Madagascar,Capistrano*,70.0,"3- B,S,C","sticky, caramel",3.0
2357,Mexico,Espada,70.0,"3- B,S,C","molasses, caramel",3.25
2358,Brazil,Espada,70.0,"3- B,S,C","flat, cardboard, metallic",2.75
2359,Venezuela,Concepcion*,80.0,"4- B,S,C,V","earthy, savory, hammy",3.0
2360,Bolivia,San Jose,67.0,"3- B,S,C","green apple, sweet",3.25
2361,Brazil,"Bahia, Floresta Azul,Good Friends Reserve#3",70.0,"3- B,S,C","honey, pepper, charcoal",3.5
2362,Ecuador,"Ecuador, batch 6-5-15",77.0,"2- B,S","intense, mild coffee and rum",3.25
2363,Madagascar,"Madagascar, batch 6-5-15",67.0,"2- B,S","sweet, rich, tannic, fruity",3.75
2364,Uganda,"Uganda, batch 6-3-15",73.0,"2- B,S","creamy, almond, butter",3.75
2365,Peru,Peru,70.0,"2- B,S","spicy, black pepper, intense",2.75
2366,Belize,Belize,70.0,"2- B,S","nutty, raspberry, metallic",3.75
2367,Madagascar,Madagascar,70.0,"2- B,S","bright fruit, mild sour",3.75
2368,Ecuador,Ecuador,70.0,"2- B,S","floral, earthy, bourbon",3.25
2369,Dominican Republic,Oko Caribe,70.0,"3- B,S,C","spicy, black pepper, bold",3.5
2370,Guatemala,Guatemala,70.0,"3- B,S,C","walnuts, cocoa, easy melt",3.75
2371,Belize,Maya Mountain,77.0,"3- B,S,C","berries, licorice, cocoa,bitter",3.0
2372,Bolivia,Alto Beni,77.0,"3- B,S,C","muted, roasted banana",3.25
2373,Haiti,Haiti,72.0,"3- B,S,C","harsh, tobacco",2.75
2374,Peru,Peru,70.0,"3- B,S,C","sandy, sweet, raisins",3.0
2375,Madagascar,Madagascar,65.0,"3- B,S,C","sandy, sweet, blueberry",3.5
2376,Ivory Coast,Ivory Coast,75.0,"4- B,S,C,V","dry, gritty, hint of fruit, sour",2.5
2377,Ghana,"Ghana, Kumasi",84.0,"4- B,S,C,V","dry, slightly tart, bitter",3.0
2378,Venezuela,"Venezuela; Barinos, Merida, Tachron",91.0,"2- B,S","dry, very bland, mild bitter",2.0
2379,Blend,"Ghana, Panama, Ecuador",75.0,"3- B,S,C","sandy, sweet, fruity",3.0
2380,Congo,Congo w/ nibs,65.0,"4- B,S,C,V","sweet, vanilla, cocoa",3.25
2381,Peru,"Piura Select, Cacao Blanc",70.0,"2- B,S","peanut butter, sour milk",3.25
2382,Ecuador,"Costa Esmeraldas, 2017 h., batch 28",70.0,"2- B,S","pure, bold, floral",3.5
2383,Colombia,"Meta, lot 052",70.0,"3- B,S,L","floral, vegetal",3.0
2384,Colombia,"Putumayo, lot 021",70.0,"3- B,S,L","spicy, marshmallow",3.25
2385,Belize,"Belize, med roast",72.0,"3- B,S,C","bright fruit, cashew",3.75
2386,Tanzania,Kokoa Kamili,71.0,"2- B,S","bland, mild honey, sour",2.75
2387,Ecuador,"Galapagos, Santa Cruz Island, 2018 h.",75.0,"3- B,S,C","strong floral, oily, bold, grassy",3.25
2388,Ecuador,Manabi,81.0,"2- B,S","waxy, mild fruit, floral",3.25
2389,Tobago,"Roxborough, Tobago",70.0,"3- B,S,C","smooth, wild berries",4.0
2390,Venezuela,Venezuela,72.0,"3- B,S,C","peanut butter, soapy",2.75
2391,Dominican Republic,Dominican Republic,74.0,"3- B,S,C","pronounced fruit, sour",3.0
2392,Bolivia,"Wild Bolivian, Jungle Love",77.0,"3- B,S,C","sandy, sweet",3.0
2393,Bolivia,"Alto Beni, 2016",70.0,"3- B,S,C","spicy, cocoa, sweet",3.0
2394,Belize,Maya Mtn.,70.0,"3- B,S,C","honey, caramel",3.5
2395,Haiti,Acul du Nard,70.0,"3- B,S,C","metallic, astringent",2.75
2396,Colombia,Tumaco,70.0,"3- B,S,C","dull, chewy, sweet",2.75
2397,Ecuador,Ecuador,70.0,"2- B,S","nutty, floral",3.5
2398,Dominican Republic,Conacado,72.0,"2- B,S","baked, roasty, coffee",3.0
2399,Dominican Republic,La Red,70.0,"3- B,S*,C","heavy roast, black licorice",3.25
2400,Dominican Republic,"Conacado, Manifesto",70.0,"3- B,S*,C","sandy, strawberry, coconut",2.75
2401,Nicaragua,La Colonia,70.0,"2- B,S","high acidity, toffee, spicy",3.25
2402,Haiti,Pisa,70.0,"2- B,S","dominating roast, deep cocoa",3.25
2403,Guatemala,Guatemala,70.0,"2- B,S","bright fruit, heavy roast, smooth",3.75
2404,Philippines,Malah Na Bulong,70.0,"2- B,S","sticky, butterscotch, sl. Hammy",3.25
2405,Peru,Ucayali,73.0,"3- B,S,C","powdery, complex, rubber",3.0
2406,Peru,"Piura, Gran Chilique",70.0,"3- B,S,C","sweet, pungent grape, acidic",3.5
2407,Peru,Ucayali,70.0,"2- B,S","very sandy, spicey, sweet",3.0
2408,Vietnam,"Dak Lak, batch 0A08",70.0,"2- B,S","tart, sweet, sour, savory",2.75
2409,Honduras,"Copan, batch 0A03",70.0,"2- B,S","woody, sweet, unrefined",2.75
2410,Madagascar,"Ambanja, Tsara Valley",72.0,"3- B,S,C","cocoa, mild fruit",3.5
2411,Dominican Republic,Dominican Republic,73.0,"2- B,S","roasty, woody, rubber off",2.75
2412,Dominican Republic,"Dominican Republic, batch 85",68.0,"2- B,S","roasty, sligt burnt, red fruit",3.25
2413,Bolivia,"Palos Blancos, batch 97",75.0,"2- B,S","roasty, bitter, caramel, dairy",2.5
2414,Madagascar,"Madagascar, lot 137",75.0,"2- B,S","intense, red berry",3.5
2415,Dominican Republic,Oko Caribe,75.0,"2- B,S","spicy, sour, off note",2.75
2416,Ecuador,"Cedeno, lot 271",75.0,"2- B,S","intense, floral",3.5
2417,Tanzania,Kokoa Kamili,75.0,"2- B,S","dry, floral, woody",3.25
2418,Peru,Peru,60.0,"3- B,S,C","coarse, sweet, lemon",3.0
2419,Dominican Republic,Dominican Republic,63.0,"3- B,S,C",spicy and rich,3.75
2420,Dominican Republic,Dominican Republic,75.0,"2- B,S","dry, coarse, hay, off",2.75
2421,Tanzania,Tanzania,75.0,"2- B,S","dry, coarse, sweet, earthy",3.0
2422,Guatemala,Guatemala,75.0,"2- B,S","dry, coarse, sour",3.25
2423,Nicaragua,Matagalpa,74.0,"2- B,S","creamy, woody,green, rubber",2.75
2424,Dominican Republic,"San Francisco de Macoris, Nourish",70.0,"2- B,S","tart, tangy, mild cocoa",3.0
2425,Madagascar,"Madagascar, Sassy Bar",72.0,"2- B,S","sweet, acidic, tart",3.0
2426,Tanzania,"Tanzania, Party Bar",72.0,"2- B,S","sandy, sweet, peach",3.25
2427,Venezuela,"Sur del Lago, Merida",65.0,"4- B,S,C,V","intense, nutty, mild rubber",3.25
2428,Colombia,"Sierra Nevada, Tutu Iku",70.0,"3- B,S,C","spice, melon, nutty",3.75
2429,Nicaragua,Nugo,70.0,"3- B,S,C",roasty cocoa,3.75
2430,Belize,"Maya Mountain, Toledo, batch 91",74.0,"3- B,S,C","roasted strawberry, bold",3.5
2431,Blend,"Carribean, Caraibe",66.0,"5- B,S,C,V,L","slight bitter, woody",3.0
2432,Blend,"Guanaja, South America",70.0,"5- B,S,C,V,L","subtle, smooth, earthy, long",3.75
2433,Trinidad,Gran Couva 2005 P.,64.0,"5- B,S,C,V,L","nutty, vegetal, sweet",2.5
2434,Venezuela,"Porcelana, Maracaibo, Palmira P. 2005",64.0,"5- B,S,C,V,L","modest, creamy, cocoa",3.0
2435,Madagascar,"Sambirano, Ampamakia 2005, Millot P.",64.0,"5- B,S,C,V,L","red berry, rich cocoa",3.5
2436,Blend,"Araguani, Venezuela, Carribean",72.0,"5- B,S,C,V,L","creamy, rich, licorice",3.0
2437,Venezuela,Chuao 2002 P.,65.0,"5- B,S,C,V,L","sandy, vegetal, cocoa",3.75
2438,Madagascar,Manjari,64.0,"5- B,S,C,V,L","creamy, blueberry, raspberry",4.0
2439,Blend,Le Noir Extra Amer,85.0,"5- B,S,C,V,L","creamy, fatty, very bitter",1.5
2440,Blend,"Abinao, West Africa",85.0,"5- B,S,C,V,L","berries, tart, bitter",2.5
2441,Blend,"Le Noir Amer, West Africa",71.0,"5- B,S,C,V,L",nutty and bitter dominate,2.75
2442,Venezuela,"Porcelana, Maracaibo, Palmira P. 2006",64.0,"5- B,S,C,V,L","creamy, cherry",3.25
2443,Dominican Republic,Tainori,64.0,"5- B,S,C,V,L","cocoa dominates, woodsy",3.75
2444,Ecuador,Alpaco,66.0,"5- B,S,C,V,L","rich cocoa, hot spice",3.75
2445,Ghana,Nyangbo,68.0,"5- B,S,C,V,L","creamy, cocoa, bread",3.5
2446,Blend,Caraque,56.0,"5- B,S,C,V,L","intense sweet, nut, orange",3.25
2447,Venezuela,"Porcelana, Pedegral",64.0,"5- B,S,C,V,L","creamy, honey,peanut butter",4.0
2448,Venezuela,"Otucan, Grand Cru",69.0,"5- B,S,C,V,L","green,unripened fruit,banana",4.0
2449,Blend,"Andoa, Grand Cru blend",70.0,"5- B,S,C,V,L","yogurt, lemon, licorice",3.5
2450,Dominican Republic,"Loma Sotavento, 2013",64.0,"5- B,S,C,V,L","complex, herbs, fruit, dairy",3.5
2451,Peru,"Piura, Illanka, Quemazon",63.0,"5- B,S,C,V,L","intense, dark berry, grapes",4.0
2452,Blend,"Oriado, Peru, Dom. Rep",60.0,"3- B,S,C","intense, rich, sweet",3.25
2453,Ghana,Manhattan,72.0,"3- B,S,C","sour vanila, heavy roast",2.5
2454,Ghana,Napa,65.0,"3- B,S,C","oily, caramel ""rolo"", sweet",2.75
2455,Madagascar,Madagascar,72.0,"3- B,S,C","fatty, bland, very astringent",2.75
2456,Madagascar,Madagascar,76.0,"4- B,S,C,V","fatty, sour, spoiled",2.75
2457,Madagascar,Madagascar,80.0,"4- B,S,C,V","fatty, bitter, sour",2.75
2458,Madagascar,Madagascar,70.0,"3- B,S,C","oily, fatty, citrus",3.0
2459,Madagascar,Madagascar w/ nibs,68.0,"3- B,S,C","oily, nutty, fatty",3.0
2460,Madagascar,Madagascar,64.0,"3- B,S,C","sandy, mild citrus, sweet",3.25
2461,Guatemala,Guatemala,78.0,"3- B,S*,C","rich cocoa, fruit, bitter, molasses",3.5
2462,Bolivia,Palos Blancos,70.0,"2- B,S","peanut butter, coffee, mint",3.25
2463,Bolivia,Palos Blancos + nibs,70.0,"2- B,S","complex, nibs too soft",3.25
2464,Bolivia,Palos Blancos,70.0,"2- B,S","smokey, earthy, nutty",2.75
2465,Guatemala,Alta Verapaz,70.0,"2- B,S","earthy, sour, intense",3.0
2466,Dominican Republic,San Francisco de Macoris,70.0,"2- B,S","dark berry, roasty",3.25
2467,Blend,"Classic, Central and S. America",70.0,"3- B,S,C","sweet, fruity, heavy roast",3.25
2468,Blend,"Dark, Central and S. America",90.0,"3- B,S,C","mellow fruit, tart, mild bitter",3.75
2469,Dominican Republic,Dominican Republic,90.0,"3- B,S,C","intense, cocoa, spicy, fruit",3.25
2470,Trinidad,Trinidad,75.0,"3- B,S,C","spicy, roasty, acidic, dairy",3.5
2471,Ecuador,Mindo,75.0,"3- B,S,C","spicy, nutmeg, brownie",3.5
2472,Guatemala,Chimelb,75.0,"2- B,S","earthy, harsh, acidic",2.75
2473,Dominican Republic,Zorzal,75.0,"2- B,S","roasty, berry notes",3.0
2474,Blend,"Classic Dark, Ecuador-Guatemala-Dom. Rep.",70.0,"3- B,S,C","nutty, grassy, cocoa",3.5
2475,Ecuador,Costas Esmeraldas,75.0,"2- B,S",floral & fruit,3.5
2476,Vietnam,"Ben Tre, Mekong Delta, MoCay",70.0,"4- B,S,C,L","spicy, dairy",3.5
2477,Peru,San Martin,75.0,"3- B,S,C","sandy, sweet, nutty",3.0
2478,Ecuador,"Los Rios, Rancho Grande 2004/2007",100.0,"3- B,S,C","bland, mild fruit, strong bitter",2.0
2479,Ecuador,"Los Rios, Rancho Grande 2004/2007",90.0,"3- B,S,C","some fruit, strong bitter",2.0
2480,Ecuador,"Los Rios, Rancho Grande 2004/2007",75.0,"3- B,S,C","cocoa,earthy,very astringent",3.0
2481,Ecuador,"Los Rios, Rancho Grande 2007",65.0,"3- B,S,C","sticky, cocoa, earthy",3.0
2482,Madagascar,Sambirano Valley,77.0,"2- B,S","intense, tart, sour, raisin",2.75
2483,Belize,Moho River Valley,77.0,"2- B,S","mild metallic, brownie, earth",3.0
2484,Venezuela,Cuyagua,77.0,"2- B,S","intense, mild bitter, roasty",3.0
2485,Peru,Peru,77.0,"2- B,S","chalky, peach, bland",3.25
2486,Guatemala,Cahabon,77.0,"2- B,S","creamy, cocoa, pungent",2.75
2487,Peru,Peru,70.0,"5- B,S,C,V,L","pungent, metallic",2.5
2488,Venezuela,Ocumare,70.0,"5- B,S,C,V,L","nutty, off notes",2.5
2489,Dominican Republic,Dominican Republic,70.0,"5- B,S,C,V,L","sweet, simple, cocoa",3.0
2490,Bolivia,Alto Beni,70.0,"5- B,S,C,V,L","earthy, vanilla",2.5
2491,Haiti,"Pisa, Adul de Nord",70.0,"5- B,S,C,V,L","vanilla, late cocoa notes",2.5
2492,Dominican Republic,Conacado,70.0,"2- B,S*","dry, rich, roasty",3.5
2493,Peru,"Piura Blanco, Norandino",70.0,"2- B,S*","grapes, pungent",3.5
2494,Samoa,Samoa,77.0,"2- B,S","earthy, roasty",3.0
2495,Tanzania,Kokoa Kamili,68.0,"3- B,S,C","nuts, fruit, poor aftertaste",3.0
2496,Bolivia,Alto Beni,72.0,"3- B,S,C","creamy, fruit, poor aftertaste",3.0
2497,Honduras,"La Masica, 2015 harvest, b. LH74HORZConcheV2",74.0,"2- B,S","brownie, nutty, roasty",3.75
2498,Trinidad,"Garcia Estate, 2019 harvest, b. GT722162021820",72.0,"3- B,S,C","complex, mild tobacco, nut, fruit",3.75
2499,Philippines,"Kablon Farms, b. KP7417211821",74.0,"3- B,S,C","nutty, roasted cherry, coffee",3.5
2500,Uganda,"Semuliki, 2017-18 h., batch SU72conche22212621",72.0,"3- B,S,C","nutty, cocoa, yogurt",3.5
2501,Ecuador,"Costa Esmeraldas, CEconche77121620121820",77.0,"3- B,S,C","complex, hazelnut, dairy, fruit",4.0
2502,Jamaica,"Bachelor's Hall, BHJ72030521040321",72.0,"3- B,S,C","smooth, toffee, nutty, cocoa",3.75
2503,India,"Kerala, K172Testbatch1",72.0,"3- B,S,C","creamy, balanced, cocoa, fruity",3.75
2504,Colombia,"Chaparral, batch 12022",72.0,"3- B,S,C","hint of caramel, alcohol, vegetal",3.5
2505,Ghana,Ghana,72.0,"3- B,S,C","sticky, dry, vanilla dominates",2.5
2506,Peru,Amazonas,75.0,"3- B,S,C","light color, grit, metallic",2.5
2507,Peru,Amazonas,89.0,"3- B,S,C","slow develop, bitter, metallic",2.75
2508,Peru,Tumbes,75.0,"3- B,S,C","sandy, sweet, coffee",3.25
2509,Peru,Amazonas w/ nibs,75.0,"3- B,S,C","mild, metallic",2.75
2510,Peru,San Martin,70.0,"3- B,S,C","sandy, rich, earthy",3.0
2511,Venezuela,Rio Caribe,72.0,"3- B,S,C","creamy, earthy, nutty",3.25
2512,Madagascar,Sambirano,71.0,"3- B,S,C","dry, mild fruit",3.0
2513,Venezuela,Hacienda Las Trincheras,72.0,"3- B,S,C","dry, nutty, cocoa",3.5
2514,Indonesia,Java,69.0,"3- B,S,C","smokey, fruity, sour",3.75
2515,Indonesia,"Java, Indonesian Black",100.0,"3- B,S,C","fruit, strong smoke, bitter",2.25
2516,Colombia,Los Llanos,88.0,"3- B,S,C","mild nutty and fruit, savory",3.0
2517,Colombia,Los Llanos,70.0,"3- B,S,C","rich cocoa, spicy, cinamon",4.0
2518,Venezuela,"Guasare, Zulia Prov., 2015, batch 124",74.0,"3- B,S,C","nutty, rubber",3.0
2519,Bolivia,"Wild Beniano, 2016, batch 128, Heirloom",76.0,"3- B,S,C","nutty, fig, short length",3.5
2520,Ghana,"Ghana, 2013, batch 129",75.0,"3- B,S,C","strong malt, choco pudding",3.75
2521,Venezuela,Porcelana,70.0,"3- B,S,C","intense, creamy, nutty",3.5
2522,Belize,"Maya Mountain, 2017, batch 255",68.0,"3- B,S,C","flat, molasses, creamy",3.25
2523,Dominican Republic,Dominican Republic,70.0,"3- B,S,C","dairy, caramel, brownie, nutty",3.5
2524,Venezuela,Ocumare,70.0,"2- B,S","nutty, tart, coffee",4.0
2525,Dominican Republic,La Red,70.0,"2- B,S","brownie, fruit, fudge",3.5
2526,Ecuador,Ecuador,70.0,"2- B,S","mild fruit, chemical off",2.5
2527,Costa Rica,Costa Rica,70.0,"2- B,S","roasty, metallic, coffee",3.0
2528,Madagascar,"Sambirano, batch 1",70.0,"3- B,S,C",melon,3.25
2529,Ecuador,"Camino Verde P., Balao, Guayas, batch 1",70.0,"2- B,S","intense, bourbon",3.25
2530,Trinidad,"Gran Couva, batch 1",70.0,"2- B,S","creamy, woody, mild metallic",3.5
2531,Peru,"Maranon, Cajamarca",70.0,"2- B,S","sandy, intense, mild nutty",3.0
2532,Tanzania,"Kokoa Kamili, batch 23",70.0,"2- B,S","short, tart, fruit, sweet edge",3.0
2533,Dominican Republic,Hispaniola,66.0,"5- B,S,C,L,Sa","salt noticeable, vanilla",3.0
2534,El Salvador,Hacienda San Jose,65.0,"4- B,S,C,L","overly sweet, dirty",2.75
2535,El Salvador,Hacienda San Jose,70.0,"4- B,S,C,L","nutty, basic cocoa",3.25
2536,El Salvador,Hacienda San Jose,75.0,"4- B,S,C,L","coarse, sweet, candy, licorice",3.0
2537,Peru,"San Martin de Pangoa, batch 46",70.0,"2- B,S","burnt caramel, grapes",3.5
2538,Tanzania,"Kokoa Kamili, Kilombero Valley, batch 1",73.0,"2- B,S","sandy, earthy, hint of tang",3.25
2539,Nicaragua,"Matagalpa, batch 57",72.0,"2- B,S","sandy, roasty, fig, late spiciness",3.5
2540,Dominican Republic,"Hispaniola, batch 170104",70.0,"2- B,S","spciy, cardamom, off flavor",2.5
2541,Madagascar,"Sambirano, batch 170102",70.0,"2- B,S","sour milk, molasses, sweet",2.75
2542,Trinidad,Rio Claro,70.0,"3- B,S,C","nutty, fruity, sweet",3.25
2543,Vietnam,Ben Tre,70.0,"3- B,S,C","tart, cherry, cocoa, mild sour",3.5
2544,Dominican Republic,Zorzal,70.0,"3- B,S,C","sweet, rich, cocoa, fruity",3.5
2545,Bolivia,"Tranquilidad, wild Bolivia",70.0,"3- B,S,C","sweet, tart, sour",3.0
2546,Papua New Guinea,"Papua New Guinea, Batch 2",70.0,"3- B,S,C","heavy smoke, fruit, ham",3.0
2547,Dominican Republic,"Dominican Republic, Batch D2",70.0,"3- B,S,C","nutty, earthy, hammy",3.25
2548,Madagascar,"Madagascar, Batch 2",70.0,"3- B,S,C","sandy, mild sour, mild fruit",3.25
2549,Peru,"Peru, Batch 1",70.0,"3- B,S,C","sandy, nutty, mocha",3.25
2550,Belize,"Belize, Batch 2",70.0,"3- B,S,C","rich base cocoa, sweet",3.5
2551,Blend,"House Blend, Batch 2",60.0,"3- B,S,C","very sweet, heavy roast, nuts",3.0
2552,Madagascar,"Millot P., Ambanja",70.0,"3- B,S,C","sticky, mellow choco, dairy",3.5
2553,Ecuador,UNOCACE,70.0,"3- B,S,C","sticky, off notes of rubber",2.75
2554,Trinidad,San Juan Estate,85.0,"3- B,S,C","sticky, strong bitter, spice",2.75
2555,Tanzania,"Kakao Kamili, Kilombero Valley",85.0,"3- B,S,C","melon, mild tart, bitter, fatty",3.0
2556,Tanzania,"Kakao Kamili, Kilombero Valley",70.0,"3- B,S,C","smoke, tart, burnt cocoa",3.5
2557,Trinidad,"San Juan Estate, Gran Couva",78.0,"2- B,S","tobacco, over roasted",3.5
2558,Bolivia,Alto Beni,68.0,"4- B,S,C,L","oily, honey, light rum",3.5
2559,Papua New Guinea,Tokiala,66.0,"4- B,S,C,L","toffee, caramel, butterscotch",3.5
2560,Bolivia,"Tranquilidad, Baures",72.0,"4- B,S,C,L",intense prune and berry,3.75
2561,Solomon Islands,Guadalcanal,78.0,"4- B,S,C,L","smokey, dried fruit, balanced",3.75
2562,Blend,Goddess Blend,65.0,"5- B,S,C,V,L","oily, sweet, choco, nutty",3.25
2563,Nicaragua,"Jeru Antiguo, batch jan705, 2 turns",72.0,"3- B,S,C",intense earthy,3.0
2564,Nicaragua,"El Castillero, batch ca1705, 3 turns",70.0,"3- B,S,C","large grits, sweet, dried fruit",3.75
2565,Nicaragua,Rugoso,75.0,"3- B,S,C","sandy, basic cocoa",3.25
2566,DR Congo,"Kilimamwenza, Ituri Province",68.0,"3- B,S*,C","fatty, herbal, earthy",3.0
2567,Brazil,"Brazil, Mitzi Blue",65.0,"4- B,S*,C,Sa","woody, butterscotch",3.0
2568,Peru,Peru,70.0,"4- B,S*,C,Sa","creamy, fatty, mild nutty",3.75
2569,Congo,Congo,65.0,"4- B,S*,C,Sa","dairy, salt, caramel",3.0
2570,India,Kerala State,65.0,"4- B,S*,C,Sa","creamy, masculine, earthy",3.5
2571,India,Kerala State,62.0,"4- B,S*,C,Sa","oily, subdued, caramel, salt",3.25
2572,Panama,"Bocas del Toro, Cocabo Co-op",72.0,"4- B,S*,C,Sa","oily, earthy, caramel, salty",3.5
2573,Blend,Amazonas Frucht,65.0,"4- B,S*,C,Sa","dairy, burnt caramel, coffee",3.5
2574,Peru,"Satipo Pangoa region, 16hr conche",70.0,"4- B,S*,C,Sa","woody, toast, pepper",3.0
2575,Peru,"Satipo Pangoa region, 20hr conche",70.0,"4- B,S*,C,Sa","butterscotch, pepper",3.5
2576,Dominican Republic,"Loma Los Pinos, Yacao region, D.R.",62.0,"4- B,S*,C,Sa","spice, caramel, toffee, salty",3.75
2577,Ecuador,El Oro,75.0,"4- B,S*,C,Sa","creamy, nutty, bready",3.0
2578,Papua New Guinea,Huiwani Coop,75.0,"4- B,S*,C,Sa","hint of smoke, fruit",3.0
2579,Bolivia,El Ceibo Coop,90.0,"4- B,S*,C,Sa","smooth, intense blueberry",3.25
2580,Dominican Republic,Santo Domingo,70.0,"4- B,S*,C,Sa","strawberry, Cadbury egg",3.75
2581,Congo,"Kongo, Highlands",68.0,"4- B,S*,C,Sa","creamy, caramel, salt, sweet",3.25
2582,Blend,"Indianer, Raw",58.0,"4- B,S*,C,Sa","smooth, spicy, floral",3.5
2583,Blend,Raw,80.0,"4- B,S*,C,Sa","waxy, cloying, vegetal",2.75
2584,Colombia,"APROCAFA, Acandi",75.0,"3- B,S,C","strong nutty, marshmallow",3.75
2585,Blend,"Dry Aged, 30 yr Anniversary bar",75.0,"3- B,S,C","fatty, earthy, cocoa",3.0
2586,Congo,Mountains of the Moon,70.0,"3- B,S,C","fatty, mild nuts, mild fruit",3.25
2587,Belize,Maya Mtn,72.0,"3- B,S,C","muted, roasty, accessible",3.5
