,review_date,rating,ingredients,characteristics
0,2019,3.25,"3- B,S,C","rich cocoa, fatty, bready"
1,2019,3.75,"3- B,S,C","cocoa, blackberry, full body"
2,2019,3.5,"3- B,S,C","cocoa, vegetal, savory"
3,2021,3.0,"3- B,S,C","chewy, off, rubbery"
4,2021,3.5,"3- B,S,C","milk brownie, macadamia,chewy"
5,2021,3.0,"3- B,S,C","fatty, earthy, moss, nutty,chalky"
6,2021,3.25,"3- B,S,C","mildly bitter, basic cocoa, fatty"
7,2012,3.5,"4- B,S,C,L","vegetal, nutty"
8,2012,3.75,"4- B,S,C,L","fruity, melon, roasty"
9,2013,2.75,"4- B,S,C,L","brief fruit note, earthy, nutty"
10,2013,3.0,"4- B,S,C,L","sticky, red fruit, sour"
11,2013,3.25,"4- B,S,C,L",mild tobacco
12,2013,3.75,"4- B,S,C,L","sandy, nutty, cocoa, fig"
13,2013,2.75,"4- B,S,C,L","burnt rubber,alkalyzed notes"
14,2013,3.0,"4- B,S,C,L","sticky, smokey, grass"
15,2013,3.25,"4- B,S,C,L","mild fruit, strong smoke"
16,2013,4.0,"4- B,S,C,L","oily, nut, caramel, raspberry"
17,2013,3.25,"4- B,S,C,L","green, nutty, cocoa"
18,2013,3.5,"4- B,S,C,L","cocoa,sour,intense tangerine"
19,2013,4.0,"3- B,S,C","sweet, cocoa, tangerine"
20,2014,2.75,"4- B,S,C,L","harsh, leather, earthy"
21,2014,3.5,"4- B,S,C,L","sliglty dry, papaya"
22,2014,3.5,"4- B,S,C,L","nutty, mild choco, roasty"
23,2014,3.75,"4- B,S,C,L","astringent, nutty, chocolatey"
24,2014,4.0,"4- B,S,C,L","delicate, hazelnut, brownie"
25,2015,2.75,"4- B,S,C,L","burnt wood, earthy, choco"
26,2015,3.0,"4- B,S,C,L","roasty, acidic, nutty"
27,2015,3.5,"4- B,S,C,L","mild profile, chocolaty, spice"
28,2015,3.5,"4- B,S,C,L","grainy texture, cocoa, sweet"
29,2016,3.75,"4- B,S,C,L","sweet, chocolatey, vegetal"
30,2018,3.5,"4- B,S,C,L","alluring aroma, powdery,nutty"
31,2018,3.75,"4- B,S,C,L","sweet, dairy, spice, cocoa"
32,2021,4.0,"4- B,S,C,L","light color, fruit, yogurt"
33,2022,3.75,"3- B,S,C","smoke dominates, hint of fruit"
34,2022,3.5,"3- B,S,C","green banana, roasty, cocoa"
35,2022,2.75,"4- B,S,C,L","woody, honey, leathery"
36,2015,3.75,"2- B,S",yellow fruit
37,2015,3.75,"2- B,S","intense, nutty, cherry, cocoa"
38,2020,3.25,"2- B,S","herbal, molasses, hammy"
39,2020,3.5,"2- B,S","hot cocoa, rich, molasses"
40,2011,2.75,"3- B,S,C","sweet, sublte strawberry"
41,2011,3.25,"3- B,S,C",spicy and candy-like
42,2011,3.5,"3- B,S,C","orange, floral, lemon"
43,2011,3.5,"3- B,S,C",cocoa and powerful tang
44,2019,2.5,"2- B,S","unrefined, sweet, metallic"
45,2019,2.75,"2- B,S","basic, sweet, cocoa, woody"
46,2019,3.0,"2- B,S","sandy, woody, spicy, sweet"
47,2019,2.75,"2- B,S","sweet, cocoa, rubbery"
48,2009,2.75,"4- B,S,C,V","sandy, sweet, banana cream"
49,2009,3.0,"4- B,S,C,V","roasty, nutty, coffee"
50,2009,3.0,"3- B,S,C","gritty, spice, cocoa"
51,2010,2.75,"4- B,S,C,L","strong pepper, musty"
52,2010,2.75,"4- B,S,C,L","fatty, intense, woody"
53,2011,3.75,"4- B,S,C,L","hay, nut, berry"
54,2013,2.5,"5- B,S,C,V,L","sandy, dirt, ashey"
55,2013,2.5,"5- B,S,C,V,L","cardboard, dirt, roasty"
56,2014,2.75,"6- B,S,C,V,L,Sa","roasty, sweet, savory"
57,2014,2.75,"5- B,S,C,V,Sa","nutty, roasty, odd dairy"
58,2014,3.0,"5- B,S,C,V,Sa","citrus, fatty, dairy"
59,2017,3.5,"6- B,S,C,V,L,Sa","strawberry, cream, gateway"
60,2017,3.5,"3- B,S,C","sandy, green, floral"
61,2017,3.5,"3- B,S,C","sandy, sweet, nibby"
62,2017,3.5,"3- B,S,C","sandy, melon, banana"
63,2017,3.5,"3- B,S,C","sandy, sweet, roasty"
64,2013,2.5,"4- B,S,C,L","sweet, moldy, off"
65,2013,3.0,"4- B,S,C,L","sandy, sweet, dairy, spice"
66,2013,3.25,"4- B,S,C,L","gritty, berry, mild bitter"
67,2013,3.0,"4- B,S,C,L","grit, sweet, caramel, fruit"
68,2013,3.25,"4- B,S,C,L","gritty, too sweet, fruit"
69,2016,2.75,"3- B,S,C","powdery, sweet, molasses"
70,2016,3.0,"3- B,S,C","dry, sweet, caramel"
71,2016,2.5,"3- B,S,C","sandy, sweet, pungent"
72,2016,2.5,"3- B,S,C","sandy, sweet, sour, off"
73,2016,2.75,"3- B,S,C","sandy, nutty, earthy, roasty"
74,2018,3.0,"3- B,S,C","sweet, coarse, nutty"
75,2007,3.5,"4- B,S,C,V","spice, nut, cocoa, fruit"
76,2007,3.0,"4- B,S,C,V","waxy, nutty, mint"
77,2007,3.75,"4- B,S,C,V","spicy, strawberry"
78,2008,2.75,"4- B,S,C,V","sticky, nutty, high acidity"
79,2009,3.0,"4- B,S,C,V","hot spice, roasty"
80,2010,3.75,"4- B,S,C,V","orange, cinamon"
81,2010,4.0,"4- B,S,C,V","strong spice, intense pepper"
82,2010,3.0,"4- B,S,C,V","woody, red berry, sour"
83,2011,4.0,"4- B,S,C,V","tart, lemon, smoke"
84,2009,3.0,"2- B,S","dry, chalky, fudge-like"
85,2009,2.75,"2- B,S","waxy mouthfeel, spicy"
86,2009,2.75,"2- B,S","fatty, mushroom, off notes"
87,2009,3.0,"2- B,S","roasty,oddly sweet,marshmallow"
88,2017,3.0,"3- B,S,C","raisins, pungent"
89,2017,3.5,"3- B,S,C","few grits, blackcherry, licorice"
90,2013,3.25,"3- B,S,C","oily, vanilla, melon, cocoa"
91,2013,3.5,"3- B,S,C","oily, vegetal, nutty, cocoa"
92,2015,3.0,"4- B,S,C,L","roasty, brownie, nutty"
93,2015,3.25,"2- B,S","fruity, sour"
94,2015,3.25,"2- B,S","high roast, high astringnet"
95,2015,3.25,"2- B,S","smokey, savory"
96,2015,3.25,"2- B,S","sandy, roasty, nutty"
97,2015,3.5,"2- B,S","rich, sour, mild smoke"
98,2006,3.75,"4- B,S,C,V","red wine, rich cocoa, long"
99,2007,3.0,"4- B,S,C,V","creamy, earthy, vegetal"
100,2007,3.0,"4- B,S,C,V","sandy, woody, spicy"
101,2007,3.5,"4- B,S,C,V",fruity with coffee notes
102,2007,3.75,"4- B,S,C,V","creamy, fruit, cocoa"
103,2007,3.5,"4- B,S,C,V","coffee, fruit, woodsy"
104,2007,3.5,"4- B,S,C,V","fatty, dairy, caramel, cocoa"
105,2012,3.75,"4- B,S,C,V","creamy, raspberry, nutty"
106,2018,3.0,"4- B,S,C,V","vanilla, mint, roasty"
107,2018,3.0,"4- B,S,C,V","vanilla, nuts, roasty"
108,2018,3.0,"4- B,S,C,V","nutty, mild roasty, vanilla"
109,2018,3.5,"4- B,S,C,V","sweet, delicate, complex"
110,2019,2.75,"3- B,S,C","nut, fatty, rubbery, rich"
111,2010,2.75,"4- B,S,C,L","creamy, red berry, bitter"
112,2010,3.75,"4- B,S,C,L","very sweet, bright red, banana"
113,2010,3.75,"4- B,S,C,L","roasty, fatty, nutty, coffee"
114,2010,4.0,"4- B,S,C,L","creamy, sweet,cocoa,banana"
115,2013,3.25,"4- B,S,C,L","grainy, sweet, poor aftertaste"
116,2014,3.0,"2- B,S","chalky, mild fruit, burnt"
117,2016,3.5,"2- B,S","light roast, caramel, cocoa"
118,2021,3.0,"2- B,S","burnt toast, cherry"
119,2021,3.25,"2- B,S","orange citrus, harsh earthiness"
120,2014,3.0,"3- B,S,C","sandy, fruity, short"
121,2014,2.5,"3- B,S,C","earthy, sour milk, leather"
122,2014,2.75,"3- B,S,C","bitter, floral, leather"
123,2014,3.0,"3- B,S,C","nutty, mild spice, mild earthy"
124,2015,3.5,"2- B,S","creamy, rich, rum, roasty"
125,2015,3.5,"2- B,S","floral, nutty, rich cocoa"
126,2015,3.75,"2- B,S","spicy, cocoa"
127,2015,3.5,"2- B,S","spicy, brownie, nutty"
128,2015,3.75,"2- B,S","floral, strawberry, metallic"
129,2015,4.0,"2- B,S","creamy,sticky, peanut butter"
130,2015,2.75,"2- B,S","floral, chemical off"
131,2015,3.25,"2- B,S","strawberry, butterscotch, off"
132,2015,3.5,"3- B,S,C","intense, floral, bourbon"
133,2016,3.5,"2- B,S","delicate, simple"
134,2016,3.75,"2- B,S","appealing smoke, woody"
135,2016,3.5,"3- B,S,C","cashew, roasty, chunky melt"
136,2016,3.25,"3- B,S,C","sticky, floral, roasty"
137,2016,3.25,"3- B,S,C","chewy, mild floral"
138,2016,3.5,"2- B,S","subtle, mysterious"
139,2016,3.75,"3- B,S,C","muddy, rich cocoa, raspberry"
140,2016,3.5,"2- B,S","nutty, green"
141,2016,4.0,"2- B,S","balanced, cherry, choco"
142,2016,4.0,"2- B,S","creamy, complex, balanced"
143,2016,3.25,"2- B,S","smoke, hammy, cocoa base"
144,2016,3.25,"2- B,S","earthy, nutty, cardboard"
145,2016,3.75,"2- B,S","dark berry, chocolatey"
146,2017,3.5,"2- B,S","slight roasty, basic cocoa"
147,2017,3.5,"3- B,S,C",sour fruit
148,2017,3.5,"3- B,S,C","rich cocoa, mild roasty"
149,2017,4.0,"2- B,S","creamy, bright fruit"
150,2017,3.5,"3- B,S,C","dried fruit, fig, anise"
151,2017,4.0,"2- B,S","long lasting, cocoa"
152,2018,3.0,"2- B,S","nuts, dried fruit, short"
153,2018,4.0,"2- B,S","smooth, nutty, cocoa"
154,2019,3.25,"3- B,S,C","herbs, mushroom, acidic"
155,2019,3.0,"3- B,S,C","burn butterscotch, rubbery"
156,2018,3.25,"2- B,S","melon, late hammy"
157,2018,3.5,"2- B,S","smooth, vegetal"
158,2018,3.5,"2- B,S","roasty, rich cocoa"
159,2018,3.0,"2- B,S","cocoa, earthy, hammy"
160,2008,3.75,"3- B,S,C","spicy, minty, vegetal"
161,2009,2.5,"3- B,S,C","oily, nutty, burnt, sour"
162,2009,2.75,"3- B,S,C","gritty, very smokey, sour"
163,2009,1.75,"3- B,S,C","cocoa, dominate off note"
164,2009,3.0,"3- B,S,C","sl. bitter, cherry, rich"
165,2009,3.0,"3- B,S,C","spicey, mild metallic"
166,2009,3.25,"3- B,S,C","spice, cocoa, short"
167,2010,1.75,"3- B,S,C","very nutty, very bitter"
168,2010,3.75,"3- B,S,C","grassy, black licorice, mint"
169,2010,3.25,"3- B,S,C","chewy, grassy, nutty"
170,2010,3.25,"3- B,S,C","unrefined, distinct spicey"
171,2010,3.5,"3- B,S,C",black pepper and banana
172,2011,4.0,"3- B,S,C","nuts, butterscotch, brownie"
173,2011,2.75,"3- B,S,C","blackpepper,chemical,rubber"
174,2012,3.75,"3- B,S,C","marshmallow, roasty, nutty"
175,2013,3.25,"3- B,S,C","gritty, nutty"
176,2013,2.75,"4- B,S,C,L","creamy, marshmallow, off"
177,2021,3.25,"4- B,S,C,L","cinamon, nutmeg, fatty"
178,2021,3.25,"4- B,S,C,L","strawberry, sour"
179,2021,3.5,"4- B,S,C,L","caramel, sour milk"
180,2007,2.5,"2- B,S","leather, black licorice, off"
181,2007,3.0,"2- B,S","smooth, astringent, cocoa"
182,2009,3.75,"2- B,S","strawberries, mild tart, roasty"
183,2011,3.75,"2- B,S","creamy, woody, cocoa"
184,2011,3.75,"2- B,S","grapes, woody, roasty"
185,2016,3.75,"3- B,S,C","creamy, rich, blueberry"
186,2019,3.0,"4- B,S,C,L","off aroma,vegetal,honey,sandy"
187,2018,2.75,"4- B,S,V,L","sandy, vanilla"
188,2018,3.0,"3- B,S,C","waxy, dried fruit"
189,2018,3.0,"3- B,S,C","sandy, roasty, nutty"
190,2018,3.5,"3- B,S,C","long, bright fruit, sweet, sour"
191,2021,2.5,"2- B,S","chemical, spice, earthy"
192,2021,3.0,"2- B,S","intense, sour tart plum, rubber"
193,2012,3.0,"2- B,S","unrefined, flat, grassy"
194,2012,2.5,"2- B,S","chalky, intense, chemical"
195,2012,2.5,"2- B,S","chalky, fragrant, then off"
196,2015,3.25,"2- B,S","coarse, smokey, metallic"
197,2015,3.5,"2- B,S","smoke, ham, papaya"
198,2018,3.0,"2- B,S","bland, sugary, large grits"
199,2015,2.75,"3- B,S,C","molasses, caramel, pungent"
200,2015,3.5,"3- B,S,C","black pepper, cardamom"
201,2019,2.5,"3- B,S,C","gritty, fatty, sour, off"
202,2019,2.75,"3- B,S,C","bitter, fatty, mild fruit"
203,2019,3.25,"3- B,S,C","base cocoa, mild fruit, roasty"
204,2012,3.25,"2- B,S","complex,black pepper,coffee"
205,2012,3.5,"2- B,S","molasses,toffee,coffee grounds"
206,2012,3.75,"2- B,S","raspberry, mild sour"
207,2014,4.0,"2- B,S","creamy, rounded, orange"
208,2015,3.5,"2- B,S","intense, smokey, dried fruit"
209,2017,3.5,"2- B,S","slightly dry, cocoa, berry"
210,2017,3.5,"2- B,S","intense, tangy, alcohol"
211,2012,2.75,"4- B,S,C,V","gritty, floral, vanilla"
212,2022,3.25,"3- B,S,C","sweet, honey, earthy, cocoa"
213,2016,3.5,"3- B,S,C","creamy, sweet, fudgey"
214,2016,3.75,"3- B,S,C","strawberry, candy flavor"
215,2016,3.25,"3- B,S,C","sandy, floral, sweet"
216,2019,2.25,"4- B,S,C,V","strong vanilla, off notes"
217,2017,3.0,"3- B,S,C","caramel, spice, earthy"
218,2017,3.25,"3- B,S,C","smokey, woody, tobacco"
219,2016,2.75,"3- B,S,C","intense, bitter, dry"
220,2016,2.75,"3- B,S,C","sandy, sweet, molasses"
221,2016,2.75,"3- B,S,C","intense, floral, black pepper"
222,2016,2.75,"3- B,S,C","intense floral, bitter, earthy"
223,2010,2.75,"4- B,S,C,L","pastey, nutty"
224,2010,2.75,"4- B,S,C,L","intense, smokey"
225,2010,2.75,"4- B,S,C,L","sticky, moss, nuts"
226,2010,3.5,"4- B,S,C,L","dry, cinamon, nutmeg"
227,2016,3.5,"3- B,S,C","sticky, delicate, melon"
228,2016,3.25,"3- B,S,C","oily, complex, pungent"
229,2016,3.5,"2- B,S","caramel, mild dried fruit"
230,2018,3.25,"3- B,S,C","high acidity, nutty, roasty"
231,2021,3.75,"3- B,S,C",dominate cocoa notes
232,2016,2.75,"3- B,S,C","unbalanced, tangy, pungent"
233,2016,3.0,"3- B,S,C","sweet, nibby, green"
234,2016,3.5,"3- B,S,C","balanced, complex, berry"
235,2018,3.0,"4- B,S,C,L","gummy, roasty, fatty"
236,2018,3.0,"4- B,S,C,L","gummy, fatty, sour"
237,2018,3.0,"4- B,S,C,L","off aroma, smokey, off note"
238,2011,4.0,"3- B,S,C","smokey, raspberries, cocoa"
239,2011,3.75,"3- B,S,C","intense,red berry,strawberry"
240,2013,3.5,"3- B,S,C","tobacco, dairy, sour"
241,2013,3.5,"3- B,S,C","nutty, roasty, dairy"
242,2013,3.5,"3- B,S,C","mocha, intense, sweet"
243,2013,4.0,"3- B,S,C",cinamon and nutmeg
244,2022,3.5,"4- B,S,C,L","floral, melon, spicy"
245,2022,3.0,"4- B,S,C,L","delicate, nutty, caramel, sl. Off"
246,2012,2.75,"5- B,S,C,V,L","sweet, vanilla, cocoa"
247,2010,3.25,"3- B,S,C","creamy, macadamia, pepper"
248,2010,3.25,"3- B,S,C","nutty, light toffee, mild musty"
249,2010,3.5,"3- B,S,C","ham-like, smokey, banana"
250,2010,3.5,"3- B,S,C","dark cocoa, spicy pepper"
251,2011,3.0,"3- B,S,C","chunky, nutty, banana"
252,2011,3.0,"3- B,S,C","bitter then nutty rustic, earthy"
253,2011,3.5,"3- B,S,C","creamy, banana, rich"
254,2011,4.0,"3- B,S,C","creamy, nutty, cocoa"
255,2015,2.5,"2- B,S","bitter, molasses, flour"
256,2015,2.5,"2- B,S","molasses, metallic, earthy"
257,2015,2.5,"4- B,S,C,V","sour, tart, molasses"
258,2015,3.25,"4- B,S,C,V","mild bitter, diluted, vanilla"
259,2018,3.5,"4- B,S,C,L","smooth texture, earthy, nutty"
260,2018,3.0,"4- B,S,C,L","gritty, spicy, earthy"
261,2018,3.0,"4- B,S,C,L","fatty, bland, nutty"
262,2008,3.0,"2- B,S","rich cocoa, red berry, sour"
263,2008,3.5,"2- B,S","intense, rum, tea"
264,2008,3.75,"2- B,S","nutty, astringent"
265,2008,3.0,"2- B,S","nutmeg, sour"
266,2009,3.0,"2- B,S","chalky, strong, harsh smoke"
267,2009,3.5,"2- B,S","intense marshmallow, cocoa"
268,2009,3.25,"2- B,S","rustic, red berry, woody"
269,2009,3.5,"2- B,S",chocolate covered cherries
270,2010,3.25,"2- B,S","dry, cardamom, medicinal"
271,2010,3.75,"2- B,S","robust, cocoa, fruity"
272,2010,2.75,"2- B,S","pastey, off spicey, nutty"
273,2010,3.0,"2- B,S","red berry, strong wine, sour"
274,2010,3.0,"2- B,S","nutty, mild bitter"
275,2012,3.5,"3- B,S,C","roasted nuts, rich, roasty"
276,2018,3.0,"2- B,S","floral, molasses, chemical"
277,2018,3.0,"2- B,S","molasses, earthy, spicy"
278,2018,3.25,"2- B,S","sweet, sour milk"
279,2019,2.75,"2- B,S","off, rubbery, burnt molasses"
280,2008,2.75,"3- B,S,C","unrefined, fruity"
281,2008,2.75,"3- B,S,C","sweet grass, muted spice"
282,2008,3.0,"3- B,S,C","rich, leather, woodsy"
283,2021,3.75,"4- B,S,C,L","bright fruit, crisp nibs, cocoa"
284,2014,2.75,"4- B,S,C,L","fatty, nutty"
285,2021,3.25,"3- B,S,C","burnt caramel, cocoa, floral"
286,2021,3.25,"3- B,S,C",honey with subtle tobacco
287,2009,2.75,"4- B,S,C,V","oily, flat, woody, sour"
288,2013,3.5,"4- B,S,C,V","complex, fruity, mild bitter"
289,2012,3.5,"3- B,S,C","chewy, complex,black pepper"
290,2012,3.75,"3- B,S,C","gritty, tart red berry,powerful"
291,2016,3.5,"2- B,S","sandy, tart, sour, sweet"
292,2016,2.75,"2- B,S","roasty, coffee, earthy"
293,2016,3.5,"2- B,S","bready, melon"
294,2016,3.0,"2- B,S","astringent, sour, coffee"
295,2017,2.75,"3- B,S,C",pungent off flavor
296,2019,2.5,"2- B,S","sweet, dirty, off notes"
297,2019,2.75,"2- B,S","sweet, fruit, chemical off note"
298,2019,3.25,"2- B,S","grassy, savory, sour"
299,2006,3.75,"3- B,S,C","spice, woodsy, long lasting"
300,2006,3.75,"3- B,S,C","sandy, creamy, berry"
301,2006,4.0,"3- B,S,C","creamy, fatty, floral"
302,2006,3.75,"3- B,S,C","mellow, tart, coffee"
303,2006,1.5,"3- B,S,C","acidic, bitter, dry"
304,2006,3.0,"3- B,S,C","vegetal, dominant tobacco"
305,2006,4.0,"3- B,S,C","creamy, coconut, tang"
306,2007,2.5,"3- B,S,C","dry, floral, bitter"
307,2008,4.0,"3- B,S,C","creamy, strawberry, nutty"
308,2009,3.0,"3- B,S,C","oily, intense cocoa, sl. Burnt"
309,2009,2.75,"3- B,S,C","flat, bread, earthy"
310,2009,3.0,"3- B,S,C","mild bitter, nut, possible mold"
311,2009,3.0,"3- B,S,C","fatty, roasty, earthy"
312,2011,3.5,"3- B,S,C","fatty, raisin, grape"
313,2011,3.5,"3- B,S,C","roasty, woody, mint"
314,2011,3.5,"3- B,S,C","creamy, cocoa, smokey"
315,2011,3.75,"3- B,S,C","chunky, very grassy, mild mint"
316,2011,4.0,"3- B,S,C","grassy, black pepper"
317,2011,4.0,"3- B,S,C","fatty, spicy, gentle roast"
318,2011,3.5,"3- B,S,C","oily,fatty, rich, nutty"
319,2011,3.25,"3- B,S,C","oily, creamy, woody"
320,2013,3.5,"3- B,S,C","oily, roasted nuts, rich cocoa"
321,2013,3.25,"3- B,S,C","fatty, roasty, black pepper"
322,2014,4.0,"3- B,S,C","creamy, homey, nutty"
323,2014,3.25,"3- B,S,C","roasty, tobacco, earthy"
324,2014,3.75,"3- B,S,C","complex, brownie,mint, spice"
325,2016,3.5,"3- B,S,C","heavy roast, fatty, gateway"
326,2018,4.0,"3- B,S,C","oily, subtle, mild coffee"
327,2018,4.0,"3- B,S,C","creamy, rich, complex"
328,2021,3.75,"3- B,S,C","bold, woody, nut, roasty, creamy"
329,2009,3.25,"2- B,S","sticky, lavendar, molasses"
330,2009,1.5,"3- B,S,C","cardboard, very bitter, floral"
331,2014,2.75,"3- B,S,C","sandy, vanilla, candy-like"
332,2014,2.75,"3- B,S,C","gritty, sweet, mild coffee"
333,2018,4.0,"3- B,S,C","nuts, fruit"
334,2018,3.75,"3- B,S,C","sweet, rich mocha, acidic"
335,2018,3.5,"3- B,S,C","balanced, floral, honey"
336,2021,3.0,"3- B,S,C","very sweet, melon, caramel"
337,2013,3.0,"5- B,S,C,V,L","oily, vanilla, caramel, dairy"
338,2013,3.25,"5- B,S,C,V,L","intense, alocohol, floral"
339,2013,3.5,"5- B,S,C,V,L","fatty, brownie, nutty"
340,2013,3.5,"5- B,S,C,V,L","intense, cooked banana"
341,2014,3.75,"3- B,S,C","intense, cocoa, complex"
342,2014,4.0,"3- B,S,C","intense, raisins, roasty"
343,2015,3.75,"3- B,S,C","complex, brownie, lime, rich"
344,2016,3.5,"3- B,S,C","nutty, slight hammy, rich"
345,2016,3.75,"3- B,S,C","simple, rich cocoa"
346,2017,3.25,"3- B,S,C","earthy, cherries"
347,2017,3.75,"3- B,S,C","sandy, floral, honey"
348,2015,3.0,"3- B,S,C","roasty, sweet, brownie"
349,2015,3.25,"3- B,S,C","bitter, dark berry, fatty"
350,2015,3.5,"2- B,S","tart, tea, leather, sour"
351,2015,2.75,"3- B,S,C","bitter, tart, acidic"
352,2015,3.25,"3- B,S,C","mild smoke, raisins, coffee"
353,2015,3.25,"3- B,S,C","citrus, sweet, cocoa"
354,2013,3.0,"4- B,S,C,V","chalky, sandy, tart, bland"
355,2014,3.0,"3- B,S,C","sweet, mild molasses, bland"
356,2014,3.5,"3- B,S,C","spicy, black pepper, banana"
357,2014,3.5,"3- B,S,C","floral, banana"
358,2014,2.75,"3- B,S,C","fatty, sweet, metallic"
359,2015,3.25,"2- B,S","powdery, floral, molasses"
360,2013,2.75,"3- B,S,C","gritty, sweet, brownie"
361,2018,2.5,"3- B,S,C","dirt, earthy, floral"
362,2018,3.0,"3- B,S,C",roasty and under refined
363,2014,3.25,"3- B,S,C","high roast, coffee, spicy"
364,2014,3.5,"3- B,S,C","floral, mild citrus, orange"
365,2014,3.25,"3- B,S,C","roasty, fruit, mild metallic"
366,2014,3.25,"3- B,S,C","coffee, high roast, spicy"
367,2014,2.5,"3- B,S,C","sweet, sour dairy"
368,2019,3.0,"2- B,S","smokey, sour"
369,2019,3.25,"2- B,S*","molasses, sour notes"
370,2019,3.5,"2- B,S*",base cocoa w/ palm notes
371,2019,3.5,"4- B,S,C,L","vegetal, unique"
372,2019,3.75,"4- B,S,C,L",subtle but refreshing
373,2019,3.0,"4- B,S,C,L","off pungent, grassy, melon"
374,2015,2.5,"2- B,S","dirt, floral, sweet"
375,2010,2.5,"2- B,S","oily, buttery, intense"
376,2010,2.75,"2- B,S","creamy, burnt wood"
377,2010,2.25,"2- B,S","over roasted, bitter, nutty"
378,2014,2.5,"2- B,S","roasty, almost burnt, intense"
379,2007,2.0,"5- B,S,C,V,L","sandy, dairy, cocoa"
380,2007,3.0,"5- B,S,C,V,L","creamy, woody, cocoa"
381,2008,2.0,"5- B,S,C,V,L","dry, flat flavor, astringent"
382,2010,3.0,"5- B,S,C,V,L","spice, fruit medley, roasty"
383,2016,3.5,"5- B,S,C,V,L","gritty, sweet, citrus"
384,2018,2.5,"2- B,S","light color, dirty, musty"
385,2018,3.75,"2- B,S","light color, creamy, hazelnut"
386,2018,3.0,"2- B,S","light color, dirty, astringent"
387,2014,2.5,"2- B,S","intense, earthy, fuel"
388,2014,3.25,"2- B,S","nutty, intense, leathery"
389,2014,3.5,"2- B,S","bright fruit, strawberry"
390,2014,3.75,"2- B,S","fruity, nutty, brownie"
391,2015,3.25,"2- B,S","intense, black licorice, nutty"
392,2015,3.5,"2- B,S","assertive, fruity, acidic"
393,2015,3.25,"2- B,S","spicy, nutty, ends sour"
394,2018,2.75,"2- B,S","sandy, chalky, earthy"
395,2019,2.5,"2- B,S","high astringent, sandy, grass"
396,2019,3.0,"2- B,S","raspberry, dirty, sour"
397,2018,3.0,"2- B,S","poor texture, earthy"
398,2014,3.5,"4- B,S,C,L","intense, marshmallow, fruit"
399,2014,3.5,"4- B,S,C,L","earthy, woody, smoke"
400,2014,2.75,"4- B,S,C,L","green, vegetal, soil, fuel"
401,2014,3.25,"4- B,S,C,L","intense, spice"
402,2015,3.75,"3- B,S,C","rich, nutty, acidic"
403,2016,3.75,"3- B,S,C","distinct, short, dried fruit"
404,2016,3.75,"3- B,S,C","mild cocoa, astringent"
405,2016,3.5,"4- B,S,C,L","deep cocoa, fatty, dairy"
406,2011,3.0,"2- B,S","rustic, sweet, one dimensional"
407,2011,3.75,"2- B,S","creamy,blueberry,black pepper"
408,2011,3.25,"2- B,S","rustic, gritty, sweet, fruit"
409,2012,3.75,"2- B,S","oily, cherry, rich cocoa"
410,2009,4.0,"4- B,S,C,L",distinct lemon
411,2009,4.0,"4- B,S,C,L","creamy, nutty, banana, rich"
412,2010,3.5,"4- B,S,C,L","creamy, earthy, dark roast"
413,2010,3.75,"4- B,S,C,L","creamy, mild spice, hazelnut"
414,2010,4.0,"4- B,S,C,L","creamy, mild spice, cocoa"
415,2010,3.25,"4- B,S,C,L","silky, ""Andes"" mint, off nutty"
416,2010,3.5,"4- B,S,C,L","gritty, fudge-like, nutty"
417,2010,3.5,"4- B,S,C,L","intense, roasty, rich cocoa"
418,2016,3.5,"4- B,S,C,L","rich, cherries, acidic"
419,2020,2.75,"4- B,S,C,V","cocoa butter dominates, cocoa"
420,2020,2.75,"4- B,S,C,V","intense,sweet,vanilla dominate"
421,2020,3.0,"4- B,S,C,V","cocoa base, sweet, earthy"
422,2015,3.0,"2- B,S","sour milk, off, late tart"
423,2015,3.25,"2- B,S","dried fruit, sour, nutella"
424,2015,3.5,"2- B,S","balanced, dairy, spicy"
425,2018,3.0,"3- B,S,C","high astringent, earthy"
426,2018,3.25,"3- B,S,C","creamy, complex, astingent"
427,2018,3.5,"3- B,S,C","floral, rum"
428,2021,3.5,"2- B,S","herbal, cocoa tea"
429,2021,4.0,"2- B,S",chocolate and grapes
430,2021,3.5,"2- B,S","complex, floral, spicy, fruit"
431,2021,3.5,"2- B,S","smooth, slow, mild grape"
432,2008,3.5,"4- B,S,C,L","sandy, sweet, bold citrus"
433,2008,3.5,"4- B,S,C,L","dry, spicy, fruity"
434,2008,2.5,"4- B,S,C,L","cloying, fatty, bitter"
435,2008,1.5,"4- B,S,C,L","klingy, hint of fruit, very bitter"
436,2007,1.0,"3- B,S,C","bitter, cocoa"
437,2008,2.75,"3- B,S,C","sweet, metallic, vanilla"
438,2011,2.25,"2- B,S",burnt up front
439,2011,2.5,"2- B,S","burnt coffee, fatty"
440,2012,3.0,"2- B,S","nutty, ashey, coffee"
441,2013,3.5,1- B,"fatty, controlled bitter, fruit"
442,2014,2.5,"2- B,S","intense, ashey, earthen"
443,2014,3.0,"2- B,S","intense, fatty, brownie"
444,2014,3.5,"2- B,S","oily surface, berry, cream"
445,2016,2.5,"3- B,S,C","nutty, burnt, fuel"
446,2016,2.75,"3- B,S,C","sweet, acidic, fatty"
447,2016,3.0,"3- B,S,C",strong nutty with off notes
448,2016,3.0,"3- B,S,C","sandy, bold, cherry"
449,2016,3.25,"3- B,S,C","dairy, chocolate, mild fruit"
450,2021,3.25,"4- B,S,C,L","spice, oats, nutty, fatty"
451,2021,3.25,"4- B,S,C,L","spice, honey, fatty"
452,2021,3.5,"4- B,S,C,L","single note of cocoa, fatty"
453,2021,3.75,"4- B,S,C,L","cocoa base, fruit, creamy"
454,2008,2.0,"4- B,S,C,L","grainy, intense, bitter"
455,2008,2.5,"4- B,S,C,L","perfume, chemical off note"
456,2008,2.75,"4- B,S,C,L","crumbly, cinamon"
457,2008,3.0,"4- B,S,C,L","sweet, floral, yogurt"
458,2008,3.25,"4- B,S,C,L","sticky, sweet, grassy"
459,2008,3.5,"4- B,S,C,L","sandy, sweet, spicy"
460,2014,3.5,"3- B,S,C","mild smoke, melon"
461,2014,3.75,"3- B,S,C","tart, malt, mild smoke"
462,2021,3.0,"3- B,S,C","burnt blueberry, off"
463,2021,3.25,"3- B,S,C","unusually tart, nutty"
464,2021,3.25,"3- B,S,C","intense, cooked black licorice"
465,2021,3.25,"3- B,S,C","strong tobacco, grassy"
466,2012,3.0,"2- B,S","fatty, woody, coffee"
467,2012,2.75,"2- B,S","fatty, fruit, muted"
468,2015,3.5,"3- B,S,C","woody, spicy, tobacco"
469,2015,3.25,"2- B,S","floral, earthy, acidic"
470,2015,3.5,"2- B,S","acidic, astringent, spicy"
471,2016,3.0,"3- B,S,C","sweet, marshmallow"
472,2016,3.25,"3- B,S,C","nutty, grain, late choco"
473,2016,3.25,"3- B,S,C","mild smoke, sweet edge"
474,2016,3.5,"3- B,S,C","overly sweet, mild spice"
475,2016,3.5,"3- B,S,C","sweet, grassy, nutty"
476,2018,2.0,"2- B,S","off notes, vanilla"
477,2019,3.0,"2- B,S","sandy, intense, sweet, rich"
478,2019,3.25,"2- B,S","molasses, rich, vegetal"
479,2013,3.0,"3- B,S,C","sandy, tobacco, molasses"
480,2013,3.5,"2- B,S","sandy, mild intensity, fruit"
481,2013,2.5,"3- B,S,C","sandy, fruity, acidic, metallic"
482,2013,3.25,"3- B,S,C","sandy, nutty, cocoa"
483,2013,3.25,"3- B,S,C","sandy, molasses, spice"
484,2013,2.75,"3- B,S,C","molasses, cocoa"
485,2013,3.0,"3- B,S,C",mild metallic and spice
486,2014,3.5,"3- B,S,C","caramel, molasses, fruit"
487,2014,3.5,"3- B,S,C","caramel, sweet, delicate"
488,2014,2.75,"3- B,S,C","soapy, earthy"
489,2015,3.5,"3- B,S,C","roasty, black pepper, nutty"
490,2015,3.75,"3- B,S,C","med roast, grassy, dried fruit"
491,2015,3.5,"3- B,S,C","nutty, floral, roasty"
492,2016,4.0,"3- B,S,C","bright fruit, molasses, nutty"
493,2017,3.25,"2- B,S","nutty, roasty, caramel"
494,2019,3.75,"3- B,S,C","smooth, caramel, dried fruit"
495,2019,3.5,"3- B,S,C","smooth, mellow, floral"
496,2021,4.0,"3- B,S,C","complex, strawberry, floral"
497,2021,4.0,"3- B,S,C","mild strawberry, cocoa, acidic"
498,2022,3.0,"3- B,S,C","bitter, fatty, woodsy"
499,2022,2.75,"3- B,S,C","tart, bitter, astringent"
500,2022,2.5,"3- B,S,C","grassy, fatty, bittersweet"
501,2014,2.5,"3- B,S,C","burnt rubber, leather"
502,2014,2.75,"3- B,S,C","mild fruit, off notes"
503,2014,2.75,"3- B,S,C","nutty, roasty, smokey"
504,2014,3.0,"3- B,S,C","creamy, woody, slight cherry"
505,2009,2.75,"3- B,S,C","sticky, mild mint, bitter"
506,2014,2.75,"3- B,S,C","sandy, roasty, coffee"
507,2021,3.0,"3- B,S,C","cherry, sour milk, brownie"
508,2021,3.0,"3- B,S,C","vanilla, sour, bubblegum"
509,2021,3.25,"3- B,S,C","dominate grape, plastic off note"
510,2017,3.0,"2- B,S","dark roast, rich cocoa"
511,2018,3.5,"3- B,S,C","butter, roasty, cocoa, nutty"
512,2016,3.25,"3- B,S,C","slightly metallic, woody, berry"
513,2008,3.0,"3- B,S,C","dry, sandy, cocoa"
514,2010,2.75,"3- B,S,C","very sweet, very spicey"
515,2014,3.5,"3- B,S,C","green, leafy"
516,2018,3.0,"3- B,S,C","spicy, chocolatey, atypical"
517,2019,3.5,"3- B,S,C","sl. chalky, floral, pure"
518,2021,3.25,"3- B,S,C","early fruit, earthy, alcohol"
519,2021,3.25,"3- B,S,C","dried fruit, banana, sweet, vanilla"
520,2011,3.5,"3- B,S,C","cocoa, subtle peanut butter"
521,2015,3.25,"3- B,S,C","floral, earthy"
522,2014,3.0,"2- B,S","bland, mild choco & leather"
523,2014,3.25,"2- B,S","powdery, bland, mild choco"
524,2015,2.75,"2- B,S","roasty, sour milk, off note"
525,2015,3.5,"2- B,S","high roast, banana raspberry"
526,2019,2.5,"3- B,S,C","grassy, rubbery"
527,2019,3.25,"3- B,S,C","chunky, spicy, rubbery"
528,2015,2.5,"2- B,S","flat, metallic, floral"
529,2015,2.75,"2- B,S","flat, floral, medicinal"
530,2015,2.5,"2- B,S","spicy, earthy off notes"
531,2019,3.0,"2- B,S","sugar dominates, molasses"
532,2011,3.75,"2- B,S","mild, fruity then nutty"
533,2011,3.75,"2- B,S","mild, earthy, grassy"
534,2016,2.5,"2- B,S*","sticky, bitter, molasses, tart"
535,2016,2.5,"2- B,S*","sticky, coconut, sour, bitter"
536,2016,2.5,"2- B,S","gritty, molasses, earthy"
537,2016,2.75,"2- B,S","roasty, cocoa, molasses"
538,2016,3.0,"2- B,S","gritty, sweet, molasses"
539,2016,3.0,"2- B,S","sandy, rich, roasty, earthy"
540,2016,3.0,"2- B,S","gritty, nutty, caramel"
541,2016,3.25,"2- B,S","molasses, tart, floral"
542,2016,2.75,"2- B,S","nutty, roasty, bitter"
543,2014,2.75,"3- B,S*,C","unrefined, odd, vegetal"
544,2015,3.25,"3- B,S,C","earthy, coffee, mild, tang"
545,2015,3.5,"3- B,S,C","bold, rich cocoa, coffee"
546,2015,3.75,"3- B,S,C","nuts, coffee, peanut butter"
547,2012,2.5,"3- B,S,C","sandy, fruity, burnt"
548,2012,2.75,"3- B,S,C","sandy, sweet, cocoa"
549,2012,3.25,"3- B,S,C","tart, bright fruit, sour coffee"
550,2013,3.75,"2- B,S","intense orange, floral notes"
551,2015,3.75,"3- B,S,C","floral, orange, cocoa"
552,2015,3.75,"2- B,S","mild bitter, fruit, spice"
553,2021,2.75,"3- B,S,C","nutty, mild dried fruit, sandy, off"
554,2018,3.25,"3- B,S,C","spicy, banana"
555,2019,3.0,"3- B,S,C","nutty, honey, grassy"
556,2014,2.5,"4- B,S,C,V","fatty, vanilla, mass market"
557,2018,2.5,"3- B,S,C","sandy, tart, ham, sweet"
558,2018,2.75,"2- B,S","high astringent, fruit, roasty"
559,2018,2.75,"2- B,S","sandy, sweet"
560,2015,3.0,"3- B,S,C","coarse, vegetal, nibby"
561,2011,3.25,"3- B,S,C","rustic,sweet, brownie, banana"
562,2016,3.25,"3- B,S,C","grainy, sweet, whole bean"
563,2021,3.25,"2- B,S","melon, mild spice, cocoa"
564,2021,3.5,"2- B,S",full flavor w/ dominant roast
565,2021,3.25,"2- B,S","hazelnut, bold, strong roast"
566,2007,2.5,"4- B,S,C,L","earthy, floral, mild bitter"
567,2007,2.5,"4- B,S,C,L","sweet, cardboard"
568,2007,3.0,"4- B,S,C,L","sweet, marshmallow"
569,2008,3.5,"4- B,S,C,L","long lasting, cocoa base"
570,2009,3.25,"4- B,S,C,L","chewy, fudge-like, perfume"
571,2009,3.25,"4- B,S,C,L","oily, grassy, minty"
572,2010,3.25,"4- B,S,C,L","earthy, sweet"
573,2010,3.5,"4- B,S,C,L","spicey, cocoa"
574,2015,2.5,"2- B,S","coarse, sweet, sour, leathery"
575,2015,2.5,"2- B,S","gritty, mild bitter, off notes"
576,2009,2.5,"4- B,S,C,V","dry, ashey, medicinal"
577,2009,2.75,"4- B,S,C,V","fatty, cigarette butt, coffee"
578,2009,3.0,"4- B,S,C,V","oily, muted, fruity"
579,2009,3.0,"4- B,S,C,V","roasty, tart, slight burnt"
580,2009,3.0,"4- B,S,C,V","slow, fatty, subdued, nutty"
581,2020,3.75,"2- B,S","mild lemon, cocoa, crisp nibs"
582,2020,4.0,"2- B,S","cherry, perfectly balanced roast"
583,2020,3.5,"2- B,S","rich, raisiny, molasses"
584,2020,3.75,"2- B,S","fruity, honey, cocoa, roasty"
585,2021,3.5,"2- B,S","roasty, cocoa, sandy, coffee AT"
586,2021,3.75,"2- B,S","hint of lemon, classic brownie"
587,2013,2.75,"4- B,S,V,L","gritty, sweet, hot cocoa"
588,2018,2.75,"2- B,S","sweet, sandy, spicy"
589,2018,3.75,"3- B,S,C","bold, spice, hit of anise"
590,2019,3.75,"3- B,S,C","smooth, spicy, cocoa"
591,2019,3.25,"3- B,S,C","cocoa, woody, basic"
592,2019,3.5,"3- B,S,C","rich cocoa, floral, acidic"
593,2019,3.5,"3- B,S,C","basic cocoa,mild fruit, sweet"
594,2019,4.0,"3- B,S,C","creamy, dried fruit, nutty"
595,2019,3.0,"3- B,S,C","roasty, hammy, nutty"
596,2011,3.75,"3- B,S,C","oily, citrus, orange"
597,2009,3.0,"5- B,S,C,V,L","sweet, peanut butter"
598,2010,2.75,"3- B,S,C","red berry, bitter, roasty, sour"
599,2008,3.0,"3- B,S,C","bitter, light lime, sour"
600,2008,3.75,"3- B,S,C","dry, sandy, cocoa, coffee"
601,2008,1.0,"3- B,S,C","chalky, musty, very bitter"
602,2010,3.75,"2- B,S","short,mild cocoa, mild fruit"
603,2021,3.5,"3- B,S,C","spice, earthy, honey, sour"
604,2021,3.5,"3- B,S,C","blueberry, sweet edge, pure"
605,2015,3.5,"2- B,S","creamy, floral, bourbon"
606,2020,3.5,"3- B,S,C","balanced, anise, creamy"
607,2019,2.25,"4- B,S,C,V","raw, dirty, metallic, dry"
608,2021,3.0,"3- B,S,C","molasses, dried fruit, tart, off"
609,2021,3.25,"2- B,S","Rich cocoa, tart, papery"
610,2021,3.25,"3- B,S,C","sweet, cocoa, cardboard off"
611,2008,2.75,"3- B,S,C","very sour, mildly bitter"
612,2008,3.25,"3- B,S,C","dry, coffee, sour"
613,2008,3.75,"3- B,S,C","minty, nutty, nutmeg"
614,2008,2.75,"3- B,S,C","slightly burnt, mildly bitter"
615,2010,3.25,"3- B,S,C",cocoa then roasted nut
616,2015,3.5,"2- B,S","bold, roasty, sticky, brownie"
617,2016,2.75,"2- B,S","woody, nutty, off sour note"
618,2021,3.25,"3- B,S,C","spicy, vanilla, sweet, cocoa"
619,2021,2.5,"3- B,S,C","cocoa, grass, off notes"
620,2021,2.5,"3- B,S,C","off, harsh, dirty, chemical"
621,2021,3.5,"3- B,S,C","cocoa, mild fruit"
622,2007,3.0,"3- B,S,C","creamy, woodsy, cocoa"
623,2008,3.0,"3- B,S,C","intense, tangy, berry, sour"
624,2008,3.0,"3- B,S,C","lemon, sour, slight metallic"
625,2009,3.0,"3- B,S,C","creamy, buttery, non descript"
626,2009,3.25,"3- B,S,C","woodsy, nutty"
627,2009,3.5,"3- B,S,C","slow, less intense berry, nutty"
628,2009,3.75,"3- B,S,C","dark berry, winey"
629,2010,3.25,"3- B,S,C",coffee and cocoa
630,2010,3.0,"3- B,S,C","fruity, bland"
631,2010,2.5,"3- B,S,C","harsh aroma, melon floral,off"
632,2010,3.0,"3- B,S,C","dry, spicy, woody"
633,2010,3.25,"3- B,S,C","oily, fatty, rum"
634,2010,3.25,"3- B,S,C","oily, coffee"
635,2012,3.5,"3- B,S,C","silky, minty"
636,2012,1.5,"3- B,S,C",high intensity bitter
637,2012,3.75,"3- B,S,C","creamy, nutty, cocoa"
638,2012,3.5,"3- B,S,C","sandy, sweet, tart red berry"
639,2013,3.25,"4- B,S,C,L","oily, fragrant, spciy"
640,2017,3.75,"3- B,S,C","oily, rich cocoa, nutty"
641,2006,1.0,"3- B,S,C",this is not chocolate
642,2012,3.25,"3- B,S,C","spice, roasty, off fatty note"
643,2012,3.25,"3- B,S,C","sandy, sweet, smokey"
644,2012,3.25,"3- B,S,C","acidic, sweet, cucumber"
645,2012,3.25,"3- B,S,C","sandy, sweet, spicy, roasty"
646,2012,3.5,"3- B,S,C","sandy, sweet, nutty"
647,2014,2.5,"3- B,S,C","true to sugar, molasses"
648,2014,2.75,"3- B,S,C",banana nut
649,2016,3.25,"3- B,S,C","oily, mild bitter, nutty, fruit"
650,2016,3.75,"3- B,S,C","creamy, complex, fruity"
651,2020,3.25,"2- B,S","deep cherry, earthy, rubbery"
652,2020,3.25,"2- B,S","nutty, citrus"
653,2020,3.5,"2- B,S","banana, spicy, grassy"
654,2020,3.25,"2- B,S","bold, black tea, floral, banana"
655,2021,3.75,"2- B,S","sticky, cocoa, honey"
656,2022,3.5,"2- B,S","sticky, mild molasses, mango"
657,2022,3.5,"2- B,S","mild molasses, creamy, caramel"
658,2022,3.0,"2- B,S","floral, mild molasses, astringent"
659,2020,3.5,"3- B,S,C",rich malt
660,2020,3.5,"3- B,S,C","raspberry, cocoa"
661,2020,3.25,"3- B,S,C","sandy, sweet, basic cocoa base"
662,2020,3.5,"3- B,S,C","raisins, honey, molassses"
663,2021,3.75,"2- B,S","deep cocoa, fruit, melon"
664,2011,3.25,"5- B,S,C,V,L","vanilla, banana, citrus"
665,2015,2.75,"3- B,S,C","sandy, candy like vanilla, off"
666,2017,2.75,"2- B,S","hammy, sour, astringent"
667,2015,3.0,"3- B,S,C","floral, sour, synthetic, off"
668,2015,3.5,"3- B,S,C","floral, banana"
669,2015,2.25,"3- B,S,C","off, pungent, intense"
670,2015,2.75,"3- B,S,C","oily, grapes, pungent"
671,2018,2.5,"4- B,S,C,L","sweet, vinegar"
672,2021,2.5,"4- B,S,C,L","harsh woody/green, cocoa base"
673,2021,3.0,"4- B,S,C,L","fresh fruit, sour cherry, roasty"
674,2021,3.5,"4- B,S,C,L","raisiny, slight anise, roasty"
675,2012,3.0,"2- B,S","dried fruit, tannic"
676,2012,3.25,"2- B,S","grassy, green, candy spice"
677,2012,3.75,"2- B,S","spicy, fudgey"
678,2013,2.75,"2- B,S","acidic, sour, cocoa"
679,2013,3.25,"2- B,S","licorice, sour, rich cocoa"
680,2013,3.5,"2- B,S","roasty, oreo shell, coffee"
681,2013,3.5,"2- B,S","mild smoke, raspberry,cocoa"
682,2014,3.5,"2- B,S","heavy roast, blackberry"
683,2014,3.5,"2- B,S","gummy, nutty, bourbon"
684,2014,2.75,"2- B,S","roasty, spicy, nutty"
685,2014,3.75,"2- B,S","cherry, rich choco"
686,2015,3.0,"2- B,S","intense, roasty, coffee, raisin"
687,2016,3.75,"2- B,S","cherry, rich choco"
688,2017,3.0,"2- B,S","cocoa, sour, toffee, earthy"
689,2018,3.0,"2- B,S","vegetal, high astringency"
690,2018,3.25,"2- B,S","nutty, moderate acidity"
691,2018,3.5,"2- B,S","ripe orange, citrus"
692,2019,3.5,"2- B,S","green apple, sticky"
693,2021,3.5,"2- B,S","dairy, honey, cocoa"
694,2021,4.0,"2- B,S",distinct choco and graham
695,2021,3.25,"2- B,S","grape, pungent"
696,2021,3.5,"2- B,S","faint fruit, basic fudgey"
697,2021,2.75,"2- B,S","pungent, woody, choco pudding"
698,2021,2.75,"2- B,S","pungent, sour, tart, intense"
699,2021,3.25,"2- B,S","orange soda, sour"
700,2011,3.25,"2- B,S","grassy, fruity, brownie"
701,2011,3.25,"2- B,S","brownie, red berry"
702,2011,3.25,"2- B,S",cocoa flavor dominates
703,2021,3.0,"2- B,S","light caramel, sl. dry, earthy"
704,2009,3.0,"4- B,S,C,V","dark woody, plum, astringent"
705,2009,3.25,"4- B,S,C,V","wood, holiday spice, soap"
706,2011,3.5,"4- B,S,C,V","oily, dried fruit, vanilla"
707,2012,3.0,"4- B,S,C,V","gummy, fatty, caramel"
708,2012,3.75,"2- B,S",spicy
709,2012,3.75,"2- B,S","oily, toffee, hints of fruit"
710,2012,4.0,"2- B,S","sweet spice, floral"
711,2012,3.25,"2- B,S","nutty, ashey, spicy pepper"
712,2014,3.25,"4- B,S,C,V","fatty, sunflower, peanutbutter"
713,2016,2.75,"2- B,S","nut, tobacco, burnt, off notes"
714,2016,3.0,"2- B,S","raisins, astringent"
715,2016,3.25,"2- B,S","floral, licorice, roasty"
716,2019,3.0,"4- B,S,C,L","muted, creamy, grapes, fatty"
717,2019,3.25,"4- B,S,C,L","muted, creamy, basic cocoa"
718,2015,3.0,"3- B,S,C","sweet, strong sour, acidic"
719,2015,3.25,"3- B,S,C","roasty, nutty, sweet"
720,2015,3.0,"3- B,S,C","intense, sweet, brownie"
721,2015,3.25,"3- B,S,C","bold, floral, rum"
722,2016,3.25,"3- B,S,C","mild cherry, fatty"
723,2012,3.25,"4- B,S,C,L","nice melt, odd rubber notes"
724,2013,2.5,"4- B,S,C,L","vanilla, fatty, basic cocoa"
725,2013,2.75,"4- B,S,C,L","chalky, vanilla, caramel"
726,2013,2.75,"4- B,S,C,L","fatty, powdery, nut, sl. Burnt"
727,2015,3.5,"3- B,S,C","texture issues, brownie"
728,2015,3.5,"3- B,S,C","one dimensional, brownie"
729,2016,2.5,"3- B,S,C","high roast, intense, fatty"
730,2016,3.0,"3- B,S,C","high roast, fruit"
731,2007,2.5,"4- B,S,C,V","sandy, cloying, rich cocoa"
732,2007,3.0,"4- B,S,C,V","dark coffee, cocoa"
733,2007,3.0,"4- B,S,C,V","cinamon, nutmeg, coffee"
734,2007,3.0,"4- B,S,C,V","nutty, simple, sweet"
735,2007,3.0,"4- B,S,C,V","waxy, tobacco, smokey"
736,2007,3.0,"4- B,S,C,V","mild mint, basic cocoa"
737,2008,3.75,"4- B,S,C,V","fatty, rich cocoa, roasty"
738,2009,3.0,"4- B,S,C,V","smokey,chalky,berry,caramel"
739,2018,2.5,"2- B,S","metallic, dirt/ earthy"
740,2018,2.5,"2- B,S","dirty, floral, unrefined"
741,2018,3.0,"2- B,S","mild bitter, fatty, grassy"
742,2016,2.5,"2- B,S","vanilla, chemical, rubber"
743,2019,3.0,"2- B,S","smokey, roasty, acidic, rich"
744,2007,3.5,"2- B,S","red berry, lingering coffee"
745,2007,3.5,"2- B,S","sticky, woodsy, rum"
746,2008,2.75,"2- B,S","intense fruit, bitter ending"
747,2011,2.75,"2- B,S","sandy, flat, hint of berry"
748,2011,2.75,"2- B,S","sticky, very roasty, nutty"
749,2011,3.0,"2- B,S","earthy, tart, sour"
750,2011,3.25,"2- B,S","grassy, tea, late sour"
751,2012,2.75,"2- B,S","dry, mint, medicinal"
752,2013,3.25,"2- B,S","oily, black pepper, roasty"
753,2013,3.5,"2- B,S","butter, floral, rum"
754,2014,3.5,"2- B,S","mild fruit and spice, roasty"
755,2015,3.75,"2- B,S","sticky, rich, cherry"
756,2016,3.5,"2- B,S","tropical berry, intense"
757,2017,3.75,"2- B,S","blackberry, raisns"
758,2017,3.75,"2- B,S","sticky, roasty nibs, grapes"
759,2017,4.0,"2- B,S","well defined, creamy, cherry"
760,2018,3.75,"2- B,S","cocoa, tea, malt"
761,2019,4.0,"2- B,S","creamy, sticky, dried fruit"
762,2019,3.75,"2- B,S","sticky, dried fruit, toast, cocoa"
763,2020,3.5,"2- B,S","burnt honey, earthy"
764,2021,3.75,"2- B,S","sl. bitter, black licorice, dried fig"
765,2021,4.0,"2- B,S","dried fruit, fig, astringent, sticky"
766,2022,3.0,"3- B,S,C","sl sour, grassy, off, fatty"
767,2022,2.75,"3- B,S,C","peanut butter, dirty"
768,2022,2.75,"3- B,S,C","sweet, fatty, rancid"
769,2022,2.5,"3- B,S,C","earthy, astringent, metallic"
770,2019,2.75,"4- B,S,C,L","cocoa, raw, dirty, chemical"
771,2019,3.0,"4- B,S,C,L","complex, sweet, sour, grassy"
772,2019,2.5,"4- B,S,C,L","late cocoa, harsh, off notes"
773,2019,3.0,"4- B,S,C,L","bland, fatty, fruit"
774,2014,3.25,"3- B,S,C","mild cherry, earthy"
775,2014,3.25,"3- B,S,C","fatty, rasin, nutty"
776,2014,3.5,"3- B,S,C","nutty, caramel, toffee"
777,2015,3.0,"3- B,S,C","intense, spicy, floral"
778,2009,3.75,"3- B,S,C","creamy, nutty, fruity"
779,2006,1.5,"3- B,S,L","acidic, astringent, unpleasant"
780,2008,3.0,"3- B,S,L","sticky, floral"
781,2006,3.0,"2- B,S","long lasting, fruit"
782,2006,3.25,"2- B,S","floral, olive"
783,2006,3.5,"2- B,S","creamy, basic cocoa"
784,2007,4.0,"2- B,S","creamy, complex, coffee"
785,2007,3.25,"2- B,S","sticky, smoke, ham, earthy"
786,2007,3.25,"2- B,S","mild spice, licorice"
787,2007,3.5,"2- B,S","fruity, basic cocoa"
788,2007,3.5,"2- B,S","smooth, banana, cocoa"
789,2007,3.75,"2- B,S","creamy, smokey, tobacco"
790,2007,4.0,"2- B,S","creamy, nuts, woody, cocoa"
791,2007,4.0,"2- B,S","creamy, mint, tobacco, olive"
792,2008,3.0,"2- B,S","cucumber, hot spices"
793,2008,3.0,"2- B,S","creamy, woody, earthy"
794,2008,3.5,"2- B,S","sticky, grassy, coffee"
795,2008,3.75,"2- B,S","sticky, olive"
796,2010,3.0,"2- B,S","subtle, caramel, sour milk"
797,2011,3.5,"2- B,S","smooth, intense, smoke, nut"
798,2012,3.5,"2- B,S","sticky, nutty"
799,2012,3.75,"2- B,S","creamy, coffee, caramel"
800,2013,3.0,"3- B,S,C","smooth, fruit, coffee, bitter"
801,2015,3.75,"2- B,S","floral, well developed, creamy"
802,2015,3.75,"2- B,S","nutty, strawberry, creamy"
803,2018,4.0,"2- B,S","creamy, sticky, fruit"
804,2022,3.5,"2- B,S","grassy, herbal, tea"
805,2015,2.5,"3- B,S,C","burnt rubber, molasses"
806,2015,2.75,"3- B,S,C","bitter,molasses,marshmallow"
807,2015,2.75,"3- B,S,C","fruity, molasses"
808,2016,2.75,"3- B,S*,C","licorice, molasses, rubber"
809,2018,2.75,"3- B,S*,C",molasses notes from sugar
810,2018,3.5,"3- B,S*,C","near perfect shine, cocoa"
811,2018,3.5,"2- B,S*","molasses, fruit"
812,2021,3.25,"3- B,S,C",molasses notes dominate
813,2019,2.5,"2- B,S","dry, earthy, walnut"
814,2019,2.75,"2- B,S","dry, sour, sweet, mild fruit"
815,2019,3.0,"2- B,S","dry, cocoa, grassy, spicy"
816,2022,3.25,"2- B,S","tobacco, roasty, hint of fruit"
817,2022,2.75,"2- B,S","earthy, dirty"
818,2022,3.25,"2- B,S","rich brownie, roasty, coffee"
819,2010,3.5,"3- B,S,C",caramel and cocoa
820,2010,3.75,"3- B,S,C","rich cocoa, fruity, strong floral"
821,2010,2.5,"3- B,S,C","chalky, bread, dirt"
822,2010,3.75,"3- B,S,C","dark forest berry, spice"
823,2011,3.75,"3- B,S,C","dried fruit, grapes, sour"
824,2011,3.5,"3- B,S,C","heavy roast, woody, berry"
825,2011,3.0,"3- B,S,C","licorice, leathery"
826,2011,3.25,"3- B,S,C","intense, almond, coffee"
827,2011,3.5,"3- B,S,C",intense cocoa
828,2012,3.75,"3- B,S,C","creamy, nutty"
829,2014,3.5,"4- B,S,C,L","sandy, full bodied, spicy"
830,2014,3.75,"4- B,S,C,L","black pepper, rich, intense"
831,2015,4.0,"4- B,S,C,L","intense, spicy, butterscotch"
832,2017,2.75,"4- B,S,C,L",candy like off flavor
833,2018,3.25,"4- B,S,C,L","intense earthy, cocoa, roasty"
834,2019,3.5,"4- B,S,C,L","cocoa, honey, watery, sweet"
835,2021,3.5,"4- B,S,C,L","fruit, holiday spice"
836,2015,3.25,"2- B,S","coarse, earthy, mild banana"
837,2012,2.75,"3- B,S,C","fatty, muted"
838,2015,3.5,"3- B,S,C","sandy, orange, butterscotch"
839,2015,3.5,"3- B,S,C","fatty, roasty, intense brownie"
840,2015,3.25,"3- B,S,C","dates, acidic, rich cocoa"
841,2015,3.25,"3- B,S,C","cherry, earthy, tobacco"
842,2015,4.0,"3- B,S,C",blackberry and cinnamon
843,2018,4.0,"3- B,S,C","smoth, dense, grape"
844,2022,3.0,"3- B,S,C","accidental spicy (Kulfi?), burn"
845,2014,3.25,"3- B,S,C","waxy, spicy, tobacco"
846,2014,3.5,"3- B,S,C",ultra fruity
847,2014,3.75,"3- B,S,C","spicy, cocoa"
848,2016,3.25,"3- B,S,C","dried fruit, strong floral"
849,2016,3.25,"3- B,S,C","mild, dried fruit, chocolate"
850,2012,2.75,"3- B,S,C","buttery, burlap"
851,2019,3.5,"2- B,S","nutty, almond butter"
852,2016,3.0,"2- B,S","dry, gritty, cardboard, nutty"
853,2020,3.0,"2- B,S","molasses, red fruit, astringent"
854,2020,3.0,"2- B,S","cocoa, spice, alcohol, dirty"
855,2008,2.75,"4- B,S,C,L","lemon, tart, burnt, chemical"
856,2011,3.75,"4- B,S,C,L","nutty, rich, red berry"
857,2006,2.75,"5- B,S,C,V,L","gritty, chalky, earthy, sour"
858,2008,2.5,"5- B,S,C,V,L","sandy, banana, sour"
859,2008,2.5,"5- B,S,C,V,L","gritty, sweet, banana, smoke"
860,2008,3.0,"5- B,S,C,V,L","muted, cherry, banana"
861,2009,2.75,"5- B,S,C,V,L","very sweet, marshmallow"
862,2009,3.0,"5- B,S,C,V,L","sandy,bold,cherry,peanut butter"
863,2015,3.75,"5- B,S,C,V,L","spicy, caramel, vanilla"
864,2019,3.5,"3- B,S,C","cocoa, fig notes"
865,2022,3.5,"3- B,S,C","heavy roast, choco, coffee-like"
866,2022,3.25,"3- B,S,C","roasty, hammy, sour"
867,2022,3.5,"3- B,S,C","dried fruit, raisiny, mild roast"
868,2022,3.0,"3- B,S,C","fatty, floral, rum, roasty"
869,2022,3.0,"3- B,S,C","dominate roast, fruit then earthy"
870,2022,3.75,"3- B,S,C","simple, mild caramel, choco"
871,2013,2.75,"2- B,S","low refinement, too sweet"
872,2013,3.25,"2- B,S","sandy, tannic, earthy"
873,2015,3.0,"3- B,S,C","coarse, woody, roasty"
874,2015,3.5,"3- B,S,C","brownine, nutty"
875,2018,3.5,"2- B,S","simple, mild cocoa, fruit"
876,2018,3.5,"2- B,S","spicy, sweet,"
877,2018,3.25,"2- B,S","earthy, floral, cocoa"
878,2018,3.5,"2- B,S","fruity, roasty"
879,2016,3.25,"2- B,S","carrots, heavy roast"
880,2018,3.0,"2- B,S","intens, brownie, spicy, metal"
881,2019,2.5,"3- B,S,C","dirty, earthy, burnt, honey"
882,2019,3.0,"3- B,S,C","fruit, dirty"
883,2019,3.5,"3- B,S,C","muddy, raisins, nut, rubbery"
884,2010,3.25,"3- B,S,C","unrefined, crumbly, sweet"
885,2014,3.25,"3- B,S,C","spicy, green, long, intense"
886,2014,3.0,"3- B,S,C","mild bitter, smoke, hammy"
887,2014,3.25,"3- B,S,C","grit,smoke, wood, blackberry"
888,2008,3.0,"4- B,S,C,V","woody, cocoa"
889,2009,2.0,"4- B,S,C,V","sticky, slight plum, medicinal"
890,2009,3.5,"4- B,S,C,V","hazelnut, fruit, slight bitter"
891,2009,2.75,"4- B,S,C,V","sweet, vanilla, sticky"
892,2012,2.75,"4- B,S,C,V","nutty, ginger, off notes"
893,2021,3.0,"3- B,S,C","sweet, too few nibs, cocoa"
894,2021,3.5,"2- B,S","mild licorice, late mocha"
895,2011,2.5,"4- B,S,C,V","gritty,overyly sweet,fruit punch"
896,2011,2.5,"4- B,S,C,V","grits, very sweet, banana"
897,2011,2.5,"4- B,S,C,V","strong vanilla, strawberry, nut"
898,2011,2.75,"4- B,S,C,V","sweet, vanilla, mild banana"
899,2011,2.5,"4- B,S,C,V","gritty, sweet, vanilla, woody"
900,2014,3.0,"3- B,S,C","mild fruit, earthy"
901,2014,3.5,"3- B,S,C","spicy, roasty, mild bitter"
902,2014,3.75,"3- B,S,C","coarse, mild bitter, raisin"
903,2018,3.5,"3- B,S,C",prominent plum note
904,2021,3.0,"3- B,S,C","sandy, basic cocoa, sweet"
905,2019,3.0,"3- B,S,C",dominated by heavy roast
906,2010,2.75,"2- B,S","perfume, floral, vanilla"
907,2016,3.0,"2- B,S","roasty, spicy, nutty"
908,2016,2.5,"2- B,S","fatty, sandy, nutty, off notes"
909,2016,2.75,"2- B,S","metallic, off notes, powdery"
910,2006,3.0,"5- B,S,C,V,L","basic cocoa, short length"
911,2006,3.0,"5- B,S,C,V,L","creamy, floral, complex"
912,2006,3.5,"5- B,S,C,V,L","fatty, rich, spice, nutty"
913,2006,4.0,"5- B,S,C,V,L","complex, raspberry, cocoa"
914,2006,2.0,"5- B,S,C,V,L","malitol, cocoa"
915,2006,3.0,"5- B,S,C,V,L","creamy, roasty, cocoa"
916,2010,3.5,"5- B,S,C,V,L","spicey, marshmallow"
917,2014,2.25,"3- B,S,C","intense, molasses, sweet"
918,2014,3.0,"3- B,S,C","molasses, licorice, bitter"
919,2014,3.25,"3- B,S,C","sandy, sweet, mild fruit"
920,2014,2.5,"3- B,S,C","intense, molasses, bitter"
921,2020,2.75,"3- B,S,C","off, hammy, roasty"
922,2020,3.0,"3- B,S,C","banana, bland, sour, off"
923,2020,2.75,"3- B,S,C","nutty, melon, vinegar"
924,2020,3.25,"3- B,S,C","fruit, cocoa, fatty"
925,2019,3.5,"4- B,S,C,L","caramel, acidic, creamy"
926,2019,3.25,"4- B,S,C,L","creamy, honey, mild hammy"
927,2019,3.5,"4- B,S,C,L","plums, cocoa"
928,2019,3.75,"4- B,S,C,L","cherry, cocoa, creamy"
929,2018,3.5,"2- B,S","roasty, simple"
930,2018,2.75,"2- B,S","hammy, dried fruit"
931,2018,2.75,"2- B,S","hammy, large grits"
932,2018,3.0,"2- B,S","high acidity, bitter, nutty"
933,2018,3.0,"3- B,S,C","molasses, sour notes"
934,2018,3.5,"3- B,S,C","muted, mild sweet cocoa"
935,2018,3.5,"3- B,S,C","fruit, spicy mild molasses"
936,2014,2.75,"3- B,S*,C","coconut, true to sugar bar"
937,2016,2.75,"6- B,S,C,V,L,Sa","strong vanilla, earthy, nutty"
938,2016,2.75,"6- B,S,C,V,L,Sa","vanilla, dried fruit, nuts"
939,2016,2.75,"2- B,S","gummy, bland, sour"
940,2016,3.5,"2- B,S","sticky, floral"
941,2016,3.75,"2- B,S","gummy, sandy, complex"
942,2018,3.0,"2- B,S","nuts, sour milk"
943,2018,3.0,"2- B,S","sandy, powdery, late sour"
944,2018,3.25,"2- B,S","sandy, dried fruit, roasty"
945,2018,3.5,"2- B,S","roasty, hazelnut, cocoa"
946,2018,2.75,"2- B,S","coffee, acidic, astringent"
947,2019,3.0,"2- B,S","sticky, dried sour fruit, roasty"
948,2019,3.5,"2- B,S","roasted nuts, citrus, creamy"
949,2021,3.5,"2- B,S","dried fruit (fig), black licorice"
950,2021,3.5,"2- B,S","dairy, cocoa, mild sour"
951,2019,3.0,"2- B,S","off, tropical, vegetal, rubbery"
952,2019,3.25,"2- B,S","nutty, bland, late sour"
953,2019,3.0,"2- B,S","honey, mild floral, mild off"
954,2019,3.0,"2- B,S","fruit, smokey, mocha"
955,2019,3.0,"2- B,S","dirty, roasty, acidic"
956,2019,3.75,"2- B,S","floral, orange, cocoa"
957,2019,3.75,"2- B,S","fig, mild anise"
958,2012,3.75,"3- B,S,C","nutty, dried fruit"
959,2012,3.5,"3- B,S,C","grits, hazelnut, rum"
960,2014,3.5,"3- B,S,C","intense, tobacco, nuts"
961,2014,3.75,"3- B,S,C","caramel, dairy"
962,2018,2.5,"4- B,S,C,L","large grits, sweet"
963,2018,3.0,"3- B,S,C",large grits
964,2018,3.25,"3- B,S,C","dried fruit, large grits"
965,2018,3.5,"2- B,S",nutty
966,2018,3.0,"2- B,S","sl. dry, gritty, fruity, nuts"
967,2014,3.5,"4- B,S,C,L","coarse, hazelnut, peanut"
968,2014,3.5,"4- B,S,C,L",banana
969,2015,3.5,"4- B,S,C,L","few grits, spicy, cocoa"
970,2015,3.5,"4- B,S,C,L","very coarse, intense, spice"
971,2015,3.0,"4- B,S,C,L","intense, bitter, off notes"
972,2011,3.5,"2- B,S","coarse,perfume,heavy roast"
973,2011,3.5,"2- B,S",choco covered strawberry
974,2012,2.5,"2- B,S","fruit, cough medicine"
975,2012,3.5,"2- B,S*","olive, rum"
976,2012,2.0,"2- B,S*","sandpaper, some fruit, bitter"
977,2013,3.5,"2- B,S","spice, citrus, sweet"
978,2014,3.0,"2- B,S","mild bitter, roasty, red berry"
979,2014,3.25,"2- B,S","sweet, tobacco"
980,2015,3.5,"2- B,S","roasty, grapes, rich brownie"
981,2017,3.5,"2- B,S","slight dry, citrus, grapefruit"
982,2019,3.25,"3- B,S,C","tea, spicy, sweet"
983,2009,2.75,"3- B,S,C","slightly burnt, earthy"
984,2009,3.0,"3- B,S,C","creamy, simple, nutty"
985,2009,3.25,"3- B,S,C","creamy, roasty, tobacco"
986,2009,3.5,"3- B,S,C","complex, mild licorice, spice"
987,2011,2.75,"3- B,S,C","mild bitter, mild cocoa, roasty"
988,2011,3.25,"3- B,S,C","grassy, brownie, astringent"
989,2011,3.5,"3- B,S,C","red berry, some roasty notes"
990,2011,3.5,"3- B,S,C","woody, grassy, long"
991,2011,2.75,"3- B,S,C","woody, red fruit, sour"
992,2011,3.25,"3- B,S,C","spicy, cocoa"
993,2011,3.0,"3- B,S,C","sandy, cocoa, red fruit"
994,2011,3.25,"3- B,S,C","bready, nutty, earthy,intense"
995,2011,4.0,"3- B,S,C","tart, roasted cocoa"
996,2012,3.5,"2- B,S",mild smoke and fruit
997,2012,3.5,"2- B,S","smoke, fruit, sour, hammy"
998,2012,4.0,"3- B,S,C","caramel, nuts, dried fruit"
999,2012,4.0,"2- B,S","tart, red berry, smoke"
1000,2012,3.0,"2- B,S","sandy, smoke, red berry"
1001,2013,3.25,"3- B,S,C",mildly burnt caramel
1002,2013,3.75,"3- B,S,C","blackberries, caramel, roasty"
1003,2013,3.75,"3- B,S,C",cocoa and fresh grapes
1004,2013,4.0,"3- B,S,C",chocolate covered banana
1005,2014,3.0,"3- B,S,C","light color, leathery flavor"
1006,2014,3.5,"3- B,S,C","orange, mellow but flavorful"
1007,2014,3.5,"3- B,S,C","fruity, floral, caramel"
1008,2014,3.5,"3- B,S,C","slow develop, caramel, roasty"
1009,2017,3.5,"3- B,S,C","rich cocoa, mild, fatty"
1010,2017,3.75,"3- B,S,C","long lasting, fruit, spicy"
1011,2017,3.5,"3- B,S,C","rich cocoa, nuts"
1012,2018,3.25,"3- B,S,C","roasty, mild fatty"
1013,2018,3.5,"3- B,S,C","complex, nuts, spice, floral"
1014,2021,3.25,"3- B,S,C","coconut, high astringency"
1015,2021,3.5,"3- B,S,C","fudgey, spicey, nutty"
1016,2021,3.5,"3- B,S,C","oily, black licorice, spicey"
1017,2021,3.75,"3- B,S,C","rich chocolate, late spice notes"
1018,2021,4.0,"3- B,S,C","robust cocoa, dried cranberry"
1019,2021,3.5,"3- B,S,C","raspberry, mild sour, cocoa"
1020,2021,3.0,"3- B,S,C","licorice, caramel, floral, dirty"
1021,2021,3.25,"3- B,S,C","spicey, herbal, ripe, sl. burnt"
1022,2017,3.5,"2- B,S","creamy, fragrant"
1023,2017,3.75,"2- B,S","creamy, simple, strong choco"
1024,2014,3.5,"2- B,S","spice, fatty, mild cocoa"
1025,2014,3.5,"2- B,S","strong fruit, ham, deep cocoa"
1026,2014,4.0,"2- B,S","banana, yogurt, cocoa"
1027,2016,3.5,"2- B,S","vegetal, herbs, raw"
1028,2017,3.75,"3- B,S,C","creamy, black pepper, nut"
1029,2018,3.5,"3- B,S,C","unique flavor, floral-spice mix"
1030,2018,3.75,"3- B,S,C","strong cocoa, orange citrus"
1031,2018,3.0,"3- B,S,C","sweet, metallic"
1032,2018,3.25,"3- B,S,C","woody, grassy, spicy"
1033,2018,3.75,"3- B,S,C","cocoa, savory"
1034,2018,4.0,"3- B,S,C","honey, deep cocoa"
1035,2018,3.0,"3- B,S,C","floral, sticky"
1036,2018,3.5,"3- B,S,C","delicate, balanced"
1037,2018,3.75,"3- B,S,C","black pepper,high astringency"
1038,2018,4.0,"3- B,S,C","banana,dairy, cocoa"
1039,2018,3.25,"3- B,S,C","high acidity, grassy"
1040,2022,3.5,"3- B,S,C","cocoa, roasty, sweet, fruit, spice"
1041,2022,3.5,"3- B,S,C","pungent, sour cherry"
1042,2022,3.75,"3- B,S,C","caramel, cocoa, fruit"
1043,2011,3.25,"3- B,S,C","fatty, leathery, earthy"
1044,2011,3.5,"3- B,S,C","tobacco, woody, wild berry"
1045,2011,3.5,"3- B,S,C","roasty, fatty, woody"
1046,2012,3.25,"3- B,S,C","intense olive, citrus, vegetal"
1047,2012,3.25,"3- B,S,C","spicy, earthy"
1048,2012,3.25,"3- B,S,C","oily, fatty, bold olive"
1049,2012,3.75,"3- B,S,C","oily, gritty, savory"
1050,2013,3.25,"3- B,S,C","oily, burnt black pepper"
1051,2013,3.5,"3- B,S,C",baked bread
1052,2014,3.5,"3- B,S,C","mild fatty, nutty, roasty"
1053,2015,3.0,"3- B,S,C","oily, sweet, dairy, bland"
1054,2015,3.25,"3- B,S,C","oily, spicy, sour"
1055,2011,3.25,"3- B,S,C","cocoa, spicy, sweet"
1056,2011,3.0,"3- B,S,C","fatty, sweet, vanilla"
1057,2012,2.5,"3- B,S,C","oily, tart, chlorine"
1058,2013,3.75,"3- B,S,C","dried fruit, intense"
1059,2013,3.0,"3- B,S,C","sandy,sweet, molasses,floral"
1060,2014,3.75,"3- B,S,C","delicate, hebs, choco"
1061,2014,3.0,"3- B,S,C","acidic, undefined, brownie, off"
1062,2016,3.75,"2- B,S","oily, tropical"
1063,2016,4.0,"2- B,S","oily, dried fruit, leather"
1064,2019,3.75,"2- B,S","balanced, fruit, nut, roasty"
1065,2019,3.5,"2- B,S","black current,bitter,astringent"
1066,2021,3.25,"2- B,S","sl. bitter up front, fatty, intense"
1067,2021,3.75,"4- B,S,C,V","dried fruit, cocoa base, fatty"
1068,2021,3.75,"3- B,S,C","black licorice, tangy"
1069,2018,2.5,"3- B,S,C",cheesy off flavor
1070,2018,3.0,"2- B,S","grainy texture, sour, hammy"
1071,2018,3.0,"2- B,S","accessible, sweet, sandy"
1072,2018,3.5,"3- B,S,C","dried fruit, cocoa"
1073,2014,2.5,"3- B,S,V","gritty, ambiguous"
1074,2015,3.25,"4- B,S,C,L","sandy, sweet, candy tart"
1075,2015,4.0,"4- B,S,C,L",cocoa and coconut
1076,2015,3.5,"4- B,S,C,L","sticky, spice, roasty, earthy"
1077,2015,3.5,"4- B,S,C,L","deep cocoa, fruit, spice"
1078,2015,3.5,"4- B,S,C,L","red fruit, tart, fat, leathery"
1079,2017,3.5,"3- B,S,C","chewy, woody, rustic"
1080,2017,3.5,"3- B,S,C","fatty, creamy, roasty"
1081,2018,2.75,"3- B,S,C","dry, grainy, spicy, roasty"
1082,2019,2.75,"3- B,S,C","earthy, roasty, strong vanilla"
1083,2015,3.0,"2- B,S","mild woody, black licorice"
1084,2016,3.5,"2- B,S","mild strawberry, cocoa"
1085,2016,2.75,"3- B,S,C","sour off flavor, nutty, earthy"
1086,2016,3.25,"3- B,S,C","sweet edge, bright fruit, sour"
1087,2016,3.25,"3- B,S,C","mild molasses, rich, gateway"
1088,2017,3.25,"3- B,S,C","creamy, fig"
1089,2019,2.5,"3- B,S,C","acidic, mildly burnt, metallic"
1090,2019,3.0,"3- B,S,C","floral, rubbery, woody"
1091,2021,3.75,"3- B,S,C","banana, cocoa, late floral"
1092,2018,2.75,"2- B,S","fruit, tart, rubber"
1093,2021,3.0,"2- B,S","sweet, dominate cocoa, spice"
1094,2021,3.25,"2- B,S",spice/herb dominate cocoa base
1095,2021,3.25,"2- B,S","sandy, sweet, earthy,deep cocoa"
1096,2011,3.0,"5- B,S,C,V,L","fatty, vanilla, dairy"
1097,2021,3.5,"3- B,S,C","fruity, cocoa, sweet"
1098,2021,3.5,"3- B,S,C","nutty, spicy, candied orange"
1099,2021,3.5,"3- B,S,C","dried fruit, orange peel, cocoa"
1100,2021,3.5,"3- B,S,C","roasty, sweet, fruity, cocoa"
1101,2006,2.5,"5- B,S,C,V,L","mildly rich, basic, roasty"
1102,2016,3.5,"2- B,S","rich, coffee, cherry"
1103,2019,2.5,"2- B,S","sour grapes, pungent, ashey"
1104,2021,3.0,"3- B,S,C","spicy, vanilla"
1105,2008,2.5,"5- B,S,C,V,L","very sour, grassy, fatty"
1106,2009,2.75,"5- B,S,C,V,L","very sweet, coffee, mild sour"
1107,2010,3.25,"5- B,S,C,V,L","chunky, muted, mild bitter"
1108,2009,3.0,"4- B,S,C,L","sl. sweet, nutty, off note"
1109,2009,3.0,"4- B,S,C,L","hot cocoa, very nutty"
1110,2009,3.0,"4- B,S,C,L","light perfume, mild, sweet"
1111,2009,3.0,"4- B,S,C,L","gritty, roasty, strong coffee"
1112,2009,3.25,"4- B,S,C,L","mild nutty, spicy, brownie"
1113,2018,2.75,"4- B,S,C,L","earthy, chemical or burnt note"
1114,2006,3.0,"5- B,S,C,V,L","creamy, sweet, floral, vanilla"
1115,2006,2.5,"5- B,S,C,V,L","sweet, creamy, vanilla"
1116,2006,3.5,"5- B,S,C,V,L","creamy, sweet, blueberry"
1117,2006,3.5,"5- B,S,C,V,L","creamy, blackberry"
1118,2006,3.5,"5- B,S,C,V,L","sweet, rich cocoa, mild citrus"
1119,2006,3.0,"5- B,S,C,V,L","fatty, cocoa, fruity"
1120,2007,3.5,"5- B,S,C,V,L","creamy,sandy,nutmeg, moss"
1121,2008,3.0,"5- B,S,C,V,L","sweet, vanilla, rich"
1122,2008,3.0,"5- B,S,C,V,L","perfume, vanilla"
1123,2008,3.5,"5- B,S,C,V,L","creamy, nutty"
1124,2009,3.0,"5- B,S,C,V,L","sweet, mild lemon"
1125,2009,3.0,"5- B,S,C,V,L","bitter, fatty, fruit"
1126,2009,3.5,"5- B,S,C,V,L","complex, fruit, nut, raisin"
1127,2010,3.0,"5- B,S,C,V,L","creamy, mild tobacco, ham"
1128,2011,2.75,"5- B,S,C,V,L","dutched?, intense, rich cocoa"
1129,2011,3.25,"5- B,S,C,V,L","sweet, creamy, floral, orange"
1130,2011,3.25,"5- B,S,C,V,L","dry, sticky, brownie"
1131,2013,2.75,"5- B,S,C,V,L","creamy, sl. Burnt, roasty"
1132,2013,2.75,"5- B,S,C,V,L","floral, over roasted, harsh"
1133,2013,3.25,"5- B,S,C,V,L","sweet, vanilla, cocoa"
1134,2013,3.5,"5- B,S,C,V,L","very spicy, roasty"
1135,2015,3.75,"5- B,S,C,V,L","nutty, black licorice"
1136,2014,2.75,"3- B,S,C","smokey, cherries, sour"
1137,2014,2.75,"3- B,S,C","XL nibs, sour, cardboard"
1138,2014,3.25,"3- B,S,C","chalky, berry, cocoa"
1139,2014,3.5,"3- B,S,C","sandy, intense, cherry"
1140,2014,2.75,"3- B,S,C","molasses, sweet, long,cocoa"
1141,2014,3.0,"3- B,S,C","fatty, nutty, earthy"
1142,2014,3.0,"3- B,S,C","sandy, roasted vegetal"
1143,2014,3.25,"3- B,S,C","muted, mild fruit, sweet"
1144,2014,2.0,"3- B,S,C","unrefined, bitter, earthy"
1145,2007,2.5,"4- B,S,C,V","buttery, floral, burnt"
1146,2014,2.75,"4- B,S,C,L","overyly sweet, banana, yogurt"
1147,2014,3.0,"4- B,S,C,L","chewy, fatty, sweet, nutty"
1148,2011,3.0,"3- B,S,C","vanilla, chocolate milk"
1149,2015,3.0,"3- B,S,C","sandy, sweet, dried fruit"
1150,2015,3.5,"3- B,S,C","rich chocolate, sweet edge"
1151,2015,3.5,"3- B,S,C","rich chocolate, sandy texture"
1152,2016,3.25,"3- B,S,C","powdery, rich, coffee, roasty"
1153,2018,3.0,"3- B,S,C","flat, late tart notes"
1154,2019,3.25,"3- B,S,C","sandy, brownie, coconut"
1155,2019,3.0,"3- B,S,C","sandy, sweet, cocoa"
1156,2022,3.25,"2- B,S","deep cocoa, nutty, earthy"
1157,2022,3.5,"2- B,S","fruit, cocoa, lemony"
1158,2022,3.25,"2- B,S","spicy, earthy, grassy, astringent"
1159,2022,2.75,"2- B,S","too sweet, off, rubbery"
1160,2019,3.25,"3- B,S,C","cocoa, fatty, fruit"
1161,2019,3.5,"3- B,S,C","earthy, dirty, dried fruit"
1162,2019,2.75,"3- B,S,C","pungent, chemical"
1163,2021,3.5,"2- B,S","delicate, carame, tang"
1164,2016,2.75,"3- B,S,L","powdery, vanilla, artificial"
1165,2019,2.5,"4- B,S,C,L","rubber, fatty, sandy,grape"
1166,2019,3.0,"4- B,S,C,L","nutty, sweet, fatty, sandy"
1167,2019,2.5,"4- B,S,C,L","sandy, fatty, chemical"
1168,2016,3.25,"3- B,S,C","pungent raisin, metallic"
1169,2016,3.5,"3- B,S,C","mostly earthy, mild dried fruit"
1170,2014,3.5,"3- B,S,C",full flavor spectrum
1171,2014,3.0,"3- B,S,C","woody, earthy, medicinal"
1172,2014,3.75,"3- B,S,C","nutty, butterscotch"
1173,2014,3.75,"3- B,S,C","spicy, intense, fades fast"
1174,2016,3.5,"3- B,S,C","astringent, smoke, cream"
1175,2016,3.5,"3- B,S,C",floral
1176,2016,3.5,"3- B,S,C","strong floral, black licorice"
1177,2016,3.75,"3- B,S,C","creamy, mild nutty & woody"
1178,2016,4.0,"3- B,S,C","dark berry, honey, cream"
1179,2015,2.75,"3- B,S,C","too sweet, spicy, candied"
1180,2015,3.5,"3- B,S,C","sandy, sweet, mild fruit"
1181,2021,2.75,"2- B,S","harsh, earthy, dirty"
1182,2021,3.25,"2- B,S","delicate fruit, black tea"
1183,2015,2.75,"2- B,S*","intense, palm, earthy"
1184,2015,3.0,"2- B,S*","sandy, tart, tangy, palm"
1185,2015,3.0,"2- B,S*","intense, palm, nutty"
1186,2015,3.25,"2- B,S*","floral, palm, sour"
1187,2015,3.25,"2- B,S*","palm, spicy, flour"
1188,2018,2.5,"2- B,S*","harsh flavor, hay"
1189,2018,3.5,"2- B,S*","fruity, tannic, coconut"
1190,2018,2.25,"2- B,S*","light color, sour, pungent"
1191,2018,2.75,"2- B,S*","sour, citrus, molasses"
1192,2018,3.0,"2- B,S*","lemon, late sour & molasses"
1193,2016,2.75,"3- B,S,C","sour, earthy"
1194,2016,2.75,"3- B,S,C","nutty, off notes"
1195,2016,3.25,"3- B,S,C","intense, bitter, coffee"
1196,2016,3.5,"3- B,S,C","mild caramel, honey"
1197,2019,3.25,"3- B,S,C","high acid,sweet,nut,strawberry"
1198,2019,3.5,"3- B,S,C","butterscotch, burnt cinnamon"
1199,2009,2.0,"4- B,S,C,L","perfume, burning"
1200,2009,2.5,"2- B,S","sandy, perfume, nutty"
1201,2009,3.0,"2- B,S","dry, floral, slight musty"
1202,2009,3.25,"4- B,S,C,L","dry, intense floral, spciy"
1203,2009,3.5,"4- B,S,C,L","dry, nutty, sweet"
1204,2009,2.5,"2- B,S","dry, sour, cheesey, off"
1205,2009,2.75,"2- B,S","sandy, red berry, sour"
1206,2009,3.5,"2- B,S","coffee, red berry, tart"
1207,2009,3.75,"2- B,S","red berry, cocoa, mild coffee"
1208,2015,3.5,"4- B,S,C,L","floral, roasty, coffee"
1209,2015,3.5,"4- B,S,C,L","rich cocoa, fatty"
1210,2015,3.5,"4- B,S,C,L","creamy, nutty, tea, fatty"
1211,2015,3.5,"4- B,S,C,L","muted, fatty, nutty"
1212,2016,2.75,"4- B,S,C,L","sour, raw, green"
1213,2014,2.5,"2- B,S*","true to sugar, green, fatty"
1214,2013,4.0,"2- B,S",cardamon
1215,2013,1.75,"3- B,S,C","pastey, bitter, unfixable"
1216,2015,2.75,"2- B,S","smoke, cocoa, fruit, fuel"
1217,2018,2.75,"4- B,S,C,L","dry, woody, dried fruit"
1218,2019,3.0,"4- B,S,C,L","sour raisin, woody, fatty"
1219,2019,3.0,"4- B,S,C,L","fatty, mild bitter, banana"
1220,2008,3.0,"3- B,S,C","grassy, tobacco, intense"
1221,2008,2.5,"3- B,S,C","charred, espresso"
1222,2008,2.75,"4- B,S,C,L","sandy, sweet, mild cocoa"
1223,2008,3.0,"4- B,S,C,L","fungal, mushroom, mild burn"
1224,2010,2.75,"3- B,S,C","spicy, sour, burning"
1225,2010,3.0,"3- B,S,C","earthy, woody, sour mint"
1226,2010,2.75,"4- B,S,C,L","ashey, woody, bright red"
1227,2011,3.0,"4- B,S,C,L","mild bitter, floral"
1228,2011,3.0,"4- B,S,C,L","woody, nutty, short"
1229,2011,3.25,"4- B,S,C,L","sweet, cocoa, grassy"
1230,2012,3.5,"4- B,S,V,L","sweet, red berry, sour"
1231,2013,3.0,"4- B,S,C,L","sandy, vegetal, sour"
1232,2013,3.5,"4- B,S,C,L","tart, fruity, intense"
1233,2013,3.0,"2- B,S","oily, leathery, intense bitter"
1234,2013,3.0,"4- B,S,C,L","nutty, mild coffee"
1235,2013,3.5,"2- B,S","oily, spicy, sl. Burnt"
1236,2013,2.75,"3- B,S,C","spice,cocoa, tolerable bitter"
1237,2013,2.5,1- B,"candy,uncontrolled bitterness"
1238,2013,2.75,"3- B,S,C","trop. Fruit, coffee, bitter"
1239,2013,3.25,"3- B,S,C","fatty, gritty, roasty"
1240,2013,3.75,"3- B,S,C","nutty, coffee, rich"
1241,2014,3.0,"3- B,S,C","intense, cherry, metallic"
1242,2014,3.0,"3- B,S,C","woody, floral, metallic"
1243,2014,3.0,"3- B,S,C","earthy, metallic edge"
1244,2014,3.75,"3- B,S,C","raisins, rich choco"
1245,2014,3.5,"3- B,S,C","spicy, mild fruit, fatty"
1246,2015,3.5,"3- B,S,C","spicy, mild roasty"
1247,2011,3.75,"3- B,S,C","creamy, cocoa, lemon"
1248,2011,3.75,"3- B,S,C","creamy, roasted nuts, fatty"
1249,2011,3.25,"3- B,S,C","creamy, sour, raisin"
1250,2011,3.75,"3- B,S,C","creamy, nutty, cocoa"
1251,2011,4.0,"3- B,S,C","creamy, nutty, delicate fruit"
1252,2011,3.5,"3- B,S,C","creamy, nutty, muted"
1253,2011,4.0,"3- B,S,C","creamy, nutty, fruity"
1254,2011,4.0,"3- B,S,C","peanut, coffee, cocoa, bread"
1255,2011,4.0,"3- B,S,C","creamy, nutty, earthy"
1256,2013,3.75,"3- B,S,C","fatty, rich, berry notes"
1257,2016,2.5,"4- B,S,C,L","sour, sweet, rubber"
1258,2014,3.0,"3- B,S,C","buttery, intense, spice, roasty"
1259,2017,3.25,"3- B,S,C","molasses, roasty"
1260,2012,2.75,"4- B,S*,C,L","very sandy, sweet, spicy"
1261,2012,3.0,"4- B,S*,C,L","sandy, caramel"
1262,2014,3.5,"2- B,S","intense, tart, earthy"
1263,2014,2.25,"2- B,S","off notes, pungent"
1264,2014,3.25,"2- B,S","mild metallic, spice, tea"
1265,2014,3.25,"2- B,S","roasty, nutty, spicy"
1266,2018,2.75,"4- B,S,C,L","woody, meaty, vegetal"
1267,2015,3.5,"2- B,S","intense, cherry, rich, metallic"
1268,2015,2.75,"2- B,S","intense, molasses, fruit"
1269,2006,2.0,"5- B,S,C,V,L","gritty, unrefined, off notes"
1270,2018,3.25,"3- B,S,C","sandy, sweet"
1271,2017,3.5,"3- B,S,C","dairy, nutty, butterscotch"
1272,2017,3.0,"4- B,S,C,L","candy like, sweet, dairy"
1273,2017,3.0,"4- B,S,C,L","floral, tobacco, candied"
1274,2017,3.5,"4- B,S,C,L","sweet, fruity, vanilla"
1275,2017,3.5,"4- B,S,C,L","floral, bourbon, salt"
1276,2017,3.5,"5- B,S,C,V,L","vanilla, gateway"
1277,2017,3.75,"4- B,S,C,L","full bodied, floral"
1278,2018,3.0,"4- B,S,C,L","gritty, coffee, sweet, hammy"
1279,2018,3.25,"4- B,S,C,L","complex, bold, gritty"
1280,2018,3.25,"4- B,S,C,L","bold, spice, sour fruit, gritty"
1281,2015,2.75,"2- B,S","off note, vanilla, basic cocoa"
1282,2020,2.75,"3- B,S,C","harsh, burnt nuts, powdery"
1283,2018,3.5,"3- B,S,C","nutty, cocoa, sour veggie"
1284,2018,3.0,"3- B,S,C","floral, earthy, grassy"
1285,2018,3.5,"3- B,S,C","herbal, tea-like"
1286,2018,3.75,"3- B,S,C",brownie
1287,2013,3.5,"5- B,S,C,V,L","raisins, prunes"
1288,2013,3.0,"5- B,S,C,V,L","nutty, sour milk, off note"
1289,2013,3.25,"5- B,S,C,V,L","very sweet, basic cocoa"
1290,2013,3.25,"5- B,S,C,V,L","candy-like, peanut butter"
1291,2020,3.75,"4- B,S,C,L","rich cocoa, dried fruit, roasty"
1292,2020,3.75,"3- B,S,C","light color, nutty, caramel"
1293,2020,3.75,"4- B,S,C,L","banana, fall spices, earthy"
1294,2022,3.25,"3- B,S,C","dried fruit, bitter, rubbery"
1295,2019,3.5,"3- B,S,C","creamy, balanced, fig, cocoa"
1296,2019,3.0,"3- B,S,C","sandy, sweet, acidic"
1297,2019,3.75,"4- B,S,C,L","creamy, floral, dried fruit"
1298,2019,3.0,"4- B,S,C,L","creamy, black tea, vegetal"
1299,2019,3.75,"4- B,S,C,L","creamy, distinct, dried fruit"
1300,2022,3.5,"4- B,S,C,L","floral, woody, cocoa, creamy"
1301,2022,4.0,"4- B,S,C,L",cocoa with hint of melon
1302,2022,3.5,"4- B,S,C,L","honey, molasses, cream, woody"
1303,2019,3.25,"3- B,S,C","base cocoa, fruit, fatty"
1304,2019,3.0,"3- B,S,C","spicy, tobacco"
1305,2019,3.0,"3- B,S,C","muted, grapes, astringent"
1306,2009,3.75,"3- B,S,C","cocoa, strong distinct spice"
1307,2012,2.5,"3- B,S,C","chewy, vanilla, metallic"
1308,2008,3.0,"4- B,S,C,V","creamy, mild marshmallow"
1309,2008,3.5,"4- B,S,C,V","intense, mint, marshmallow"
1310,2008,2.75,"4- B,S,C,V","sweet, vanilla, coffee"
1311,2008,2.5,"4- B,S,C,V","crumbly, vanilla, bitter"
1312,2008,2.75,"4- B,S,C,V","creamy, nutty, bitter, flat"
1313,2008,3.0,"4- B,S,C,V","spicy, mild bitter"
1314,2008,2.5,"4- B,S,C,V","grassy, earthy, coffee"
1315,2008,3.0,"4- B,S,C,V","fruity,floral,cooling sensation"
1316,2009,2.75,"3- B,S,C",mild bitter and chemical off
1317,2009,2.75,"3- B,S,C","spicy, floral, bitter"
1318,2021,3.25,"3- B,S,C","licorice, melon"
1319,2021,3.5,"3- B,S,C","plum, molasses"
1320,2013,3.75,"3- B,S,C","fatty, dark berry, grassy"
1321,2009,2.0,"5- B,S,C,V,L","sweet, vanilla domintates, nut"
1322,2020,3.25,"3- B,S,C","poor finish, cocoa, grassy"
1323,2014,3.0,"2- B,S","gritty, overly sweet, citrus"
1324,2017,3.0,"2- B,S","gritty, sour, berries"
1325,2017,3.0,"2- B,S","sticky, molasses, sour"
1326,2017,3.25,"2- B,S","medium roast, nutty"
1327,2018,3.75,"2- B,S","intense, high acidity"
1328,2018,3.0,"2- B,S","roasty, nutty"
1329,2018,3.25,"2- B,S","nuts, dried fruit, grassy"
1330,2019,3.25,"2- B,S","astringent, smomkey cocoa"
1331,2019,3.0,"2- B,S","light color,"
1332,2014,2.5,"2- B,S","intense, pungent, tangy"
1333,2014,2.75,"3- B,S,C","nutty, pungent, sour"
1334,2014,3.0,"3- B,S,C","nutty, sour milk"
1335,2014,3.25,"3- B,S,C","strawberry, intense, sour"
1336,2014,3.25,"2- B,S","intense, spicy, pungent"
1337,2014,3.25,"3- B,S,C","spicy, molasses, earthy"
1338,2014,3.25,"3- B,S,C","earthy, fatty, tea"
1339,2016,3.25,"4- B,S,C,L","spicy, vanilla, dairy"
1340,2016,2.75,"4- B,S,C,L","astringent, unbalanced, off"
1341,2016,3.75,"4- B,S,C,L","creamy, mild flavors"
1342,2016,3.75,"4- B,S,C,L",oranges
1343,2014,2.5,"5- B,S,C,V,Sa","vanilla, earth, cardboard"
1344,2014,3.0,"5- B,S,C,V,Sa","vanilla, candy-like, sour milk"
1345,2014,2.5,"5- B,S,C,V,Sa","intense, bourbon, vanilla"
1346,2014,3.0,"5- B,S,C,V,Sa",mild vanilla and mild fruit
1347,2009,3.5,"5- B,S,C,V,L","smooth, rich, lemon"
1348,2009,3.0,"5- B,S,C,V,L","rich, spice, cheese"
1349,2010,3.25,"5- B,S,C,V,L","creamy, cocoa, spice"
1350,2010,3.75,"5- B,S,C,V,L","simple, rich hot cocoa"
1351,2010,3.0,"5- B,S,C,V,L","cocoa, nutty, acidic, burning"
1352,2011,3.75,"5- B,S,C,V,L","spicy, roasty, coffee"
1353,2012,3.25,"5- B,S,C,V,L","floral, soapy, earthy"
1354,2012,4.0,"5- B,S,C,V,L","creamy, woody, nutty"
1355,2012,3.75,"5- B,S,C,V,L","berry, rich cocoa dominates"
1356,2019,3.0,"3- B,S,C","unrefined, sweet, basic cocoa"
1357,2016,2.25,"3- B,S,C","molasses, cardboard, off note"
1358,2016,2.5,"3- B,S,C","metallic, cardboard, fruit"
1359,2016,3.0,"3- B,S,C","nutty, fatty"
1360,2016,3.0,"3- B,S,C","grit, earthy, musty"
1361,2018,3.0,"2- B,S","anise, spicy, earthy"
1362,2018,3.0,"2- B,S","earthy, molasses, dried fruit"
1363,2018,3.25,"4- B,S,C,L","molasses, high acidity"
1364,2018,3.25,"2- B,S","tart, molasses, grits"
1365,2018,3.5,"2- B,S","fruit, cocoa, grape"
1366,2018,3.5,"2- B,S","dry, melon, cocoa"
1367,2019,3.5,"2- B,S","sandy, grapes"
1368,2008,3.5,"4- B,S,C,L","roasty, dark berry, rich"
1369,2009,3.25,"4- B,S,C,L","rich cocoa, burning sensation"
1370,2009,3.5,"4- B,S,C,L","nutty, grassy, rich cocoa"
1371,2009,3.0,"4- B,S,C,L","rich, sweet, cocoa, intense"
1372,2009,3.75,"4- B,S,C,L","cocoa, caramel, sweet"
1373,2011,3.5,"4- B,S,C,L","rich, vegetal, banana, spice"
1374,2012,3.5,"4- B,S,C,L","nutty, pear, sour milk"
1375,2013,2.75,"4- B,S,C,L","brownie, cocoa, sour, sweet"
1376,2013,3.25,"4- B,S,C,L","creamy, rich, dairy, nutty"
1377,2013,3.25,"4- B,S,C,L","sweet, nutty, cocoa"
1378,2011,2.5,"3- B,S,C","peanut butter, burnt rubber"
1379,2011,3.25,"3- B,S,C","sweet, fudgey, tang"
1380,2018,3.5,"2- B,S","rich cocoa, mild fruit & nut"
1381,2018,3.0,"2- B,S","mild hammy, roasty, sour"
1382,2018,3.5,"2- B,S","citrus,prononced orange"
1383,2014,2.75,"4- B,S,C,L","fatty, roasty, coffee, off note"
1384,2014,2.75,"4- B,S,C,L","nutty, woody, leathery"
1385,2015,2.75,"4- B,S,C,L","roasty, sour, cardboard"
1386,2015,2.75,"4- B,S,C,L","gritty, roasty, waxy, off"
1387,2015,3.0,"4- B,S,C,L","slight burnt, astringent, fruit"
1388,2015,3.25,"4- B,S,C,L","sandy, fatty, roasty, fruit"
1389,2015,3.0,"4- B,S,C,L","roasty, nutty, rich cocoa"
1390,2015,3.5,"4- B,S,C,L","rich, roasty, nutty, smoke"
1391,2015,3.25,"4- B,S,C,L","smokey, rich cocoa, spice"
1392,2015,3.75,"4- B,S,C,L","creamy, mild honey, floral"
1393,2012,3.5,"3- B,S,C","floral, caramel"
1394,2009,2.5,"3- B,S,C","dry, roasty, toffee"
1395,2012,3.0,"5- B,S,C,V,L","chalky, fatty, sweet"
1396,2012,3.0,"5- B,S,C,V,L","chalky, cocoa, tangy"
1397,2012,3.0,"5- B,S,C,V,L","fatty, nutty, woody"
1398,2016,3.5,"2- B,S","spicy, grassy, roasty"
1399,2018,3.0,"3- B,S,C","simple, earthy, cocoa"
1400,2018,3.25,"3- B,S,C","sandy, rich cocoa"
1401,2018,3.5,"3- B,S,C","complex, dairy, roasty"
1402,2017,3.75,"3- B,S,C","well balanced, melon"
1403,2019,3.25,"3- B,S,C","base cocoa, mild ham, woody"
1404,2019,2.75,"3- B,S,C","sandy, off, hammy"
1405,2019,3.5,"3- B,S,C","sandy, light color, grape"
1406,2014,3.5,"2- B,S","intense, sticky, cocoa"
1407,2015,3.25,"2- B,S","dried fruit, nutty, mushroom"
1408,2015,3.5,"2- B,S","cocoa, spice, fruit"
1409,2015,3.0,"2- B,S","roasty, black pepper, woody"
1410,2015,3.25,"2- B,S","red fruit, brownie"
1411,2015,3.5,"2- B,S","subtle, spicy, banana"
1412,2016,3.25,"2- B,S","floral, black licorice"
1413,2017,3.25,"2- B,S","smokey, mild berry"
1414,2017,3.5,"2- B,S","strong raspberry, mocha"
1415,2017,4.0,"3- B,S,C","mild, licorice, coffee, cocoa"
1417,2019,3.25,"3- B,S,C","woody, mocha, molasses"
1418,2019,3.25,"3- B,S,C","spoiled milk, sweet, molasses"
1419,2021,3.5,"3- B,S,C","buttery, sunflower, astringent"
1420,2021,3.75,"3- B,S,C",home baked banana nut bread
1421,2014,3.5,"3- B,S,C","sandy, citrus"
1422,2016,3.0,"2- B,S","sweet edge, bright fruit, off"
1423,2012,3.5,"2- B,S","creamy, strawberry, cocoa"
1424,2012,3.5,"2- B,S","fatty, nutty, melon like"
1425,2012,3.75,"2- B,S","rich cocoa, spicy edge"
1426,2012,2.75,"2- B,S","grits, roasted, nutty"
1427,2012,3.0,"2- B,S","fatty, roasty, cocoa"
1428,2012,3.5,"2- B,S","fatty, grassy, cocoa"
1429,2007,3.0,"4- B,S,C,V","harsh burnt, mild cocoa, tang"
1430,2020,2.5,"2- B,S","grassy, rubbery, chemical"
1431,2020,3.0,"2- B,S","basic cocoa, dirty/burnt edge"
1432,2020,3.0,"2- B,S","spicy, sweet, cocoa"
1433,2013,2.5,"5- B,S,C,V,L","black pepper, vanilla, harsh"
1434,2013,3.0,"4- B,S,C,V","aluminum, mild coffee, roasty"
1435,2013,3.0,"4- B,S,C,V","strong, brandy, smoke"
1436,2013,3.5,"4- B,S,C,V","sandy, floral, vanilla, candy"
1437,2014,3.75,"2- B,S","spicy, candied, complex"
1438,2014,3.25,"4- B,S,C,V","sweet, candy-like, nutty"
1439,2014,3.75,"4- B,S,C,V","dairy, pudding"
1440,2021,3.0,"3- B,S,C","cherry, fatty, cocoa"
1441,2021,2.75,"3- B,S,C","sweet, sl. smokiness, fruit"
1442,2015,2.0,"2- B,S","multiple off flavors, metallic"
1443,2018,2.5,"2- B,S",potting soil
1444,2018,3.0,"2- B,S","smokey, earthy, cocoa"
1445,2018,3.25,"2- B,S","nutty, mild dairy"
1446,2018,3.5,"2- B,S",intense mocha flavor
1447,2017,3.25,"2- B,S","oily, burnt, earthy"
1448,2018,3.0,"2- B,S","rustic, basic cocoa, earthy"
1449,2021,3.25,"3- B,S,C","mild sweet honey, rum, off"
1450,2020,3.25,"3- B,S,C","smoke, fruit, ham, fatty"
1451,2010,2.75,"5- B,S,C,V,L","very sweet, caramel, candy"
1452,2010,3.0,"5- B,S,C,V,L","sticky, marshmallow, cocoa"
1453,2010,3.0,"5- B,S,C,V,L","watered down coffee, cocoa"
1454,2010,3.5,"5- B,S,C,V,L","marshmallow, rich brownie"
1455,2020,3.25,"3- B,S,C","roasted pear, cocoa, sour"
1456,2020,3.25,"3- B,S,C","fatty, dominant roast, spice"
1457,2020,3.0,"3- B,S,C","deep cocoa, sl. pungent, sandy"
1458,2020,3.25,"3- B,S,C","candied, sweet cocoa, roasty"
1459,2020,3.5,"3- B,S,C","spice, coconut"
1460,2010,2.25,"3- B,S,C","extremely sweet, vanilla"
1461,2011,1.5,"3- B,S,C","vanilla, strong chemical"
1462,2019,2.5,"3- B,S,C","gritty, roasty, rubbery"
1463,2019,2.75,"3- B,S,C","gritty, cocoa base, ashey"
1464,2008,3.5,"5- B,S,C,V,L","sandy, red berry, cocoa"
1465,2008,3.75,"5- B,S,C,V,L","sandy, woody, peanut butter"
1466,2008,4.0,"5- B,S,C,V,L","intense, nutty, cocoa"
1467,2008,3.5,"5- B,S,C,V,L","sticky, bitter, nutty"
1468,2021,2.5,"2- B,S","very sticky, nutty, woody"
1469,2010,2.75,"4- B,S,C,V","raisiny, chewy"
1470,2011,2.5,"4- B,S,C,V","sandy, sweet, strong vanilla"
1471,2011,2.75,"4- B,S,C,V","sticky, strong vanilla, pepper"
1472,2012,3.25,"4- B,S,C,V","creamy, vanilla, rich fruit"
1473,2012,3.25,"4- B,S,C,V","creamy, burnt nuts, woody"
1474,2012,3.5,"4- B,S,C,V","vanilla, brownie, peanut"
1475,2013,2.75,"4- B,S,C,V","intense vanilla, swiss miss"
1476,2013,3.5,"4- B,S,C,V","strong vanilla, nut, coffee"
1477,2013,2.75,"4- B,S,C,V","fatty, vanilla, candy-like"
1478,2013,2.75,"4- B,S,C,V","vanilla, earthy, caramel"
1479,2017,3.5,"2- B,S","mild earthy, mild cocoa, nut"
1480,2008,2.0,"4- B,S,C,V","chalky, astringent, vanilla"
1481,2008,3.0,"4- B,S,V,L","creamy, nutty, mass market"
1482,2008,3.25,"5- B,S,C,V,L","nutty, cooling sensation"
1483,2008,3.75,"5- B,S,C,V,L","creamy, hay, nutty"
1484,2010,2.0,"4- B,S,C,L","strong vanilla, some spice"
1485,2007,2.75,"4- B,S,C,L","cardboard, tea-like"
1486,2007,3.5,"4- B,S,C,L","creamy, sublte grape notes"
1487,2013,3.5,"5- B,S,C,V,L","sandy, sweet, cocoa"
1488,2018,2.75,"3- B,S*,C","gummy, smokey, hammy"
1489,2009,2.75,"5- B,S,C,V,L","sweet, vanilla, easter candy"
1490,2010,3.5,"5- B,S,C,V,L","creamy, crunchy, very sweet"
1491,2016,3.0,"3- B,S,C","hammy, unrecognizable"
1492,2012,3.75,"3- B,S,C","berry, nutty, sour"
1493,2014,2.5,"3- B,S,C","rubber, off medicinal"
1494,2014,2.75,"3- B,S,C","nutty, green"
1495,2015,2.5,"2- B,S","soil, wet, off notes"
1496,2014,2.75,"4- B,S,C,L","muted, nutty"
1497,2012,3.25,"3- B,S,C","molassses, intense, off, herb"
1498,2012,2.75,"3- B,S,C","oily, tangy, fruit, earthy"
1499,2012,3.0,"3- B,S,C","banana, menthol, medicinal"
1500,2012,3.25,"3- B,S,C","molasses, sweet, cocoa"
1501,2013,3.75,"3- B,S,C","orange, cocoa"
1502,2015,3.5,"3- B,S,C","smoke, fruit"
1503,2015,3.75,"3- B,S,C","dried fruit, balanced, cocoa"
1504,2017,3.25,"3- B,S,C","sweet, fatty, fig"
1505,2019,3.5,"3- B,S,C","dried fruit,spicy,sticky,intense"
1506,2012,3.25,"2- B,S","chewy, brownie like"
1507,2012,3.5,"2- B,S","cocoa, coconut"
1508,2012,3.25,"2- B,S","grits, roaste brownie"
1509,2014,3.75,"2- B,S","nutty, intense, roasty"
1510,2014,3.5,"2- B,S","coarse, intense, nutty"
1511,2016,3.75,"3- B,S,C","basic, balanced, deep cocoa"
1512,2016,3.5,"3- B,S,C","nutty, roasty,"
1513,2015,3.5,"3- B,S,C","fruity, tangy, cocoa"
1514,2015,3.5,"3- B,S,C","delicate, caramel, peanut"
1515,2015,3.5,"3- B,S,C","coarse, floral, rum"
1516,2015,2.75,"3- B,S,C","heavy roast, few grits, rich"
1517,2015,3.5,"3- B,S,C","rich, bright fruit"
1518,2015,3.5,"3- B,S,C","lemon, spicy, cocoa"
1519,2015,2.75,"3- B,S,C","roasty, coffee, rubber"
1520,2015,3.0,"3- B,S,C","sweet, fatty, roasty"
1521,2015,3.5,"3- B,S,C","grassy, woody, sweet"
1522,2016,3.25,"3- B,S,C","intense, sour, tart"
1523,2017,3.0,"2- B,S","earthy, tobacco, ashey"
1524,2018,3.5,"3- B,S,C","complex, creamy, cherry"
1525,2018,3.0,"3- B,S,C","off notes, rubbery, hammy"
1526,2018,3.25,"3- B,S,C","sweet, spicy, dirty"
1527,2016,2.75,"3- B,S,C","smokey, dirty, sour"
1528,2021,3.25,"3- B,S,C","smoked nuts, tang"
1529,2021,3.5,"3- B,S,C","mild orange, herbaceous"
1530,2021,2.75,"3- B,S,C","earthy, musty, sweet"
1531,2021,2.75,"3- B,S,C","floral, earthy, acidic, harsh"
1532,2021,3.25,"3- B,S,C","delicate, nutty, butterscotch"
1533,2016,3.25,"2- B,S","earthy, coffee, roasty"
1534,2018,2.75,"2- B,S","dried fruit, woody, dirty"
1535,2012,3.5,"3- B,S,C",citrus
1536,2012,3.5,"3- B,S,C","roasty, coffee"
1537,2012,3.5,"3- B,S,C","cocoa, spice, late sour"
1538,2012,3.5,"3- B,S,C","sticky, pepper, cinamon, rich"
1539,2012,3.0,"3- B,S,C","creamy, fatty, black pepper"
1540,2012,3.5,"3- B,S,C","melon, roasty"
1541,2013,3.5,"3- B,S,C","fatty, heavy roast, nutty"
1542,2015,3.25,"2- B,S","long, mild honey, rich cocoa"
1543,2015,3.5,"2- B,S","roasty, rich, coffee, nut"
1544,2015,3.75,"2- B,S",spicy and fragrant
1545,2018,3.5,"3- B,S,C","fatty, roasty, nutty"
1546,2010,3.0,"3- B,S,C","intense orange, floral"
1547,2010,3.0,"3- B,S,C","chewy, earthy, spicy"
1548,2010,3.25,"3- B,S,C","cocoa, earth, wheat"
1549,2010,3.5,"3- B,S,C","intense, dark berry, cocoa"
1550,2013,2.25,"4- B,S,C,V","waxy, rubber, medicinal"
1551,2013,2.5,"4- B,S,C,V","fatty, rubber, medicinal"
1552,2016,2.75,"3- B,S,C","sticky, pungent, off note"
1553,2016,3.0,"3- B,S,C","sandy, earthy, sweet edge"
1554,2016,3.25,"3- B,S,C","sandy, mild floral, mild nutty"
1555,2010,2.75,"2- B,S","sticky, woody, musty"
1556,2010,3.0,"2- B,S","dry, sticky, nutty, earthy"
1557,2010,3.25,"2- B,S","sticky, earthy, coffee"
1558,2011,3.5,"2- B,S","rich cocoa, coffee, roasty"
1559,2011,3.0,"2- B,S","sandy, strawberry, sour"
1560,2011,3.0,"2- B,S","dry, sandy, intense, berry"
1561,2011,2.75,"2- B,S","gritty, high astringent, sour"
1562,2011,3.5,"2- B,S","gritty, tangy, cocoa"
1563,2011,2.75,"2- B,S","gritty, sticky, smoke,hammy"
1564,2011,3.0,"2- B,S","orange,lemon,coffee ground"
1565,2011,3.25,"2- B,S","dry, gritty, red berry, coffee"
1566,2011,3.75,"2- B,S","gritty, raspberry, sour"
1567,2012,3.5,"2- B,S","gritty, fruit, tart, rich"
1568,2012,2.5,"2- B,S","gritty, overly tart, sour"
1569,2012,2.75,"2- B,S","gritty, sour, sweet"
1570,2014,3.75,"2- B,S","tart, deep choco"
1571,2015,3.0,"2- B,S","mild bitter, citrus, intense"
1572,2015,3.25,"2- B,S","green, vegetal, mild spice"
1573,2013,3.5,"3- B,S,C","sticky, butterscotch, nutty"
1574,2013,4.0,"3- B,S,C","sticky, red fruit"
1575,2013,4.0,"3- B,S,C","creamy, grassy, smoke, nut"
1576,2013,3.75,"3- B,S,C","nutty, fruity, spicy"
1577,2021,3.5,"3- B,S,C","sweet, banana, mild sour orange"
1578,2014,3.25,"2- B,S","heavy roast, smoke"
1579,2014,3.25,"2- B,S","roasty, coffee"
1580,2014,3.25,"2- B,S","intense, burnt, bitter, spice"
1581,2014,3.5,"3- B,S,C","sweet, cherry, cream, raisin"
1582,2020,3.0,"3- B,S,C","nutty, cheese, savory"
1583,2020,3.25,"3- B,S,C","sweet edge, sour fruit"
1584,2020,3.0,"3- B,S,C","roasty, hammy, dirty"
1585,2016,3.0,"2- B,S","gritty, sweet, earthy"
1586,2020,2.5,"3- B,S,C","musty, woody, rubbery, roasty"
1587,2020,3.25,"3- B,S,C","cocoa, strawberry"
1588,2014,2.5,"2- B,S","pungent, off"
1589,2014,2.75,"2- B,S","molasses, sweet, choco"
1590,2014,3.0,"2- B,S","spicy, metallic, molasses"
1591,2014,3.0,"2- B,S","fatty, sligthly bland, earthy"
1592,2014,3.5,"2- B,S","high roast, nutty, deep choco"
1593,2019,2.5,"2- B,S*","floral, earthy, bitter"
1594,2019,2.75,"2- B,S*","dry, floral, dirty, coconut"
1595,2019,3.25,"2- B,S*","smooth, coconut, cocoa"
1596,2019,3.25,"2- B,S*","creamy, coconut, cocoa"
1597,2012,2.5,"4- B,S,C,L","sticky, tart, slight burnt"
1598,2012,2.5,"4- B,S,C,L","uneven, smokey, hammy"
1599,2022,2.5,"4- B,S,C,L","chewy, woody, off notes"
1600,2014,3.25,"3- B,S,C","intense, ham, butterscotch"
1601,2014,3.5,"3- B,S,C","intense, grassy, spicy, rich"
1602,2014,3.25,"3- B,S,C","acidic, pomegrant, brownie"
1603,2014,3.5,"3- B,S,C","dried fruit, rich cocoa"
1604,2015,2.75,"3- B,S,C","fatty, bitter, woody, roasty"
1605,2015,3.0,"3- B,S,C","dairy, caramel"
1606,2018,2.5,"3- B,S,C","earthy, floral, rubbery"
1607,2014,3.0,"3- B,S,C","fatty, creamy, olive"
1608,2014,3.5,"3- B,S,C","creamy, fatty, mild cherry"
1609,2018,3.25,"3- B,S,C","roasty/smokey, high acidity"
1610,2018,3.75,"3- B,S,C","dried fruit, mild hammy"
1611,2015,3.5,"3- B,S,V","accesible, simple cocoa note"
1612,2018,3.5,"3- B,S,C","grape, mild smoke, sandy"
1613,2022,3.0,"3- B,S,C","pungent, grape, apricot"
1614,2006,2.0,"4- B,S,C,V","sweet, crisp nibs"
1615,2006,2.0,"4- B,S,C,V",bitter coffee flavor
1616,2006,3.0,"4- B,S,C,V","creamy, licorice, herbs"
1617,2006,3.75,"4- B,S,C,V","creamy, raisins, licorice"
1618,2006,3.75,"4- B,S,C,V","grapefruit, spices"
1619,2006,3.75,"4- B,S,C,V",tropical fruit and mild smoke
1620,2006,2.0,"4- B,S,C,V","smooth, bold, bitter"
1621,2007,3.5,"4- B,S,C,V","cocoa, orange"
1622,2007,3.5,"4- B,S,C,V","creamy, smoke, raspberry"
1623,2012,3.75,"4- B,S,C,V","raisins, melon"
1624,2017,3.25,"4- B,S,C,V","sandy, earthy, fatty"
1625,2019,3.0,"4- B,S,C,V","sandy, grits, nutty, vanilla"
1626,2019,3.5,"4- B,S,C,V","dairy, cocoa, fatty, apple"
1627,2012,1.5,"4- B,S*,C,Sa","chemical, salt, wtf"
1628,2012,2.0,"4- B,S*,C,Sa","sticky, cardboard,why bother"
1629,2012,2.5,"4- B,S*,C,Sa","leather, salt"
1630,2013,2.5,"3- B,S*,Sa","molassses, palm, spicy"
1631,2013,3.25,"4- B,S,C,Sa","strawberry, cream, spice"
1632,2015,3.5,"3- B,S,C","woody, lemon, mild bitter"
1633,2015,3.5,"3- B,S,C","black pepper, dairy"
1634,2015,3.75,"3- B,S,C","spicy, rich, mint"
1635,2015,3.75,"3- B,S,C","nutty, grassy, woody"
1636,2015,3.25,"3- B,S,C","banana, melon, fatty"
1637,2015,3.5,"3- B,S,C","rum, herbal, rich"
1638,2018,3.0,"3- B,S,C","fatty, simple"
1639,2018,3.25,"3- B,S,C","candy spices, sweet"
1640,2018,3.5,"3- B,S,C","grape, cocoa"
1641,2018,3.25,"3- B,S,C","complex, true to origin"
1642,2012,3.5,"4- B,S,C,V","wine, brownie batter"
1643,2013,2.5,"4- B,S,C,V","unrefined, burnt nuts, vanilla"
1644,2019,3.0,"3- B,S,C","sandy, nutmeg, astringent"
1645,2019,3.0,"3- B,S,C","dry, sandy, empty, sweet"
1646,2019,3.0,"3- B,S,C","dry, sandy, dirt, empty"
1647,2021,2.75,"3- B,S,C","sandy, green, grassy, harsh"
1648,2021,3.0,"3- B,S,C","unripe fruit, sour, watery"
1649,2021,3.0,"3- B,S,C","sandy, bitter, sour fruit"
1650,2018,3.5,"2- B,S","cocoa, mild pear, sticky"
1651,2018,3.0,"2- B,S","intense, sour, hammy"
1652,2018,3.25,"2- B,S","cocounut, late sour"
1653,2018,3.75,"2- B,S","grape, thick, chewy"
1654,2010,2.75,"3- B,S,C","dry, coffee notes from roaster"
1655,2019,2.75,"3- B,S,C","sandy, harsh, floral"
1656,2016,3.5,"2- B,S","gritty, sweet, earty"
1657,2017,3.0,"2- B,S","few grits, intense smoke"
1658,2017,3.25,"2- B,S","tangy, roasty, ham"
1659,2017,3.5,"3- B,S,C","sweet, licoric"
1660,2017,3.5,"2- B,S","slight grainy, roasty, spicy"
1661,2019,3.75,"3- B,S,C","complex, fruit, nut, rich"
1662,2020,3.5,"3- B,S,C","sour fig, cocoa, creamy, fatty"
1663,2015,3.5,"2- B,S","coarse, smokey, citrus"
1664,2016,3.75,"2- B,S","sticky, blackberry, acidic"
1665,2019,3.0,"3- B,S,C","powdery, intense, floral"
1666,2012,2.5,"3- B,S,C","vanilla, artificial, sweet"
1667,2010,2.75,"3- B,S,C","rough, sweet, dairy, vanilla"
1668,2013,3.25,"3- B,S,C",basic cocoa
1669,2013,3.0,"3- B,S,C","strawberry, blueberry"
1670,2018,3.0,"2- B,S",earthy
1671,2018,2.5,"3- B,S,C","dirty, rubbery, spicy"
1672,2019,3.5,"2- B,S","dark berry, earthy"
1673,2019,3.0,"3- B,S,C","roasty, honey, sweet"
1674,2019,3.75,"2- B,S","cocoa, fig, classic"
1675,2021,2.75,"3- B,S,C","creamy, off note, rubbery, petro"
1676,2021,3.25,"3- B,S,C","dark fruit, slight harsh molasses"
1677,2015,3.0,"2- B,S","overly intense, tart, red fruit"
1678,2015,2.75,"2- B,S","intense, smokey, floral"
1679,2015,3.25,"2- B,S","dry, nutty, fruity"
1680,2011,2.75,"2- B,S","unrefined, hay, sweet"
1681,2011,2.75,"2- B,S","unrefined, bright berry, sweet"
1682,2018,3.25,"3- B,S,C","fatty, floral, spicy"
1683,2016,3.5,"2- B,S","earthy, spicy, cocoa"
1684,2021,3.5,"3- B,S,C","black tea, floral"
1685,2014,3.25,"3- B,S,C","smoke, ham, sour milk"
1686,2018,3.25,"3- B,S,C","chalky, powdery, molasses"
1687,2021,3.75,"2- B,S","intense, floral, cocoa,long lasting"
1688,2021,3.5,"3- B,S,C","licorice, cocoa"
1689,2015,3.25,"3- B,S,C","spicy, smoke, sour"
1690,2015,3.5,"3- B,S,C","spicy, sweet, fragrant"
1691,2015,3.5,"3- B,S,C","spicy, fragrant, bitter"
1692,2020,3.0,"3- B,S,C","light color, spicy, sweet, sour"
1693,2015,3.5,"3- B,S,C","grassy, spicy, sweet"
1694,2015,3.5,"3- B,S,C","sweet, rich"
1695,2018,3.5,"2- B,S","Fruity, Roasty"
1696,2016,2.75,"2- B,S","gritty, sweet, earthy"
1697,2016,2.75,"2- B,S","dry, earthy, atypical"
1698,2016,2.75,"2- B,S","sweet, molasses, gritty"
1699,2016,3.0,"2- B,S","gritty, tart, molasses"
1700,2013,2.5,"3- B,S,C","too sweet, earthy, off notes"
1701,2013,3.0,"3- B,S,C","earthy, spicy, cocoa"
1702,2012,2.5,"4- B,S,C,V","sandy, oranges"
1703,2013,3.75,"4- B,S,C,L","sandy, floral, spice, roasty"
1704,2013,3.75,"4- B,S,C,L","orange, floral, caramel"
1705,2014,3.25,"4- B,S,C,L","sandy, intense, tropical fruit"
1706,2014,2.75,"4- B,S,C,L","coarse, sweet, minty"
1707,2014,3.0,"4- B,S,C,L","coarse, sweet"
1708,2019,3.25,"3- B,S,C","bold, savory, creamy"
1709,2019,2.75,"3- B,S,C","strong, rubbery, woody, sweet"
1710,2013,3.5,"3- B,S,C","sandy, spicy, earthy"
1711,2014,2.25,"2- B,S","metallic, medicinal, pungent"
1712,2014,2.5,"2- B,S*","grassy, dirt, mild spice"
1713,2014,2.5,"2- B,S","intense, pungent, sour fruit"
1714,2014,3.5,"3- B,S,C","brownie, toffee"
1715,2018,3.25,"2- B,S","dry, sandy, sweet, acidic"
1716,2006,2.0,"5- B,S,C,V,L","non descript, poor aftertaste"
1717,2006,2.75,"5- B,S,C,V,L","grassy, earthy, burnt"
1718,2006,3.0,"5- B,S,C,V,L","pastey, complex, coffee,vanilla"
1719,2007,1.0,"5- B,S,C,V,L","pastey, strong off flavor"
1720,2008,3.75,"5- B,S,C,V,L","complex, intense banana"
1721,2010,2.5,"5- B,S,C,V,L","gritty, vanilla, non-descript"
1722,2015,2.25,"2- B,S","molasses, nut, roasty, bitter"
1723,2015,2.75,"2- B,S","molasses, rum, tea"
1724,2015,3.0,"2- B,S","molasses, bright fruit"
1725,2015,3.0,"2- B,S","molasses, malt, raisin"
1726,2018,3.0,"2- B,S",notes from sugar
1727,2022,3.25,"3- B,S,C","molasses, dried fruit"
1728,2022,3.0,"3- B,S,C","molasses, earthy, flat"
1729,2013,2.75,"3- B,S,C","spicy, red fruit, raisins"
1730,2013,3.5,"3- B,S,C","single note, spicy"
1731,2019,3.75,"3- B,S,C","floral, cocoa, creamy"
1732,2018,3.0,"3- B,S,C","pungent, grape, sour"
1733,2018,3.0,"3- B,S,C","sweet, melon notes"
1734,2018,2.75,"3- B,S,C","spicy, vanilla, sweet"
1735,2018,3.0,"3- B,S,C","basic cocoa, sour ending"
1736,2019,2.75,"3- B,S,C","sour, rubbery, off"
1737,2019,3.25,"3- B,S,C","strong base cocoa, rubber"
1738,2014,3.0,"4- B,S*,V,L","nutty, high roast, spice"
1739,2014,3.0,"4- B,S*,V,L","coconut, mild metallic"
1740,2014,3.25,"4- B,S*,V,L","roasty, mild orange"
1741,2012,3.0,"3- B,S,C","sweet, candy like, dairy"
1742,2012,3.0,"3- B,S,C","sweet, spicy, cocoa"
1743,2022,3.5,"2- B,S","orange,citrus, high astringency"
1744,2022,3.25,"2- B,S","sl. Burnt, nutty, fruit in back"
1745,2022,3.75,"2- B,S","delicate, coffee, caramel"
1746,2022,3.0,"2- B,S","sl. sweet, basic cocoa"
1747,2022,3.0,"2- B,S","grass, tobacco"
1748,2022,3.5,"2- B,S","tart, lemony , high astringency"
1749,2012,3.0,"2- B,S","woody, coffee,roasted cherry"
1750,2012,2.75,"2- B,S","fatty, honey, earthy"
1751,2012,3.25,"2- B,S","sandy, strawberries"
1752,2015,3.75,"2- B,S","rich, cherry, smoke, cocoa"
1753,2015,2.75,"2- B,S","earthy, roasted nuts"
1754,2015,3.0,"2- B,S","intense, slightly burnt"
1755,2015,3.5,"2- B,S","fruity, sour, high astringent"
1756,2015,3.75,"2- B,S","rich, mild smoke, red fruit"
1757,2020,3.0,"3- B,S,C","cocoa, nut, dried fruit, rubbery"
1758,2020,3.25,"3- B,S,C","spicy, cocoa, hammy"
1759,2016,3.5,"3- B,S,C","nutty, banana, cocoa"
1760,2010,2.5,"5- B,S,C,V,L","grassy, vanilla, burnt"
1761,2015,3.75,"2- B,S","creamy, roasty, mild grape"
1762,2019,3.75,"2- B,S","intense grapes, sweet cocoa"
1763,2015,3.75,"3- B,S,C","melon, earthy, tobacco"
1764,2015,4.0,"3- B,S,C","peanut butter, raspberry"
1765,2014,2.75,"2- B,S","smoke, sour fruit, hammy"
1766,2014,3.0,"2- B,S","smoke, sour fruit, hammy"
1767,2014,3.25,"2- B,S","intense, bitter, sour, smokey"
1768,2014,3.5,"2- B,S","smokey, intense, coffee"
1769,2016,2.75,1- B,"bitter, intense, nutty"
1770,2016,3.5,"2- B,S","cocoa, roasty, nutty"
1771,2020,3.0,"2- B,S","damp woody, leather, cocoa"
1772,2020,3.0,"2- B,S","sour banana, muted"
1773,2020,3.25,"2- B,S","dominant hazelnut, fudge"
1774,2020,3.25,"2- B,S","intense tart, sourness"
1775,2020,3.75,"2- B,S","silky smooth, cherry, cocoa"
1776,2020,3.25,"2- B,S","walnut, tobacco, grassy"
1777,2020,3.75,"2- B,S","complex,cranberry,malt, vanilla"
1778,2021,3.75,"2- B,S","blackberry, tang"
1779,2021,3.0,1- B,"sharp fruit, intense, sl. Sour"
1780,2021,3.25,"2- B,S","burnt fudge, nutty"
1781,2021,3.25,"2- B,S","deep cocoa, cherry, slight ashy"
1782,2021,3.0,"2- B,S","berries, burnt, rubbery, off"
1783,2021,3.5,"2- B,S","strong start, fruity, acidic"
1784,2015,2.75,"3- B,S,C","off notes, sour, roasty"
1785,2015,3.0,"3- B,S,C","sweet,sandy, fruit, pungent"
1786,2011,3.5,"2- B,S","rich cocoa, one dimensional"
1787,2018,3.75,"3- B,S,C","creamy, cherry, acidic"
1788,2009,2.75,"3- B,S,C","sandy, cheese, sour"
1789,2009,3.0,"3- B,S,C","fatty,cheese, musty"
1790,2010,3.0,"3- B,S,C","earthy, cheesy"
1791,2010,3.0,"3- B,S,C","gritty, simple cocoa, burnt"
1792,2011,2.0,"5- B,S,C,V,L","intense, medicinal, leathery"
1793,2011,2.75,"5- B,S,C,V,L","rubber, cocoa, bitter"
1794,2011,2.75,"5- B,S,C,V,L","creamy, medicinal, mint, bitter"
1795,2011,3.0,"5- B,S,C,V,L","sticky, berry, bitter"
1796,2011,2.75,"4- B,S,C,L","grits, strong vanilla, brownie"
1797,2014,3.0,"3- B,S,C",intensely smokey
1798,2014,3.5,"3- B,S,C","red berry, mild molasses"
1799,2016,3.75,"3- B,S,C","sweet, dried fruit, gateway"
1800,2018,3.0,"3- B,S,C","intense spice, coarse"
1801,2020,3.25,"2- B,S","sweet, tart, raisin, sour ending"
1802,2020,3.25,"2- B,S","roast dominates,spicy,astringent"
1803,2020,3.5,"2- B,S","sweet edge, dried fruit, lemon"
1804,2021,3.25,"3- B,S,C","caramel, honey, roasty"
1805,2021,3.5,"3- B,S,C","tart, green apple, rich"
1806,2021,2.75,"3- B,S,C","burnt honey, rubbery"
1807,2021,3.25,"3- B,S,C","grape, punchy, deep cocoa"
1808,2013,2.75,"3- B,S,C","sandy, ashey, mild fruit"
1809,2013,2.75,"3- B,S,C","sandy, roasty, fruity"
1810,2013,2.75,"3- B,S,C","grits, roasty, woody"
1811,2013,3.0,"3- B,S,C","sandy, cinamon, high roast"
1812,2013,3.0,"3- B,S,C","spicy, sweet, high roast"
1813,2018,3.0,"3- B,S,C","fatty, bland, some spice"
1814,2009,3.0,"3- B,S,C",vegetable and honey
1815,2009,3.0,"3- B,S,C","creamy, sour banana, lemon"
1816,2009,3.25,"3- B,S,C","rich cocoa, bread notes"
1817,2011,3.75,"3- B,S,C","creamy, melon, subtle"
1818,2014,2.75,"3- B,S,C","fatty, dates, musty"
1819,2014,3.25,"2- B,S","creamy, mild bitter, coffee"
1820,2006,3.0,"5- B,S,C,V,L","muddy, pastey, sweet, vanilla"
1821,2009,3.0,"5- B,S,C,V,L","sticky, tobacco"
1822,2012,3.0,"4- B,S,C,L","dry, banana, molasses"
1823,2012,3.0,"4- B,S,C,L","sandy, molasses, brownie"
1824,2008,2.75,"4- B,S,C,L","floral, rubber, vanilla, metallic"
1825,2008,3.0,"4- B,S,C,L","sandy, rubber, spice, floral"
1826,2008,3.0,"4- B,S,C,L","creamy, sweet, green"
1827,2008,2.0,"3- B,S,C","bitter, earthy"
1828,2008,3.5,"4- B,S,C,L","sandy, green, spice, nuts"
1829,2011,3.5,"4- B,S,C,L","waxy, sandy, floral"
1830,2012,2.75,"4- B,S,C,L","spice, mostly bitter"
1831,2012,4.0,"4- B,S,C,L","light color,complex,molasses"
1832,2014,3.25,"4- B,S,C,L","floral, green, tannic"
1833,2014,3.5,"4- B,S,C,L","savory, smokey"
1834,2014,3.75,"4- B,S,C,L","creamy, green fruit, candied"
1835,2014,4.0,"4- B,S,C,L","creamy, spicy, cocoa"
1836,2016,4.0,"4- B,S,C,L","complex, balanced"
1837,2018,3.5,"5- B,S,C,V,L","vanilla, sweet, gateway"
1838,2018,3.25,"5- B,S,C,V,L","molasses, tart, vegetal"
1839,2018,3.75,"5- B,S,C,V,L","creamy, tobacco, cocoa"
1840,2014,2.75,"2- B,S","vinegar, sour"
1841,2014,3.75,"2- B,S","red fruit, intense, bright"
1842,2014,2.75,"2- B,S","earthy, nutty, black pepper"
1843,2014,3.5,"2- B,S","intense floral, slight woody"
1844,2014,3.75,"2- B,S","mellow, fruity, brownie"
1845,2015,3.25,"2- B,S","slow, sweet, spicy"
1846,2015,3.25,"2- B,S*","maple, spicy, cocoa"
1847,2015,3.5,"2- B,S","rich cocoa, dried fruit"
1848,2015,3.75,"2- B,S","cocoa, melon, dairy"
1849,2016,2.75,"2- B,S","fruity, off rubber"
1850,2016,3.0,"2- B,S","strawberry, savory"
1851,2017,2.75,"2- B,S","grape, pungent, off sour"
1852,2017,3.5,"2- B,S","sticky, bold, nutty, fig"
1853,2017,2.75,"2- B,S","creamy, burnt rubber, off"
1854,2019,3.5,"2- B,S","intense spicy, floral"
1855,2016,3.0,"2- B,S","intense, bitter, spicy"
1856,2019,3.25,"2- B,S","fig, sour, rubbery"
1857,2019,3.25,"2- B,S","fruit, sour, roasty"
1858,2019,3.25,"2- B,S","cocoa, earthy, roasty"
1859,2019,3.5,"2- B,S","sandy, fruit, cocoa, sour"
1860,2019,2.75,"2- B,S","harsh, tobacco, roasty"
1861,2019,3.0,"2- B,S","burnt caramel, coffee"
1862,2014,3.5,"3- B,S,V","mild nutty, basic cocoa"
1863,2014,3.0,"2- B,S","gritty, woody, acidic"
1864,2014,3.5,"2- B,S","mild spice, grapes"
1865,2015,3.5,"2- B,S","intense, blackberry, acidic"
1866,2016,3.25,"2- B,S","sour, earthy, roasty"
1867,2019,2.75,"3- B,S,C","fatty, woody, poor aftertaste"
1868,2019,2.75,"3- B,S,C","rubbery, buttery, soil"
1869,2019,3.0,"3- B,S,C","nut, roasty, high astringent"
1870,2013,2.5,"4- B,S,C,V","gritty, sweet, off"
1871,2013,2.75,"4- B,S,C,V","gritty, earthy, melon"
1872,2007,4.0,"3- B,S,C","mild tart, wine, red fruit, long"
1873,2009,4.0,"3- B,S,C","simple red berry, rich, long"
1874,2009,3.5,"3- B,S,C","creamy, fruit forward, rich"
1875,2009,3.5,"3- B,S,C","earthy, nutty"
1876,2011,3.75,"3- B,S,C","smooth, red berry, cocoa"
1877,2013,4.0,"3- B,S,C","creamy, cocoa, grapes"
1878,2014,2.25,"2- B,S*","sticky, mild citrus, earthy"
1879,2014,2.75,"2- B,S*","coarse, sweet, tart, earthy"
1880,2015,3.0,"3- B,S,C","coarse, earthy, sweet"
1881,2018,3.0,"3- B,S*,C","mild smokey, black licorice"
1882,2019,3.25,"4- B,S,C,L","off aroma, anise, dried fruit"
1883,2006,4.0,"5- B,S,C,V,L","mild tart, long and rich"
1884,2006,3.0,"5- B,S,C,V,L","red fruit, smokey, sour"
1885,2006,3.75,"5- B,S,C,V,L","rich cocoa, marshmallow"
1886,2007,4.0,"5- B,S,C,V,L","rich cocoa, tart citrus"
1887,2007,3.75,"5- B,S,C,V,L","creamy, cocoa, grassy"
1888,2007,4.0,"5- B,S,C,V,L","tangy, floral, spicy, cocoa"
1889,2007,3.5,"5- B,S,C,V,L","cinamon, bitter aftertaste"
1890,2009,3.0,"5- B,S,C,V,L","smokey, floral, mild"
1891,2009,3.0,"5- B,S,C,V,L","bland, subtle dairy, burning"
1892,2010,3.0,"5- B,S,C,V,L","strong vanilla, nutty, spicey"
1893,2010,3.25,"5- B,S,C,V,L",berry notes with sweet edge
1894,2010,3.75,"5- B,S,C,V,L","chunky, rich and spicy"
1895,2010,3.0,"5- B,S,C,V,L","bitter, coffee, cocoa"
1896,2015,3.25,"5- B,S,C,V,L","mild fruit, woody"
1897,2019,3.0,"4- B,S,C,L","powdery, roasty, off flavor"
1898,2019,3.0,"4- B,S,C,L","rich cocoa, off flavor"
1899,2021,3.5,"4- B,S,C,L","fruity, rich, grassy"
1900,2020,3.0,"3- B,S,C","swiss miss, pistachio, rich"
1901,2020,3.5,"3- B,S,C","sweet, cream, cherry, rich"
1902,2020,3.5,"3- B,S,C","creamy, fruity, mocha"
1903,2016,2.5,"4- B,S,V,L","banana, earthy ending"
1904,2014,3.25,"2- B,S","intense, dried fruit, roasty"
1905,2014,2.5,"2- B,S","intense smoke, medicinal"
1906,2014,3.25,"2- B,S","tobacco, woody, rum"
1907,2014,3.5,"2- B,S","intense, floral, leather"
1908,2015,2.5,"3- B,S,C","coarse, earthy, metal, sweet"
1909,2015,2.75,"2- B,S","dry, sandy, earthy, leathery"
1910,2015,2.75,"3- B,S,C","metal, earthy, pungent"
1911,2015,2.75,"3- B,S,C","metal, molasses, roasty"
1912,2015,3.25,"2- B,S","chunky, dairy, nutty, rich"
1913,2020,3.0,"3- B,S,C","sandy, dried fruit, earthy"
1914,2020,3.0,"3- B,S,C","slightly bitter, earthy, fruity"
1915,2020,3.25,"3- B,S,C","raisins, grapes, tart"
1916,2012,2.5,"3- B,S,C","molasses, banana, chemical"
1917,2012,2.75,"3- B,S,C","dry, red berry, off note"
1918,2021,2.75,"3- B,S,C","sweet, spoiled milk, vegetal"
1919,2021,3.0,"3- B,S,C",tart with woody undertones
1920,2021,3.0,"3- B,S,C","extra sweet, nutty, deep cocoa"
1921,2010,3.75,"2- B,S","bright red fruit,smoke,powerful"
1922,2011,3.5,"2- B,S","grass,chewy,nibs add bitterness"
1923,2011,3.0,"2- B,S","fudgey, mild smoke"
1924,2011,2.75,"2- B,S","grassy, earthy"
1925,2011,3.5,"2- B,S","mint, candied"
1926,2014,3.75,"2- B,S","mildy nutty, cocoa, spice"
1927,2016,3.75,"2- B,S","dense, rich, nuanced"
1928,2018,4.0,"2- B,S","marshmallow, distinquished"
1929,2021,3.75,"2- B,S","light cocoa, dairy,faint cinnamon"
1930,2021,3.75,"2- B,S","anise, cocoa, dried fruit"
1931,2006,3.75,"4- B,S,C,L","creamy, spicy"
1932,2006,3.0,"4- B,S,C,L","smoke dominates, mild fruit"
1933,2006,3.75,"4- B,S,C,L","vegetal, fruit, smoke"
1934,2006,3.0,"4- B,S,C,L","earthy, tobacco, mushroom"
1935,2006,3.0,"4- B,S,C,L","sandy, roasty, cocoa"
1936,2006,3.5,"4- B,S,C,L","tart, fruit, cocoa"
1937,2006,3.0,"4- B,S,C,L","creamy, fatty, burnt"
1938,2007,4.0,"4- B,S,C,L","large nibs, spicy, cocoa"
1939,2008,3.0,"2- B,C","fatty, mild fruit, bitter, smoke"
1940,2008,2.0,"4- B,S,C,L","sandy, sour"
1941,2008,3.5,"4- B,S,C,L","complex, herbal, sour"
1942,2009,2.0,"4- B,S,C,L","creamy, burnt,ashey, lemon"
1943,2010,3.5,"4- B,S,C,L","nutty, red berry, rich"
1944,2011,3.25,"4- B,S,C,L","burnt nuts, subtle fruit"
1945,2015,3.25,"3- B,S,C","subdued, floral, nutty, fatty"
1946,2019,3.0,"4- B,S,C,L","complex, smoke, intense, ham"
1947,2019,3.0,"4- B,S,C,L","fruit, woody, ashey, fatty"
1948,2019,3.0,"4- B,S,C,L","roasty, black licorice, rubbery"
1949,2019,3.25,"4- B,S,C,L","tobacco,deep cocoa, sl. burnt"
1950,2019,3.5,"4- B,S,C,L","deep cocoa, fatty, mild ashey"
1951,2019,3.0,"4- B,S,C,L","high acidity,roasty,sour,chalky"
1952,2019,3.25,"4- B,S,C,L","rich cocoa, fatty, roasty"
1953,2019,3.5,"4- B,S,C,L","spicy, cocoa"
1954,2019,3.0,"4- B,S,C,L","sandy, coffee, sweet, roasty"
1955,2019,3.5,"4- B,S,C,L","dried fruit, floral"
1956,2018,3.25,"2- B,S*","sour palm, rich cocoa, fruit"
1957,2018,3.25,"2- B,S*","molasses, coffee, cocoa"
1958,2019,2.75,"2- B,S","fruit, tart, fertilzer"
1959,2014,2.75,"3- B,S,C","nutty, fuel, intense"
1960,2014,3.0,"3- B,S,C","perfume, roasted caramel"
1961,2014,3.25,"3- B,S,C","long, mellow, buttery"
1962,2014,2.75,"3- B,S,C","floral, slightly burnt, intense"
1963,2015,3.5,"3- B,S,C","dark berry, mild floral"
1964,2015,3.5,"3- B,S,C","dairy, butterscotch, caramel"
1965,2015,2.75,"3- B,S,C","chunky, earthy, rubber"
1966,2016,3.5,"3- B,S,C","floral, grain, deep cocoa"
1967,2017,3.75,"2- B,S","sticky, mild, hay, honey"
1968,2018,3.25,"3- B,S,C",dominant savory
1969,2012,2.75,"4- B,S,C,L","fatty, vanilla, orange"
1970,2017,3.5,"4- B,S,C,L","intense, fig, roasty, citrus"
1971,2017,3.25,"4- B,S,C,L","few grits, strong floral"
1972,2017,3.25,"4- B,S,C,L",intense smoke
1973,2017,3.5,"4- B,S,C,L","spice, sunflower"
1974,2017,3.75,"4- B,S,C,L","peanut, soy, sunflower"
1975,2012,3.0,"3- B,S,C","sweet, intense banana"
1976,2012,3.25,"3- B,S,C","muted, banana, hot cocoa"
1977,2013,3.25,"3- B,S,C","sticky, intense, roasty, fruit"
1978,2013,3.5,"3- B,S,C","mild bitter, banana, citrus"
1979,2013,2.75,"3- B,S,C","creamy, too sweet, sour"
1980,2013,3.25,"3- B,S,C","tannic, fruity, cocoa"
1981,2018,3.0,"3- B,S,C","pungent, grapes"
1982,2019,3.75,"3- B,S,C","bold, nutty, floral, wine"
1983,2020,3.5,"3- B,S,C","intense plum, harsh woody"
1984,2020,4.0,"3- B,S,C",grapes and honey
1985,2021,3.75,"3- B,S,C","bold, fig w/ floral undertone"
1986,2016,2.75,"3- B,S,C","gritty, waxy, leather"
1987,2016,3.0,"3- B,S,C","waxy, gritty, spicy, hammy"
1988,2011,3.5,"3- B,S,C","creamy, pasty, bitter, cocoa"
1989,2012,3.25,"3- B,S,C","gritty, sticky, candied"
1990,2015,2.75,"3- B,S,C","refined, honey, rubber"
1991,2016,3.0,"3- B,S,C","pungent, green, citrus"
1992,2017,3.25,"3- B,S,C",green
1993,2017,3.5,"3- B,S,C",basic cocoa
1994,2010,2.75,"5- B,S,C,V,L","Easter candy, burnt"
1995,2010,3.0,"3- B,S,C",slightly dry and super spicey
1996,2015,2.5,"2- B,S","oily, intense vinegar"
1997,2015,3.25,"2- B,S","fruity, melon"
1998,2015,3.5,"2- B,S","dried fruit, raisins, nutty"
1999,2021,3.25,"2- B,S","fruit, yogurt, astringent"
2000,2016,3.25,"3- B,S,C","fatty, cocoa"
2001,2018,3.75,"3- B,S,C","creamy, complex, maple"
2002,2018,3.75,"3- B,S,C",dominant spice
2003,2018,3.5,"3- B,S,C","floral, malt, high astringcy"
2004,2019,3.5,"3- B,S,C","floral, roasted cacao, dirty"
2005,2019,3.5,"3- B,S,C","grassy, earthy, roasty, dirty"
2006,2021,3.5,"3- B,S,C","gateway, nutty, rich cocoa"
2007,2012,2.5,"3- B,S,C","smooth, green, vegetal"
2008,2007,3.0,"4- B,S,C,L","cinamon, hazelnut, roasty"
2009,2007,3.5,"4- B,S,C,L","creamy, caramel, dairy"
2010,2007,3.75,"4- B,S,C,L","vanilla, dark roast, spicy"
2011,2009,2.5,"4- B,S,C,L","strong rubber, off chemical"
2012,2010,3.25,"4- B,S,C,L","strong spicey, earthy green"
2013,2011,3.5,"2- B,S","dark berry, woody,astringent"
2014,2012,4.0,"2- B,S","dark berry, tropical, nutty"
2015,2012,3.25,"2- B,S","dried fruit, nut, bitter, roasty"
2016,2012,3.5,"2- B,S","orange, heavy roast"
2017,2013,3.75,"2- B,S","thick, slow, pure"
2018,2013,3.0,"2- B,S","intense, roasty, spice"
2019,2015,3.5,"2- B,S","mild bitter, woody, bourbon"
2020,2015,3.5,"2- B,S","sticky, woody"
2021,2016,3.75,"2- B,S","floral, bourbon, balanced"
2022,2017,3.75,"3- B,S,C","smooth, coffee, rich cocoa"
2023,2019,3.5,"2- B,S","complex, honey, fruit, nut"
2024,2019,3.5,"2- B,S","rich brownie, dried fruit"
2025,2020,3.5,"3- B,S,C","tart fruit, roasty"
2026,2018,3.0,"3- B,S,C","muted, heavy roast"
2027,2019,2.5,"3- B,S,C","fatty, rubbery, nutty"
2028,2019,2.5,"3- B,S,C","fatty, rubbery, off"
2029,2016,3.25,"2- B,S","dried fruit, intense"
2030,2016,3.25,"2- B,S","fatty, honey, slight sour"
2031,2016,3.25,"2- B,S","roasty, coffee, intense"
2032,2013,3.25,"5- B,S,C,V,L","rich cocoa, nutty"
2033,2013,3.25,"4- B,S,C,L","basic cocoa, large nibs"
2034,2012,3.5,"3- B,S,C","earthy, mild nutty"
2035,2008,2.75,"2- B,S","nutty, earthy, mild off note"
2036,2008,2.75,"2- B,S","sandy, heavy roast, woody"
2037,2008,3.0,"2- B,S","raisins, sour, roasty"
2038,2008,3.0,"2- B,S","dry, honey, roasty"
2039,2009,3.5,"2- B,S","mint, sweet spices"
2040,2010,3.75,"2- B,S","smooth,intense,fruit, complex"
2041,2011,3.0,"2- B,S","rich brownie, roasty, sour"
2042,2012,3.75,"2- B,S","floral, bourbon, mocha"
2043,2013,3.5,"2- B,S","creamy, heavy roast, citrus"
2044,2013,3.5,"2- B,S","sticky, earthy, smokey"
2045,2013,4.0,"2- B,S","smooth, banana, tart, roasty"
2046,2013,3.75,"2- B,S","intense, dark berry, spice"
2047,2014,3.75,"2- B,S","red fruit, intense, earthy"
2048,2015,3.75,"2- B,S","deep, rich, nutty, roasty"
2049,2015,3.25,"2- B,S","roasty, dried fruit, sour"
2050,2016,3.75,"2- B,S","robust, tart, roasty"
2051,2011,3.5,"3- B,S,C","fatty, roasty, coffee"
2052,2011,2.5,"3- B,S,C","intense, burnt, chemical"
2053,2011,3.5,"3- B,S,C","uneven melt, cashew"
2054,2011,2.75,"3- B,S,C","smokey, nutty, fat residue"
2055,2012,2.5,"3- B,S,C","fatty, chemical, roasty"
2056,2012,2.25,"3- B,S,C","fatty, burnt, nut, vegetal"
2057,2012,2.5,"3- B,S,C","buttery, sour tang, off notes"
2058,2017,3.75,"3- B,S,C","nuts, chocolate, mellow"
2059,2021,3.75,"3- B,S,C","blackberry, mild floral"
2060,2017,2.75,"3- B,S*,C","off note, vegetal, nibby"
2061,2018,3.0,"3- B,S,C","cocoa base, spice"
2062,2018,3.5,"3- B,S,C","complex, coarse, astringent"
2063,2021,3.5,"2- B,S","clean, pure cocoa, cherry, gritty"
2064,2021,2.75,"2- B,S","mild smoke, tart, spice, harsh"
2065,2010,3.5,"3- B,S,C","sandy, subtle fruit then cocoa"
2066,2010,1.5,"3- B,S,C","sticky, intense, very bitter"
2067,2010,3.0,"3- B,S,C","fudgey, astringent, sour"
2068,2010,3.5,"3- B,S,C","fatty, cocoa, nutty"
2069,2010,3.5,"3- B,S,C","sandy, sweet, spice"
2070,2012,2.75,"4- B,S*,C,V","grassy, strong bitter"
2071,2012,3.25,"4- B,S*,C,V","grassy, maple"
2072,2008,3.5,"4- B,S,C,L","creamy, vanilla, rich"
2073,2008,3.5,"4- B,S,C,L","nutty, spicy, floral"
2074,2008,3.5,"4- B,S,C,L","nutty, basic cocoa"
2075,2008,3.5,"4- B,S,C,L","floral, spicey"
2076,2017,3.25,"4- B,S,C,L","few grits, basic, gateway"
2077,2006,2.0,"5- B,S,C,V,L","too sweet, candy-like"
2078,2006,3.0,"5- B,S,C,V,L","sweet, cherry, marshmallow"
2079,2006,3.75,"5- B,S,C,V,L","rustic, cherry, marshmallow"
2080,2009,2.75,"3- B,S,L","roasty,rich cocoa,marshmallow"
2081,2009,3.0,"5- B,S,C,V,L","sweet, marshmallow"
2082,2011,2.75,"5- B,S,C,V,L","perfume, vanilla"
2083,2006,2.0,"5- B,S,C,V,L","dry, bitter, poor aftertaste"
2084,2006,3.5,"5- B,S,C,V,L","cherry, mild bitter"
2085,2006,2.0,"5- B,S,C,V,L","fruity, smokey, burnt"
2086,2006,2.0,"5- B,S,C,V,L","fresh nibs,chocolate base off"
2087,2006,3.0,"5- B,S,C,V,L","tobacco, sweet, dairy"
2088,2007,3.0,"5- B,S,C,V,L",strong smokey tobacco
2089,2007,3.0,"5- B,S,C,V,L","sweet, base cocoa"
2090,2007,3.75,"5- B,S,C,V,L","complex, strawberry, tart"
2091,2007,3.0,"5- B,S,C,V,L","smooth,complex,cocoa base"
2092,2008,3.0,"5- B,S,C,V,L","grassy, black pepper, smoke"
2093,2009,3.75,"5- B,S,C,V,L","smooth, tart, earthy"
2094,2009,4.0,"5- B,S,C,V,L","simple, delicate cocoa, long"
2095,2009,3.75,"5- B,S,C,V,L","creamy, grassy, banana, tart"
2096,2010,3.5,"5- B,S,C,V,L","smooth, grassy, minty"
2097,2010,3.75,"5- B,S,C,V,L","clingy,subtle, tangy, citrus"
2098,2011,3.75,"5- B,S,C,V,L","cherry,wine,rich,smoke"
2099,2012,4.0,"4- B,S,C,L","banana, pear, spice, cheese"
2100,2015,2.75,"2- B,S","rustic, vegetal, earthy"
2101,2015,2.75,"2- B,S","off, sweet, orange, rubber"
2102,2018,2.75,"2- B,S","dry, earthy, surface mark"
2103,2018,3.25,"2- B,S","sticky, cherry, cocoa"
2104,2018,3.0,"2- B,S","earthy, mild fruit, sticky"
2105,2019,2.75,"2- B,S","sharp, raw, metallic"
2106,2019,3.5,"2- B,S","cocoa, roasty, sticky"
2107,2021,3.5,"2- B,S","orange, fig, cocoa"
2108,2021,3.5,"2- B,S",blueberry & cocoa dominate
2109,2021,3.25,"2- B,S","sl roasty, woody, melon, spicy"
2110,2021,3.5,"2- B,S","sticky, dark berry, roasty edge"
2111,2019,3.5,"3- B,S,C",full cocoa flavor
2112,2019,3.0,"3- B,S,C","spicy, rich cocoa, sweet"
2113,2019,3.0,"3- B,S,C","black pepper, astringent"
2114,2014,3.0,"2- B,S","coffee, nutty"
2115,2014,3.25,"2- B,S","fruity, blueberry"
2116,2015,3.25,"2- B,S","sticky, dried fruit, smoke"
2117,2015,3.5,"2- B,S","chewy, smoke, fruit, cocoa"
2118,2015,2.75,"2- B,S","smoked ham, tangy, berry"
2119,2015,3.5,"2- B,S","grapes, tangy, cocoa"
2120,2011,2.0,"4- B,S,C,V","sticky, earthy, medicinal"
2121,2011,2.5,"4- B,S,C,V","perfume, floral, chemical"
2122,2011,3.5,"3- B,S,C","strong spice, perfume, roasty"
2123,2016,3.25,"3- B,S,C","earthy, roasty, vegetal"
2124,2015,3.25,"3- B,S,C","gritty, fatty, coffee"
2125,2015,3.5,"3- B,S,C","gritty, bold, black pepper"
2126,2012,2.5,"3- B,S,C","sandy, sweet, vanilla"
2127,2022,3.5,"3- B,S,C","brownie, mocha, marshmallow"
2128,2011,3.0,"4- B,S,C,Sa","fatty, cocoa, spicy"
2129,2011,3.25,"4- B,S,C,Sa","nutty, salty"
2130,2011,3.25,"4- B,S,C,Sa","fatty, sweet, salty"
2131,2011,3.0,"4- B,S,C,Sa","fatty, salty, caramel"
2132,2014,3.75,"3- B,S,C","tart, sweet edge"
2133,2014,3.75,"3- B,S,C","intense fruity, mild sour"
2134,2014,3.75,"3- B,S,C","intense, rich, burnt, licorice"
2135,2015,3.0,1- B,"creamy, tart, bitter"
2136,2015,3.0,1- B,"floral, bourbon, bitter"
2137,2015,3.0,"2- B,S","waxy, earthy, cocoa, roasty"
2138,2015,3.25,"2- B,S*","waxy, maple, flat"
2139,2015,3.25,"2- B,S","oily, medium roasted cocoa"
2140,2016,3.5,"2- B,S","sticky, raisins, fudgey"
2141,2016,3.5,"2- B,S","basic cocoa, gateway"
2142,2016,3.75,"2- B,S","rich cocoa, spicy"
2143,2017,3.75,"2- B,S","caramel, anise, dried fruit"
2144,2021,3.0,"3- B,S,C","bland, sour, lacks development"
2145,2021,3.25,"3- B,S,C","butterscotch, slight burnt note"
2146,2015,2.75,"4- B,S,C,V","sweet, vanilla, cocoa, mold"
2147,2015,3.0,"3- B,S,C","mild, nutty, vanilla, cocoa"
2148,2015,3.25,"3- B,S,C","few grits, sweet, orange"
2149,2015,3.5,"3- B,S,C","few grits, bold, dark berry"
2150,2015,3.75,"3- B,S,C","bold cherry, rich cooa"
2151,2015,3.75,"3- B,S,C","cigar, tobacco, grass, spice"
2152,2015,4.0,"3- B,S,C","creamy, pistachio, floral"
2153,2015,2.75,"3- B,S,C","floral, intense, pungent"
2154,2015,3.5,"3- B,S,C","smokey, tart, astringent"
2155,2015,3.0,"3- B,S,C","light brown, grits, floral"
2156,2015,3.75,"3- B,S,C",mild cacao and fruit notes
2157,2016,3.75,"3- B,S,C","creamy, fruit, cocoa"
2158,2016,4.0,"3- B,S,C","ligt color, creamy, peanut"
2159,2016,3.75,"3- B,S,C","apple, mild cherry"
2160,2016,3.0,"3- B,S,C","creamy, molasses, off note"
2161,2016,3.75,"3- B,S,C","delicate, smooth, dairy"
2162,2016,3.25,"3- B,S,C","gummy, fatty, earthy"
2163,2017,3.5,"3- B,S,C","cherry, rich choco"
2164,2017,3.5,"3- B,S,C","complex, earthy, melon"
2165,2010,3.0,"3- B,S,C","mild cocoa, fruity"
2166,2010,3.25,"3- B,S,C","fudgey then spicy, vanilla"
2167,2011,1.5,"3- B,S,C","perfume, strong chemical"
2168,2018,3.25,"3- B,S*,C","nuts, fruit, cocoa"
2169,2017,2.75,"3- B,S,C","grassy, hammy"
2170,2015,3.0,"2- B,S","tangy, sour, intense"
2171,2016,3.5,"2- B,S","intense, simple, floral, earthy"
2172,2016,2.75,"2- B,S","sticky, hammy, bitter"
2173,2016,2.75,"2- B,S","sticky, sandy, pungent"
2174,2019,2.5,"3- B,S,C","intense, dirty,floral,medicinal"
2175,2016,3.25,"2- B,S","sweet, roasty, spicy"
2176,2016,3.25,"2- B,S","spicy, roasted, fresh nibs"
2177,2013,3.0,"2- B,S","dry, molasses, sour"
2178,2013,3.0,"2- B,S","dairy, cheese, molasses"
2179,2013,3.25,"2- B,S","intense, leathery, cocoa"
2180,2013,3.25,"3- B,S,C","molasses, grape, sour"
2181,2013,3.5,"3- B,S,C","creamy, nutty, cocoa"
2182,2014,3.0,"3- B,S,C","molasses, licorice, muted"
2183,2017,3.25,"3- B,S,C","sticky, strong molasses"
2184,2018,3.25,"3- B,S,C","molasses undertone, tangy"
2185,2021,3.5,"3- B,S,C","molasses, raisins, astringent"
2186,2009,3.0,"3- B,S,C","sticky, few grits, mild fruit,sour"
2187,2009,3.5,"3- B,S,C","earthy, woody, vegetal"
2188,2009,3.0,"3- B,S,C","slow to develop, nutty"
2189,2009,3.5,"3- B,S,C","smokey, mushroom, woodsy"
2190,2009,3.75,"3- B,S,C","subtle red berry, complex"
2191,2009,3.75,"3- B,S,C",black tea
2192,2010,3.75,"3- B,S,C","complex, nut, dried fruit, earth"
2193,2011,2.75,"3- B,S,C","super temper,astringent, burn"
2194,2011,3.5,"3- B,S,C","earthy, mild tannic, woody"
2195,2011,4.0,"3- B,S,C","strawberry, cocoa, nutty"
2196,2011,4.0,"3- B,S,C","complex,spice,caramel,cocoa"
2197,2011,3.75,"3- B,S,C","dried fruit, tart"
2198,2011,3.5,"3- B,S,C","strawberry, green mint"
2199,2012,3.25,"3- B,S,C","uneven, grassy, roasty"
2200,2012,3.75,"3- B,S,C","cranberries, cocoa"
2201,2012,4.0,"3- B,S,C","creamy, raisin, lemon"
2202,2012,4.0,"3- B,S,C","creamy, complex, peanut"
2203,2012,3.5,"3- B,S,C","sandy, earthy, tangy wine"
2204,2012,3.75,"3- B,S,C","intense, rich burnt caramel"
2205,2012,3.5,"3- B,S,C","smoke,tobacco,black pepper"
2206,2012,3.5,"3- B,S,C","mild smoke, fruit, mild burnt"
2207,2013,3.75,"3- B,S,C","smoke, burnt caramel, citrus"
2208,2013,3.25,"3- B,S,C","creamy, smokey, some fruit"
2209,2013,2.75,"3- B,S,C","creamy, medicinal, mild fruit"
2210,2013,3.75,"3- B,S,C","creamy, brownie mix, roasty"
2211,2013,3.25,"3- B,S,C","grassy, dairy, mild fatty"
2212,2013,3.75,"3- B,S,C","nutty, chocolate ice cream"
2213,2013,4.0,"3- B,S,C","pronounced berry,mild smoke"
2214,2013,4.0,"3- B,S,C","delicate, nutty, cocoa, dairy"
2215,2013,4.0,"3- B,S,C","roasted nuts, burnt brownie"
2216,2013,3.25,"3- B,S,C","creamy, nutty, roasty"
2217,2013,4.0,"3- B,S,C","floral, berry, clove"
2218,2014,3.5,"3- B,S,C","basic chocolate, accessible"
2219,2014,3.75,"3- B,S,C","creamy, sour orange"
2220,2014,3.25,"3- B,S,C","spicy, woodsy"
2221,2014,3.5,"3- B,S,C","robust, nutty, brownie"
2222,2014,3.75,"3- B,S,C","creamy, smokey, rich cocoa"
2223,2014,3.25,"3- B,S,C","tart, mild sour"
2224,2015,3.5,"3- B,S,C","roasted nuts, dried fruit"
2225,2015,4.0,"3- B,S,C","balanced, nuts, strawberry"
2226,2016,3.5,"3- B,S,C","creamy, sweet, deep choco"
2227,2016,3.5,"3- B,S,C",robust dark tropical fruit
2228,2016,3.5,"3- B,S,C","creamy, diluted, mild choco"
2229,2016,3.75,"3- B,S,C",evolves black pepper to citrus
2230,2016,3.75,"3- B,S,C","banana, nutty"
2231,2016,4.0,"3- B,S,C","creamy, honey, blackberry"
2232,2016,3.25,"3- B,S,C","nutty, banana, harsh ending"
2233,2017,3.25,"3- B,S,C","creamy, roasty, woody"
2234,2017,4.0,"3- B,S,C","creamy, honey, marshmallow"
2235,2018,3.0,"3- B,S,C","sweet edge, lemon, muted"
2236,2018,4.0,"3- B,S,C","creamy, acidic, balanced"
2237,2018,4.0,"3- B,S,C","nutty, cocoa"
2238,2021,3.5,"3- B,S,C","red fruit, peanut butter, cocoa"
2239,2021,3.5,"3- B,S,C","spice, sour malt, woody"
2240,2021,3.25,"4- B,S,C,V","sweet, cocoa, candy like"
2241,2021,4.0,"3- B,S,C","cinamon, nutmeg, hot cocoa"
2242,2022,4.0,"3- B,S,C","creamy,choco strawberry,vanilla"
2243,2014,3.25,"2- B,S","earthy, dried fruit, complex"
2244,2014,3.5,"2- B,S","intense, tannic, choco, earthy"
2245,2017,3.25,"2- B,S","few grits, sweet, cocoa"
2246,2017,3.25,"2- B,S","dry, floral, earthy"
2247,2017,3.25,"2- B,S","sandy, smokey, fruit, sour"
2248,2017,3.5,"2- B,S","tart, sour, basic"
2249,2017,3.5,"2- B,S","dry, earthy, roasty"
2250,2017,3.5,"2- B,S","sticky, mild fruit, brownie"
2251,2012,3.0,"4- B,S,C,V","oily, floral, dairy"
2252,2012,3.0,"4- B,S,C,V","fatty, muted strawberry"
2253,2012,3.25,"4- B,S,C,V","oily, floral"
2254,2014,2.75,"3- B,S,C","bready, sour milk, fatty"
2255,2016,3.5,"3- B,S,C","spicy, chocolatey"
2256,2016,3.75,"3- B,S,C","floral, sandy"
2257,2016,3.75,"3- B,S,C","powdery, cherry, astringent"
2258,2017,2.75,"3- B,S,C","floral, earthy, burnt rubber"
2259,2017,3.5,"3- B,S,C","floral, astringent"
2260,2017,3.75,"3- B,S,C","sandy, robust, grapes, malt"
2261,2021,3.25,"2- B,S","strong roast, tart raspberry"
2262,2021,3.5,"2- B,S","plum, roasty undertone, sour"
2263,2021,3.5,"2- B,S","dairy, cocoa, well balanced"
2264,2013,3.0,"4- B,S,C,L","fatty, mild fruit, off note"
2265,2013,3.0,"3- B,S,L","unrefined, sweet, mild coffee"
2266,2013,2.25,"3- B,S,L","gritty,intense coffee, metallic"
2267,2022,3.25,"2- B,S","slow to develop, melon, earthy"
2268,2022,3.5,"2- B,S","honey, cocoa, graham"
2269,2022,3.5,"2- B,S","raisins, molasses, herbal tea"
2270,2015,3.0,"4- B,S*,C,V","coconut, mild vanilla"
2271,2015,3.0,"4- B,S*,C,V","coconut, cocoa, few grits"
2272,2015,3.0,"4- B,S*,C,V","dried fruit, coconut, few grits"
2273,2015,3.0,"4- B,S*,C,V","brownie, few grits, sandy"
2274,2015,3.0,"4- B,S*,C,V","red fruit, coconut"
2275,2011,3.25,"4- B,S,C,V","peanut butter,vanilla,artificial"
2276,2012,2.75,"4- B,S,C,V","creamy, vanilla, moldy"
2277,2014,3.5,"3- B,S,C","floral, hints of fruit"
2278,2014,3.5,"3- B,S,C","oily surface, floral, earthy"
2279,2017,2.5,"3- B,S,C","fatty, rubber, off notes"
2280,2012,2.5,"4- B,S,C,V","vanilla, sweet"
2281,2012,2.5,"4- B,S,C,V","dry, sweet, vanilla(n)"
2282,2012,2.75,"4- B,S,C,V","bland, earthy"
2283,2013,2.75,"2- B,S","molasses, sour, astringent"
2284,2013,3.25,"2- B,S","intense, rich, dark berry"
2285,2016,2.5,"5- B,S,C,V,L","sandy, sweet, vanilla"
2286,2016,3.0,"5- B,S,C,V,L","powdery, vanilla, earthy"
2287,2016,2.75,"3- B,S,C","sticy, nutty, roasty, off notes"
2288,2016,3.0,"3- B,S,C","sticky, sweet, nutty, roasty"
2289,2015,2.75,"2- B,S","ham, sour, intense"
2290,2019,2.75,"2- B,S","fruit, burnt, harsh"
2291,2021,3.0,"3- B,S,C","overly roasty, spicy"
2292,2021,3.0,"3- B,S,C","earthy, roasty, hammy"
2293,2021,3.5,"3- B,S,C","melon, mocha"
2294,2021,3.75,"3- B,S,C","herbal, tea, dried fruit"
2295,2018,3.25,"5- B,S,C,V,L","acidic, cocoa, dried fruit"
2296,2018,2.75,"3- B,S,C","fatty, sour, off notes"
2297,2018,3.0,"5- B,S,C,V,L","buttery, cheesy"
2298,2018,2.5,"5- B,S,C,V,L","pungent, molasses, sour"
2299,2018,3.0,"5- B,S,C,V,L","cardboard, cheesy"
2300,2020,3.25,"3- B,S,C","burnt black licorice, intense"
2301,2020,3.0,"3- B,S,C","dried fig, earthy, dirty"
2302,2020,3.25,"3- B,S,C","savory lemon, ham"
2303,2011,3.0,"3- B,S,C","rustic, sugar dominates"
2304,2012,3.25,"3- B,S,C","rustic, large unground pieces"
2305,2012,3.25,"3- B,S,C","rustic, bright fruit"
2306,2012,3.75,"3- B,S,C","sweet, spicy"
2307,2013,3.5,"3- B,S,C","light color, sandy, fruity"
2308,2013,3.5,"3- B,S,C","dark color, sandy, fruity"
2309,2013,3.25,"3- B,S,C","sour milk, hot cocoa"
2310,2014,3.5,"3- B,S,C","sandy, earthy, spice, nutty"
2311,2014,3.75,"3- B,S,C","sandy, banana"
2312,2015,3.25,"3- B,S,C","sweet, brownie, sour"
2313,2015,3.25,"3- B,S,C","rustic, spicy, earthy"
2314,2015,3.25,"3- B,S,C","sour orange, fatty"
2315,2015,3.75,"3- B,S,C","coarse, spicy cinnamon"
2316,2015,3.25,"3- B,S,C","smokey, mild citrus"
2317,2015,3.5,"3- B,S,C","rustic, earthy, tea"
2318,2013,2.75,"4- B,S,C,V","licorice, dried fruit, burnt fuel"
2319,2013,2.75,"4- B,S,C,V","oily, cardboard, sour"
2320,2013,2.5,"4- B,S,C,V","vanilla, fuel, earthy"
2321,2013,3.0,"4- B,S,C,V","vanilla, fatty, vegetal, mint"
2322,2015,3.0,"5- B,S,C,V,L","flat, smoke, marshmallow"
2323,2015,3.25,"5- B,S,C,V,L","creamy, smoke, ham"
2324,2015,3.25,"5- B,S,C,V,L","vanilla, butter, caramel"
2325,2015,2.75,"4- B,S,C,L","intense, grassy, smokey"
2326,2019,2.75,"3- B,S,C","cocoa,sweet,fatty, cardboard"
2327,2019,3.0,"3- B,S,C","intense cocoa, fatty, sticky"
2328,2016,3.25,"2- B,S","earthy, floral, dry"
2329,2019,3.0,"4- B,S,C,V","vanilla, fatty"
2330,2019,3.25,"3- B,S,C","blackberry, dirt, high roast"
2331,2019,4.0,"3- B,S,C",fig
2332,2015,3.0,"4- B,S,C,V","berry, spices, smoke"
2333,2019,3.0,"3- B,S,C","nutty, off, roasty, fatty"
2334,2019,3.25,"3- B,S,C","nutty, fruit, sour, floral"
2335,2021,2.75,"3- B,S,C","earthy, fatty, gritty"
2336,2007,3.0,"3- B,S,C","sandy, sour banana, sweet"
2337,2009,2.75,"3- B,S,C","rustic, sweet, earthy"
2338,2011,3.25,"3- B,S,C","grainy, blueberries, bitter"
2339,2014,3.0,"3- B,S,C","coarse, watering, sweet"
2340,2008,2.5,"5- B,S,C,V,L","gritty,sweet,swiss miss,vanilla"
2341,2008,2.5,"5- B,S,C,V,L","tangy, off, musty, sour"
2342,2008,2.75,"5- B,S,C,V,L","dry, red berry, off note"
2343,2008,2.5,"5- B,S,C,V,L","dry, musty, flat"
2344,2009,2.75,"5- B,S,C,V,L","tea, sweet, astringent"
2345,2009,3.0,"5- B,S,C,V,L","nutty, candy-like"
2346,2012,3.25,"3- B,S,C","spicy, ginger, bitter"
2347,2016,2.0,"5- B,S,C,V,L","strong vanilla, sweet, fatty"
2348,2012,2.75,"4- B,S,C,V","molasses, off notes"
2349,2012,3.0,"4- B,S,C,V","molasses, caramel, spice"
2350,2012,3.0,"4- B,S,C,V","molasses, caramel, fruity"
2351,2012,3.5,"4- B,S,C,V","molasses, caramel"
2352,2012,3.25,"4- B,S,C,V","gritty, rum, molasses"
2353,2012,2.0,"4- B,S,C,V","perfume, chemical, soapy"
2354,2012,3.25,"3- B,S,C","molasses, fruit, floral"
2355,2012,2.75,"3- B,S,C","candy,peanut butter,caramel"
2356,2012,3.0,"3- B,S,C","sticky, caramel"
2357,2012,3.25,"3- B,S,C","molasses, caramel"
2358,2012,2.75,"3- B,S,C","flat, cardboard, metallic"
2359,2012,3.0,"4- B,S,C,V","earthy, savory, hammy"
2360,2012,3.25,"3- B,S,C","green apple, sweet"
2361,2012,3.5,"3- B,S,C","honey, pepper, charcoal"
2362,2014,3.25,"2- B,S","intense, mild coffee and rum"
2363,2014,3.75,"2- B,S","sweet, rich, tannic, fruity"
2364,2014,3.75,"2- B,S","creamy, almond, butter"
2365,2015,2.75,"2- B,S","spicy, black pepper, intense"
2366,2015,3.75,"2- B,S","nutty, raspberry, metallic"
2367,2015,3.75,"2- B,S","bright fruit, mild sour"
2368,2015,3.25,"2- B,S","floral, earthy, bourbon"
2369,2015,3.5,"3- B,S,C","spicy, black pepper, bold"
2370,2015,3.75,"3- B,S,C","walnuts, cocoa, easy melt"
2371,2019,3.0,"3- B,S,C","berries, licorice, cocoa,bitter"
2372,2019,3.25,"3- B,S,C","muted, roasted banana"
2373,2019,2.75,"3- B,S,C","harsh, tobacco"
2374,2015,3.0,"3- B,S,C","sandy, sweet, raisins"
2375,2007,3.5,"3- B,S,C","sandy, sweet, blueberry"
2376,2007,2.5,"4- B,S,C,V","dry, gritty, hint of fruit, sour"
2377,2007,3.0,"4- B,S,C,V","dry, slightly tart, bitter"
2378,2007,2.0,"2- B,S","dry, very bland, mild bitter"
2379,2007,3.0,"3- B,S,C","sandy, sweet, fruity"
2380,2012,3.25,"4- B,S,C,V","sweet, vanilla, cocoa"
2381,2015,3.25,"2- B,S","peanut butter, sour milk"
2382,2019,3.5,"2- B,S","pure, bold, floral"
2383,2018,3.0,"3- B,S,L","floral, vegetal"
2384,2018,3.25,"3- B,S,L","spicy, marshmallow"
2385,2016,3.75,"3- B,S,C","bright fruit, cashew"
2386,2019,2.75,"2- B,S","bland, mild honey, sour"
2387,2020,3.25,"3- B,S,C","strong floral, oily, bold, grassy"
2388,2014,3.25,"2- B,S","waxy, mild fruit, floral"
2389,2012,4.0,"3- B,S,C","smooth, wild berries"
2390,2011,2.75,"3- B,S,C","peanut butter, soapy"
2391,2011,3.0,"3- B,S,C","pronounced fruit, sour"
2392,2012,3.0,"3- B,S,C","sandy, sweet"
2393,2018,3.0,"3- B,S,C","spicy, cocoa, sweet"
2394,2018,3.5,"3- B,S,C","honey, caramel"
2395,2018,2.75,"3- B,S,C","metallic, astringent"
2396,2019,2.75,"3- B,S,C","dull, chewy, sweet"
2397,2019,3.5,"2- B,S","nutty, floral"
2398,2014,3.0,"2- B,S","baked, roasty, coffee"
2399,2012,3.25,"3- B,S*,C","heavy roast, black licorice"
2400,2012,2.75,"3- B,S*,C","sandy, strawberry, coconut"
2401,2020,3.25,"2- B,S","high acidity, toffee, spicy"
2402,2020,3.25,"2- B,S","dominating roast, deep cocoa"
2403,2020,3.75,"2- B,S","bright fruit, heavy roast, smooth"
2404,2021,3.25,"2- B,S","sticky, butterscotch, sl. Hammy"
2405,2018,3.0,"3- B,S,C","powdery, complex, rubber"
2406,2018,3.5,"3- B,S,C","sweet, pungent grape, acidic"
2407,2020,3.0,"2- B,S","very sandy, spicey, sweet"
2408,2020,2.75,"2- B,S","tart, sweet, sour, savory"
2409,2020,2.75,"2- B,S","woody, sweet, unrefined"
2410,2011,3.5,"3- B,S,C","cocoa, mild fruit"
2411,2011,2.75,"2- B,S","roasty, woody, rubber off"
2412,2013,3.25,"2- B,S","roasty, sligt burnt, red fruit"
2413,2013,2.5,"2- B,S","roasty, bitter, caramel, dairy"
2414,2014,3.5,"2- B,S","intense, red berry"
2415,2015,2.75,"2- B,S","spicy, sour, off note"
2416,2015,3.5,"2- B,S","intense, floral"
2417,2017,3.25,"2- B,S","dry, floral, woody"
2418,2016,3.0,"3- B,S,C","coarse, sweet, lemon"
2419,2011,3.75,"3- B,S,C",spicy and rich
2420,2017,2.75,"2- B,S","dry, coarse, hay, off"
2421,2017,3.0,"2- B,S","dry, coarse, sweet, earthy"
2422,2017,3.25,"2- B,S","dry, coarse, sour"
2423,2014,2.75,"2- B,S","creamy, woody,green, rubber"
2424,2014,3.0,"2- B,S","tart, tangy, mild cocoa"
2425,2016,3.0,"2- B,S","sweet, acidic, tart"
2426,2016,3.25,"2- B,S","sandy, sweet, peach"
2427,2014,3.25,"4- B,S,C,V","intense, nutty, mild rubber"
2428,2017,3.75,"3- B,S,C","spice, melon, nutty"
2429,2018,3.75,"3- B,S,C",roasty cocoa
2430,2020,3.5,"3- B,S,C","roasted strawberry, bold"
2431,2006,3.0,"5- B,S,C,V,L","slight bitter, woody"
2432,2006,3.75,"5- B,S,C,V,L","subtle, smooth, earthy, long"
2433,2006,2.5,"5- B,S,C,V,L","nutty, vegetal, sweet"
2434,2006,3.0,"5- B,S,C,V,L","modest, creamy, cocoa"
2435,2006,3.5,"5- B,S,C,V,L","red berry, rich cocoa"
2436,2007,3.0,"5- B,S,C,V,L","creamy, rich, licorice"
2437,2007,3.75,"5- B,S,C,V,L","sandy, vegetal, cocoa"
2438,2007,4.0,"5- B,S,C,V,L","creamy, blueberry, raspberry"
2439,2007,1.5,"5- B,S,C,V,L","creamy, fatty, very bitter"
2440,2007,2.5,"5- B,S,C,V,L","berries, tart, bitter"
2441,2007,2.75,"5- B,S,C,V,L",nutty and bitter dominate
2442,2007,3.25,"5- B,S,C,V,L","creamy, cherry"
2443,2009,3.75,"5- B,S,C,V,L","cocoa dominates, woodsy"
2444,2009,3.75,"5- B,S,C,V,L","rich cocoa, hot spice"
2445,2009,3.5,"5- B,S,C,V,L","creamy, cocoa, bread"
2446,2011,3.25,"5- B,S,C,V,L","intense sweet, nut, orange"
2447,2011,4.0,"5- B,S,C,V,L","creamy, honey,peanut butter"
2448,2012,4.0,"5- B,S,C,V,L","green,unripened fruit,banana"
2449,2013,3.5,"5- B,S,C,V,L","yogurt, lemon, licorice"
2450,2013,3.5,"5- B,S,C,V,L","complex, herbs, fruit, dairy"
2451,2015,4.0,"5- B,S,C,V,L","intense, dark berry, grapes"
2452,2017,3.25,"3- B,S,C","intense, rich, sweet"
2453,2012,2.5,"3- B,S,C","sour vanila, heavy roast"
2454,2012,2.75,"3- B,S,C","oily, caramel ""rolo"", sweet"
2455,2009,2.75,"3- B,S,C","fatty, bland, very astringent"
2456,2009,2.75,"4- B,S,C,V","fatty, sour, spoiled"
2457,2009,2.75,"4- B,S,C,V","fatty, bitter, sour"
2458,2009,3.0,"3- B,S,C","oily, fatty, citrus"
2459,2009,3.0,"3- B,S,C","oily, nutty, fatty"
2460,2009,3.25,"3- B,S,C","sandy, mild citrus, sweet"
2461,2022,3.5,"3- B,S*,C","rich cocoa, fruit, bitter, molasses"
2462,2015,3.25,"2- B,S","peanut butter, coffee, mint"
2463,2015,3.25,"2- B,S","complex, nibs too soft"
2464,2018,2.75,"2- B,S","smokey, earthy, nutty"
2465,2018,3.0,"2- B,S","earthy, sour, intense"
2466,2018,3.25,"2- B,S","dark berry, roasty"
2467,2012,3.25,"3- B,S,C","sweet, fruity, heavy roast"
2468,2013,3.75,"3- B,S,C","mellow fruit, tart, mild bitter"
2469,2014,3.25,"3- B,S,C","intense, cocoa, spicy, fruit"
2470,2014,3.5,"3- B,S,C","spicy, roasty, acidic, dairy"
2471,2014,3.5,"3- B,S,C","spicy, nutmeg, brownie"
2472,2021,2.75,"2- B,S","earthy, harsh, acidic"
2473,2021,3.0,"2- B,S","roasty, berry notes"
2474,2021,3.5,"3- B,S,C","nutty, grassy, cocoa"
2475,2021,3.5,"2- B,S",floral & fruit
2476,2012,3.5,"4- B,S,C,L","spicy, dairy"
2477,2014,3.0,"3- B,S,C","sandy, sweet, nutty"
2478,2007,2.0,"3- B,S,C","bland, mild fruit, strong bitter"
2479,2007,2.0,"3- B,S,C","some fruit, strong bitter"
2480,2007,3.0,"3- B,S,C","cocoa,earthy,very astringent"
2481,2007,3.0,"3- B,S,C","sticky, cocoa, earthy"
2482,2015,2.75,"2- B,S","intense, tart, sour, raisin"
2483,2015,3.0,"2- B,S","mild metallic, brownie, earth"
2484,2015,3.0,"2- B,S","intense, mild bitter, roasty"
2485,2015,3.25,"2- B,S","chalky, peach, bland"
2486,2015,2.75,"2- B,S","creamy, cocoa, pungent"
2487,2016,2.5,"5- B,S,C,V,L","pungent, metallic"
2488,2016,2.5,"5- B,S,C,V,L","nutty, off notes"
2489,2016,3.0,"5- B,S,C,V,L","sweet, simple, cocoa"
2490,2018,2.5,"5- B,S,C,V,L","earthy, vanilla"
2491,2018,2.5,"5- B,S,C,V,L","vanilla, late cocoa notes"
2492,2016,3.5,"2- B,S*","dry, rich, roasty"
2493,2016,3.5,"2- B,S*","grapes, pungent"
2494,2017,3.0,"2- B,S","earthy, roasty"
2495,2018,3.0,"3- B,S,C","nuts, fruit, poor aftertaste"
2496,2018,3.0,"3- B,S,C","creamy, fruit, poor aftertaste"
2497,2021,3.75,"2- B,S","brownie, nutty, roasty"
2498,2021,3.75,"3- B,S,C","complex, mild tobacco, nut, fruit"
2499,2021,3.5,"3- B,S,C","nutty, roasted cherry, coffee"
2500,2021,3.5,"3- B,S,C","nutty, cocoa, yogurt"
2501,2022,4.0,"3- B,S,C","complex, hazelnut, dairy, fruit"
2502,2022,3.75,"3- B,S,C","smooth, toffee, nutty, cocoa"
2503,2022,3.75,"3- B,S,C","creamy, balanced, cocoa, fruity"
2504,2022,3.5,"3- B,S,C","hint of caramel, alcohol, vegetal"
2505,2011,2.5,"3- B,S,C","sticky, dry, vanilla dominates"
2506,2013,2.5,"3- B,S,C","light color, grit, metallic"
2507,2013,2.75,"3- B,S,C","slow develop, bitter, metallic"
2508,2013,3.25,"3- B,S,C","sandy, sweet, coffee"
2509,2013,2.75,"3- B,S,C","mild, metallic"
2510,2009,3.0,"3- B,S,C","sandy, rich, earthy"
2511,2009,3.25,"3- B,S,C","creamy, earthy, nutty"
2512,2010,3.0,"3- B,S,C","dry, mild fruit"
2513,2010,3.5,"3- B,S,C","dry, nutty, cocoa"
2514,2010,3.75,"3- B,S,C","smokey, fruity, sour"
2515,2013,2.25,"3- B,S,C","fruit, strong smoke, bitter"
2516,2014,3.0,"3- B,S,C","mild nutty and fruit, savory"
2517,2016,4.0,"3- B,S,C","rich cocoa, spicy, cinamon"
2518,2016,3.0,"3- B,S,C","nutty, rubber"
2519,2016,3.5,"3- B,S,C","nutty, fig, short length"
2520,2016,3.75,"3- B,S,C","strong malt, choco pudding"
2521,2019,3.5,"3- B,S,C","intense, creamy, nutty"
2522,2019,3.25,"3- B,S,C","flat, molasses, creamy"
2523,2021,3.5,"3- B,S,C","dairy, caramel, brownie, nutty"
2524,2011,4.0,"2- B,S","nutty, tart, coffee"
2525,2011,3.5,"2- B,S","brownie, fruit, fudge"
2526,2012,2.5,"2- B,S","mild fruit, chemical off"
2527,2012,3.0,"2- B,S","roasty, metallic, coffee"
2528,2012,3.25,"3- B,S,C",melon
2529,2013,3.25,"2- B,S","intense, bourbon"
2530,2013,3.5,"2- B,S","creamy, woody, mild metallic"
2531,2014,3.0,"2- B,S","sandy, intense, mild nutty"
2532,2021,3.0,"2- B,S","short, tart, fruit, sweet edge"
2533,2013,3.0,"5- B,S,C,L,Sa","salt noticeable, vanilla"
2534,2019,2.75,"4- B,S,C,L","overly sweet, dirty"
2535,2019,3.25,"4- B,S,C,L","nutty, basic cocoa"
2536,2019,3.0,"4- B,S,C,L","coarse, sweet, candy, licorice"
2537,2020,3.5,"2- B,S","burnt caramel, grapes"
2538,2020,3.25,"2- B,S","sandy, earthy, hint of tang"
2539,2020,3.5,"2- B,S","sandy, roasty, fig, late spiciness"
2540,2017,2.5,"2- B,S","spciy, cardamom, off flavor"
2541,2017,2.75,"2- B,S","sour milk, molasses, sweet"
2542,2021,3.25,"3- B,S,C","nutty, fruity, sweet"
2543,2021,3.5,"3- B,S,C","tart, cherry, cocoa, mild sour"
2544,2021,3.5,"3- B,S,C","sweet, rich, cocoa, fruity"
2545,2021,3.0,"3- B,S,C","sweet, tart, sour"
2546,2015,3.0,"3- B,S,C","heavy smoke, fruit, ham"
2547,2015,3.25,"3- B,S,C","nutty, earthy, hammy"
2548,2015,3.25,"3- B,S,C","sandy, mild sour, mild fruit"
2549,2015,3.25,"3- B,S,C","sandy, nutty, mocha"
2550,2015,3.5,"3- B,S,C","rich base cocoa, sweet"
2551,2015,3.0,"3- B,S,C","very sweet, heavy roast, nuts"
2552,2016,3.5,"3- B,S,C","sticky, mellow choco, dairy"
2553,2016,2.75,"3- B,S,C","sticky, off notes of rubber"
2554,2016,2.75,"3- B,S,C","sticky, strong bitter, spice"
2555,2016,3.0,"3- B,S,C","melon, mild tart, bitter, fatty"
2556,2016,3.5,"3- B,S,C","smoke, tart, burnt cocoa"
2557,2016,3.5,"2- B,S","tobacco, over roasted"
2558,2011,3.5,"4- B,S,C,L","oily, honey, light rum"
2559,2011,3.5,"4- B,S,C,L","toffee, caramel, butterscotch"
2560,2011,3.75,"4- B,S,C,L",intense prune and berry
2561,2016,3.75,"4- B,S,C,L","smokey, dried fruit, balanced"
2562,2016,3.25,"5- B,S,C,V,L","oily, sweet, choco, nutty"
2563,2018,3.0,"3- B,S,C",intense earthy
2564,2018,3.75,"3- B,S,C","large grits, sweet, dried fruit"
2565,2018,3.25,"3- B,S,C","sandy, basic cocoa"
2566,2018,3.0,"3- B,S*,C","fatty, herbal, earthy"
2567,2010,3.0,"4- B,S*,C,Sa","woody, butterscotch"
2568,2011,3.75,"4- B,S*,C,Sa","creamy, fatty, mild nutty"
2569,2011,3.0,"4- B,S*,C,Sa","dairy, salt, caramel"
2570,2011,3.5,"4- B,S*,C,Sa","creamy, masculine, earthy"
2571,2011,3.25,"4- B,S*,C,Sa","oily, subdued, caramel, salt"
2572,2012,3.5,"4- B,S*,C,Sa","oily, earthy, caramel, salty"
2573,2012,3.5,"4- B,S*,C,Sa","dairy, burnt caramel, coffee"
2574,2012,3.0,"4- B,S*,C,Sa","woody, toast, pepper"
2575,2012,3.5,"4- B,S*,C,Sa","butterscotch, pepper"
2576,2012,3.75,"4- B,S*,C,Sa","spice, caramel, toffee, salty"
2577,2012,3.0,"4- B,S*,C,Sa","creamy, nutty, bready"
2578,2012,3.0,"4- B,S*,C,Sa","hint of smoke, fruit"
2579,2012,3.25,"4- B,S*,C,Sa","smooth, intense blueberry"
2580,2012,3.75,"4- B,S*,C,Sa","strawberry, Cadbury egg"
2581,2012,3.25,"4- B,S*,C,Sa","creamy, caramel, salt, sweet"
2582,2012,3.5,"4- B,S*,C,Sa","smooth, spicy, floral"
2583,2014,2.75,"4- B,S*,C,Sa","waxy, cloying, vegetal"
2584,2017,3.75,"3- B,S,C","strong nutty, marshmallow"
2585,2018,3.0,"3- B,S,C","fatty, earthy, cocoa"
2586,2018,3.25,"3- B,S,C","fatty, mild nuts, mild fruit"
2587,2018,3.5,"3- B,S,C","muted, roasty, accessible"
